source_file,source_path,doi,year,authors,electrode_label,role,is_primary,mxene_formula,mxene_formula__unit,mxene_formula__conf,composition,composition__unit,composition__conf,synthesis_method,synthesis_method__unit,synthesis_method__conf,layer_no,layer_no__unit,layer_no__conf,interlayer_spacing,interlayer_spacing__unit,interlayer_spacing__conf,flake_size,flake_size__unit,flake_size__conf,porosity,porosity__unit,porosity__conf,pore_diameter,pore_diameter__unit,pore_diameter__conf,tortuosity,tortuosity__unit,tortuosity__conf,electrode_thickness,electrode_thickness__unit,electrode_thickness__conf,mass_loading,mass_loading__unit,mass_loading__conf,electrolyte,electrolyte__unit,electrolyte__conf,ssa,ssa__unit,ssa__conf,scan_rate,scan_rate__unit,scan_rate__conf,current_density,current_density__unit,current_density__conf,gravimetric_capacitance,gravimetric_capacitance__unit,gravimetric_capacitance__conf,volumetric_capacitance,volumetric_capacitance__unit,volumetric_capacitance__conf,areal_capacitance,areal_capacitance__unit,areal_capacitance__conf
1-s2.0-S0008622325000375-main.pdf,1-s2.0-S0008622325000375-main.pdf,10.1016/j.carbon.2025.120021,2025,Hailong Shen et al.,NS-Ti3C2Tx-P,primary,True,Ti3C2Tx,,stated,"N/S co-doped Ti3C2Tx (Ti, C, O, F, N, S)",,stated,LiF/HCl etching; photothermal-assisted thiourea N/S co-doping under high-pressure mercury lamp,,stated,few-layer,,derived,1.42,nm,stated,,,stated,,,stated,,,stated,,,stated,,,stated,1.69,mg cm−2,stated,2 M H2SO4,,derived,,,stated,2,mV s−1,stated,,,stated,424,F g−1,stated,1023,F cm−3,stated,,,stated
1-s2.0-S0008622325000375-main.pdf,1-s2.0-S0008622325000375-main.pdf,10.1016/j.carbon.2025.120021,2025,Hailong Shen et al.,NS-Ti3C2Tx-A,variant,False,Ti3C2Tx,,stated,N/S co-doped Ti3C2Tx,,stated,LiF/HCl etching; thiourea N/S co-doping by annealing at 300 °C for 3 h in Ar,,stated,few-layer,,derived,2.74,,stated,,,stated,,,stated,,,stated,,,stated,,,stated,2.12,mg cm−2,stated,2 M H2SO4,,derived,,,stated,2,mV s−1,stated,,,stated,358,F g−1,stated,949,F cm−3,stated,,,stated
1-s2.0-S0008622325000375-main.pdf,1-s2.0-S0008622325000375-main.pdf,10.1016/j.carbon.2025.120021,2025,Hailong Shen et al.,Ti3C2Tx,control,False,Ti3C2Tx,,stated,Ti3C2Tx,,stated,LiF/HCl etching,,stated,few-layer,,stated,1.15,nm,stated,,,stated,,,stated,,,stated,,,stated,,,stated,1.20,mg cm−2,stated,2 M H2SO4,,derived,,,stated,2,mV s−1,stated,,,stated,330,F g−1,stated,789,F cm−3,stated,,,stated
1-s2.0-S001346862101762X-main.pdf,1-s2.0-S001346862101762X-main.pdf,10.1016/j.electacta.2021.139476,2022,Liang Guo et al.,HF-etched Ti3C2Tx,control,False,Ti3C2Tx,,stated,"Ti3C2Tx with –F, –O and –OH surface terminations",,stated,"HF etching (30 wt% HF, 18 h at room temperature)",,stated,layered,,stated,approximately 0.96,nm,stated,,,stated,,,stated,,,stated,,,stated,,,stated,,,stated,1 M H2SO4 solution,,derived,,,stated,,,stated,1,A g−1,stated,60,F g−1,stated,,,stated,,,stated
1-s2.0-S001346862101762X-main.pdf,1-s2.0-S001346862101762X-main.pdf,10.1016/j.electacta.2021.139476,2022,Liang Guo et al.,M-Ti3C2Tx,variant,False,Ti3C2Tx,,stated,Ti3C2Tx with reduced –F and increased –O surface terminations,,stated,"Treatment in LiCl-KCl molten salt (1:1 mol, 450 °C, 12 h)",,stated,,,stated,0.97,nm,stated,,,stated,,,stated,,,stated,,,stated,,,stated,,,stated,1 M H2SO4 solution,,derived,,,stated,,,stated,,,uncertain,,,uncertain,,,stated,,,stated
1-s2.0-S001346862101762X-main.pdf,1-s2.0-S001346862101762X-main.pdf,10.1016/j.electacta.2021.139476,2022,Liang Guo et al.,KM-Ti3C2Tx,primary,True,Ti3C2Tx,,stated,Ti3C2Tx with potassium oxygenated complexes intercalated and –O-rich surface terminations,,stated,"Treatment in LiCl-KCl-K2CO3 molten salt (450 °C, 12 h)",,stated,,,stated,1.05–1.21,nm,stated,,,stated,,,stated,,,stated,,,stated,,,stated,,,stated,1 M H2SO4 solution,,derived,,,stated,,,stated,0.5,A g−1,stated,340,F g−1,stated,,,stated,,,stated
1-s2.0-S0013468622000433-main.pdf,1-s2.0-S0013468622000433-main.pdf,10.1016/j.electacta.2022.139871,2022,Luo et al.,MP0,control,False,Ti3C2Tx,,stated,Ti3C2Tx,,stated,LiF/HCl etching followed by delamination and vacuum filtration,,stated,multilayer,,stated,,,stated,,,stated,,,stated,1–3,nm,uncertain,,,stated,,,stated,,,stated,1 M H2SO4 aqueous solution,,derived,2.95,m2 g−1,stated,,,stated,,,stated,,,stated,,,stated,,,stated
1-s2.0-S0013468622000433-main.pdf,1-s2.0-S0013468622000433-main.pdf,10.1016/j.electacta.2022.139871,2022,Luo et al.,MP2,composite,False,Ti3C2Tx,,stated,Ti3C2Tx/PANI nanoﬁbers (10 mL MXene dispersion + 2 mL PANI dispersion),,stated,"LiF/HCl etching, PANI physical mixing, and vacuum filtration",,stated,multilayer,,stated,,,stated,,,stated,,,stated,,,stated,,,stated,,,stated,,,stated,1 M H2SO4 aqueous solution,,derived,,,stated,,,stated,,,stated,,,stated,,,stated,,,stated
1-s2.0-S0013468622000433-main.pdf,1-s2.0-S0013468622000433-main.pdf,10.1016/j.electacta.2022.139871,2022,Luo et al.,MP5,primary,True,Ti3C2Tx,,stated,Ti3C2Tx/PANI nanoﬁbers (10 mL MXene dispersion + 5 mL PANI dispersion),,stated,"LiF/HCl etching, PANI physical mixing, and vacuum filtration",,stated,multilayer,,stated,,,stated,,,stated,,,stated,5–20,nm,uncertain,,,stated,,,stated,,,stated,1 M H2SO4 aqueous solution,,derived,5.97,m2 g−1,uncertain,10,mV s−1,stated,,,stated,425.7,F g−1,stated,,,stated,,,stated
1-s2.0-S0013468622000433-main.pdf,1-s2.0-S0013468622000433-main.pdf,10.1016/j.electacta.2022.139871,2022,Luo et al.,MP8,composite,False,Ti3C2Tx,,stated,Ti3C2Tx/PANI nanoﬁbers (10 mL MXene dispersion + 8 mL PANI dispersion),,stated,"LiF/HCl etching, PANI physical mixing, and vacuum filtration",,stated,multilayer,,stated,,,stated,,,stated,,,stated,,,stated,,,stated,,,stated,,,stated,1 M H2SO4 aqueous solution,,derived,,,stated,,,stated,,,stated,,,stated,,,stated,,,stated
1-s2.0-S0144861722014242-main.pdf,1-s2.0-S0144861722014242-main.pdf,10.1016/j.carbpol.2022.120519,2023,Yuan et al.,MXene,control,False,Ti3C2Tx,,stated,Ti3C2Tx,,stated,LiF/HCl (MILD) etching,,stated,exfoliated,,stated,,,stated,,,stated,,,stated,,,stated,,,stated,,,stated,,,stated,1 M H2SO4,,derived,,,stated,,,stated,1,mA cm−2,stated,221,F g−1,stated,,,stated,630.2,mF cm−2,stated
1-s2.0-S0144861722014242-main.pdf,1-s2.0-S0144861722014242-main.pdf,10.1016/j.carbpol.2022.120519,2023,Yuan et al.,MXene/CNF,variant,False,Ti3C2Tx,,stated,Ti3C2Tx/CNF,,stated,LiF/HCl (MILD) etching and vacuum filtration,,derived,,,stated,,,stated,,,stated,,,stated,,,stated,,,stated,,,stated,,,stated,1 M H2SO4,,derived,,,stated,,,stated,1,mA cm−2,stated,122,F g−1,stated,,,stated,967,mF cm−2,stated
1-s2.0-S0144861722014242-main.pdf,1-s2.0-S0144861722014242-main.pdf,10.1016/j.carbpol.2022.120519,2023,Yuan et al.,MXene/CNF/PANI,primary,True,Ti3C2Tx,,stated,Ti3C2Tx/CNF/PANI (CNF:MXene:PANI = 1:4:4),,stated,"LiF/HCl (MILD) etching, in situ polymerization, and vacuum filtration",,stated,,,stated,,,stated,,,stated,,,stated,,,stated,,,stated,,,stated,,,stated,1 M H2SO4,,derived,,,stated,,,stated,1,mA cm−2,stated,356,F g−1,stated,,,stated,2935,mF cm−2,stated
1-s2.0-S0144861722014242-main.pdf,1-s2.0-S0144861722014242-main.pdf,10.1016/j.carbpol.2022.120519,2023,Yuan et al.,CNF/PANI,reference,False,,,stated,CNF/PANI (1:4),,uncertain,in situ polymerization,,stated,,,stated,,,stated,,,stated,,,stated,,,stated,,,stated,,,stated,,,stated,1 M H2SO4,,derived,,,stated,,,stated,,,stated,,,stated,,,stated,,,stated
1-s2.0-S0169433219330661-main.pdf,1-s2.0-S0169433219330661-main.pdf,10.1016/j.apsusc.2019.144250,2020,Fu et al.,Ti3C2Tx film,primary,True,Ti3C2Tx,,stated,"Ti3C2Tx (T = O, OH, F)",,stated,LiF/HCl etching followed by mechanical sonication and vacuum filtration,,stated,delaminated,,stated,12.54,Å,stated,200–1000,nm,stated,,,stated,,,stated,,,stated,4.6,μm,stated,,,uncertain,3 M H2SO4 + 0.3 M KI,,stated,,,stated,,,stated,1,A g−1,stated,166,F g−1,stated,601,F cm−3,stated,,,stated
1-s2.0-S0272884220315613-main.pdf,1-s2.0-S0272884220315613-main.pdf,10.1016/j.ceramint.2020.05.247,2020,Tianze Zhang et al.,Ti3C2Tx film,control,False,Ti3C2Tx,,stated,Ti3C2Tx film,,stated,"LiF/HCl selective etching of Ti3AlC2, followed by delamination and vacuum filtration",,stated,,,stated,,,stated,,,stated,,,stated,,,stated,,,stated,,,stated,1.35,mg cm−2,stated,1 M H2SO4,,stated,,,stated,2,mV s−1,stated,,,stated,234,F g−1,stated,,,stated,,,stated
1-s2.0-S0272884220315613-main.pdf,1-s2.0-S0272884220315613-main.pdf,10.1016/j.ceramint.2020.05.247,2020,Tianze Zhang et al.,N–Ti3C2Tx film,primary,True,Ti3C2Tx,,stated,N-doped Ti3C2Tx film (N–Ti3C2Tx); N 4.58 atomic %,,stated,"LiF/HCl selective etching of Ti3AlC2, followed by hydrazine-hydrate treatment at 75 °C for 15 h and vacuum filtration",,stated,orderly stacked layers,,stated,,,stated,,,stated,,,stated,,,stated,,,stated,approximately 5,μm,stated,1.35,mg cm−2,stated,1 M H2SO4,,stated,,,stated,2,mV s−1,stated,,,stated,340,F g−1,stated,,,stated,,,stated
1-s2.0-S0925838821027134-main.pdf,1-s2.0-S0925838821027134-main.pdf,10.1016/j.jallcom.2021.161304,2021,Lee et al.,pristine Ti3C2Tx,control,False,Ti3C2Tx,,stated,Ti3C2Tx,,stated,LiF/HCl (MILD) etching and exfoliation,,stated,,,stated,,,uncertain,,,stated,,,stated,,,stated,,,stated,,,stated,,,stated,1 M H2SO4,,derived,14,m2/g,stated,,,stated,,,stated,,,stated,,,stated,,,stated
1-s2.0-S0925838821027134-main.pdf,1-s2.0-S0925838821027134-main.pdf,10.1016/j.jallcom.2021.161304,2021,Lee et al.,C-MXene,variant,False,Ti3C2Tx,,stated,Ti3C2Tx,,stated,"LiF/HCl (MILD) etching, exfoliation, and H2SO4-induced flocculation",,stated,,,stated,,,uncertain,,,stated,,,stated,,,stated,,,stated,,,stated,,,stated,1 M H2SO4,,derived,,,stated,,,stated,,,stated,,,stated,,,stated,,,stated
1-s2.0-S0925838821027134-main.pdf,1-s2.0-S0925838821027134-main.pdf,10.1016/j.jallcom.2021.161304,2021,Lee et al.,OC-MXene,primary,True,Ti3C2Tx,,stated,oxidized-co-crumpled Ti3C2Tx,,stated,"LiF/HCl (MILD) etching, exfoliation, H2O2 partial oxidation, and H2SO4-induced flocculation",,stated,,,stated,,,uncertain,,,stated,,,stated,2–20,nm,stated,,,stated,,,stated,,,stated,1 M H2SO4,,derived,72,m2/g,stated,2,mV/s,stated,,,stated,307,F/g,stated,,,stated,,,stated
1-s2.0-S0925838821027134-main.pdf,1-s2.0-S0925838821027134-main.pdf,10.1016/j.jallcom.2021.161304,2021,Lee et al.,OO-MXene,variant,False,Ti3C2Tx,,stated,over-oxidized Ti3C2Tx (TiO2 particles and carbide agglomerates),,stated,"LiF/HCl (MILD) etching, exfoliation, excessive H2O2 oxidation, and H2SO4-induced flocculation",,stated,,,stated,,,stated,,,stated,,,stated,,,stated,,,stated,,,stated,,,stated,1 M H2SO4,,derived,178,m2/g,stated,2,mV/s,stated,,,stated,,,stated,,,stated,,,stated
1-s2.0-S0925838822030389-main.pdf,1-s2.0-S0925838822030389-main.pdf,10.1016/j.jallcom.2022.166647,2022,Guozhen Guan et al.,original Ti3C2Tx,control,False,Ti3C2Tx,,stated,Ti3C2Tx (-O/-OH/-F surface groups),,stated,"LiF/HCl etching of Ti3AlC2, delamination, and vacuum filtration",,derived,few-layer or single-layer,,stated,,,stated,500 nm to 1.5 µm,nm–µm,stated,,,stated,,,stated,,,stated,,,stated,,,stated,1 M H2SO4,,derived,,,stated,,,stated,,,stated,,,stated,,,stated,,,stated
1-s2.0-S0925838822030389-main.pdf,1-s2.0-S0925838822030389-main.pdf,10.1016/j.jallcom.2022.166647,2022,Guozhen Guan et al.,C-0.05,variant,False,Ti3C2Tx,,stated,porous Ti3C2Tx,,stated,"LiF/HCl-etched Ti3C2Tx; 0.05 M H2O2 oxidation for 40 min, followed by 3 M HCl etching and vacuum filtration",,stated,few-layer or single-layer,,derived,,,stated,,,stated,,,stated,,,uncertain,,,stated,,,stated,,,derived,1 M H2SO4,,derived,,,stated,,,stated,,,stated,,,stated,,,stated,,,stated
1-s2.0-S0925838822030389-main.pdf,1-s2.0-S0925838822030389-main.pdf,10.1016/j.jallcom.2022.166647,2022,Guozhen Guan et al.,C-0.1 (T-40),primary,True,Ti3C2Tx,,stated,porous Ti3C2Tx,,stated,"LiF/HCl-etched Ti3C2Tx; 0.1 M H2O2 oxidation for 40 min, followed by 3 M HCl etching and vacuum filtration",,stated,few-layer or single-layer,,derived,,,stated,,,stated,,,stated,3,nm,stated,,,stated,,,stated,,,derived,1 M H2SO4,,derived,48.3,m2/g,stated,,,stated,1,A/g,stated,385,F/g,stated,,,stated,,,stated
1-s2.0-S0925838822030389-main.pdf,1-s2.0-S0925838822030389-main.pdf,10.1016/j.jallcom.2022.166647,2022,Guozhen Guan et al.,C-0.15,variant,False,Ti3C2Tx,,stated,porous Ti3C2Tx,,stated,"LiF/HCl-etched Ti3C2Tx; 0.15 M H2O2 oxidation for 40 min, followed by 3 M HCl etching and vacuum filtration",,stated,few-layer or single-layer,,derived,,,stated,,,stated,,,stated,,,uncertain,,,stated,,,stated,,,derived,1 M H2SO4,,derived,,,stated,,,stated,,,stated,,,stated,,,stated,,,stated
1-s2.0-S0925838822030389-main.pdf,1-s2.0-S0925838822030389-main.pdf,10.1016/j.jallcom.2022.166647,2022,Guozhen Guan et al.,C-0.2,variant,False,Ti3C2Tx,,stated,porous Ti3C2Tx,,stated,"LiF/HCl-etched Ti3C2Tx; 0.2 M H2O2 oxidation for 40 min, followed by 3 M HCl etching and vacuum filtration",,stated,few-layer or single-layer,,derived,,,stated,,,stated,,,stated,,,uncertain,,,stated,,,stated,,,derived,1 M H2SO4,,derived,,,stated,,,stated,,,stated,,,stated,,,stated,,,stated
1-s2.0-S0925838822030389-main.pdf,1-s2.0-S0925838822030389-main.pdf,10.1016/j.jallcom.2022.166647,2022,Guozhen Guan et al.,T-20,variant,False,Ti3C2Tx,,stated,porous Ti3C2Tx,,stated,"LiF/HCl-etched Ti3C2Tx; 0.1 M H2O2 oxidation for 20 min, followed by 3 M HCl etching and vacuum filtration",,stated,few-layer or single-layer,,derived,,,stated,,,stated,,,stated,,,uncertain,,,stated,,,stated,,,derived,1 M H2SO4,,derived,42.5,m2/g,stated,,,stated,,,stated,,,stated,,,stated,,,stated
1-s2.0-S0925838822030389-main.pdf,1-s2.0-S0925838822030389-main.pdf,10.1016/j.jallcom.2022.166647,2022,Guozhen Guan et al.,T-30,variant,False,Ti3C2Tx,,stated,porous Ti3C2Tx,,stated,"LiF/HCl-etched Ti3C2Tx; 0.1 M H2O2 oxidation for 30 min, followed by 3 M HCl etching and vacuum filtration",,stated,few-layer or single-layer,,derived,,,stated,,,stated,,,stated,,,uncertain,,,stated,,,stated,,,derived,1 M H2SO4,,derived,46.3,m2/g,stated,,,stated,,,stated,,,stated,,,stated,,,stated
1-s2.0-S0925838822030389-main.pdf,1-s2.0-S0925838822030389-main.pdf,10.1016/j.jallcom.2022.166647,2022,Guozhen Guan et al.,T-60,variant,False,Ti3C2Tx,,stated,porous Ti3C2Tx,,stated,"LiF/HCl-etched Ti3C2Tx; 0.1 M H2O2 oxidation for 60 min, followed by 3 M HCl etching and vacuum filtration",,stated,few-layer or single-layer,,derived,,,stated,,,stated,,,stated,,,uncertain,,,stated,,,stated,,,derived,1 M H2SO4,,derived,77.7,m2/g,stated,,,stated,,,stated,,,stated,,,stated,,,stated
1-s2.0-S0925838822030389-main.pdf,1-s2.0-S0925838822030389-main.pdf,10.1016/j.jallcom.2022.166647,2022,Guozhen Guan et al.,T-80,variant,False,Ti3C2Tx,,stated,porous Ti3C2Tx,,stated,"LiF/HCl-etched Ti3C2Tx; 0.1 M H2O2 oxidation for 80 min, followed by 3 M HCl etching and vacuum filtration",,stated,few-layer or single-layer,,derived,,,stated,,,stated,,,stated,,,uncertain,,,stated,,,stated,,,derived,1 M H2SO4,,derived,79.8,m2/g,stated,,,stated,,,stated,,,stated,,,stated,,,stated
1-s2.0-S0925838823046583-main.pdf,1-s2.0-S0925838823046583-main.pdf,10.1016/j.jallcom.2023.173355,2024,Yangyang Luo et al.,pure Ti3C2,control,False,Ti3C2Tx,,stated,"Ti3C2Tx with -OH, -O and -F terminations",,stated,LiF/HCl etching followed by ultrasonication delamination,,stated,single/few-layer,,stated,1.26,nm,stated,,,stated,,,stated,,,stated,,,stated,,,stated,,,stated,3 M H2SO4,,derived,,,stated,2,mV s-1,stated,,,stated,489.3,F g-1,stated,2064.3,F cm-3,stated,,,stated
1-s2.0-S0925838823046583-main.pdf,1-s2.0-S0925838823046583-main.pdf,10.1016/j.jallcom.2023.173355,2024,Yangyang Luo et al.,0.5 N-Ti3C2,variant,False,N-Ti3C2,,stated,N-doped Ti3C2Tx,,stated,"LiF/HCl etching, delamination, then urea solvothermal treatment",,stated,single/few-layer,,derived,1.34,nm,stated,,,stated,,,stated,,,stated,,,stated,,,stated,,,stated,3 M H2SO4,,derived,,,stated,2,mV s-1,stated,,,stated,,,stated,2086.2,F cm-3,stated,,,stated
1-s2.0-S0925838823046583-main.pdf,1-s2.0-S0925838823046583-main.pdf,10.1016/j.jallcom.2023.173355,2024,Yangyang Luo et al.,1.5 N-Ti3C2,variant,False,N-Ti3C2,,stated,N-doped Ti3C2Tx,,stated,"LiF/HCl etching, delamination, then urea solvothermal treatment",,stated,single/few-layer,,derived,1.34,nm,stated,,,stated,,,stated,,,stated,,,stated,,,stated,,,stated,3 M H2SO4,,derived,,,stated,2,mV s-1,stated,,,stated,,,stated,1820.5,F cm-3,stated,,,stated
1-s2.0-S0925838823046583-main.pdf,1-s2.0-S0925838823046583-main.pdf,10.1016/j.jallcom.2023.173355,2024,Yangyang Luo et al.,2.0 N-Ti3C2,primary,True,N-Ti3C2,,stated,N-doped Ti3C2Tx,,stated,"LiF/HCl etching, delamination, then urea solvothermal treatment",,stated,single/few-layer,,derived,1.27,nm,stated,,,stated,,,stated,,,stated,,,stated,,,stated,,,stated,3 M H2SO4,,stated,,,stated,2,mV s-1,stated,,,stated,1609.5,F g-1,stated,2898.5,F cm-3,stated,,,stated
1-s2.0-S0925838823046583-main.pdf,1-s2.0-S0925838823046583-main.pdf,10.1016/j.jallcom.2023.173355,2024,Yangyang Luo et al.,3.0 N-Ti3C2,variant,False,N-Ti3C2,,stated,N-doped Ti3C2Tx,,stated,"LiF/HCl etching, delamination, then urea solvothermal treatment",,stated,single/few-layer,,derived,1.38,nm,stated,,,stated,,,stated,,,stated,,,stated,,,stated,,,stated,3 M H2SO4,,derived,,,stated,,,stated,,,stated,,,stated,,,stated,,,stated
1-s2.0-S1385894724087011-main.pdf,1-s2.0-S1385894724087011-main.pdf,10.1016/j.cej.2024.157210,2024,Wei Zheng et al.,TC,control,False,Ti3C2Tz,,stated,Ti3C2Tz,,stated,"HCl/HF etching, LiCl intercalation, and sonication",,stated,delaminated,,stated,,,stated,500–600,nm,stated,,,stated,,,stated,,,stated,,,stated,~1.7,mg cm−2,derived,3 M H2SO4,,derived,,,stated,,,stated,,,stated,,,stated,,,stated,,,stated
1-s2.0-S1385894724087011-main.pdf,1-s2.0-S1385894724087011-main.pdf,10.1016/j.cej.2024.157210,2024,Wei Zheng et al.,HTC,variant,False,Ti3C2Tz,,stated,Ti3C2Tz with TiOx nanoparticles,,stated,Hydrothermal treatment without urea,,stated,delaminated,,derived,,,stated,,,stated,,,stated,,,stated,,,stated,,,stated,~1.7,mg cm−2,derived,3 M H2SO4,,derived,,,stated,,,stated,,,stated,,,stated,,,stated,,,stated
1-s2.0-S1385894724087011-main.pdf,1-s2.0-S1385894724087011-main.pdf,10.1016/j.cej.2024.157210,2024,Wei Zheng et al.,PTC,variant,False,Ti3C2Tz,,stated,porous Ti3C2Tz with TiOx,,stated,Hydrothermal treatment without urea followed by 10% HF post-etching,,derived,delaminated,,derived,,,stated,,,stated,,,stated,~100,nm,stated,,,stated,,,stated,~1.7,mg cm−2,derived,3 M H2SO4,,derived,,,stated,,,stated,,,stated,,,stated,,,stated,,,stated
1-s2.0-S1385894724087011-main.pdf,1-s2.0-S1385894724087011-main.pdf,10.1016/j.cej.2024.157210,2024,Wei Zheng et al.,NTC,variant,False,Ti3C2Tz,,stated,nitrogen-doped Ti3C2Tz,,stated,Urea-assisted hydrothermal nitrogen doping,,stated,delaminated,,derived,,,stated,,,stated,,,stated,,,stated,,,stated,,,stated,~1.7,mg cm−2,derived,3 M H2SO4,,derived,,,stated,,,stated,,,stated,,,stated,,,stated,,,stated
1-s2.0-S1385894724087011-main.pdf,1-s2.0-S1385894724087011-main.pdf,10.1016/j.cej.2024.157210,2024,Wei Zheng et al.,PNTC,primary,True,Ti3C2Tz,,stated,porous nitrogen-doped Ti3C2Tz nanomesh with Ti-N-O/Ti-N-OH terminations,,stated,Urea-assisted hydrothermal nitrogen doping followed by 10% HF post-etching,,stated,delaminated,,derived,,,stated,,,stated,,,stated,~40,nm,stated,,,stated,,,stated,~1.7,mg cm−2,derived,3 M H2SO4,,derived,,,stated,,,stated,1,A g−1,stated,700,F g−1,stated,2023,F cm−3,stated,,,stated
1-s2.0-S1388248114002896-main.pdf,1-s2.0-S1388248114002896-main.pdf,10.1016/j.elecom.2014.09.002,2014,Dall'Agnese et al.,Ti3C2Tx,control,False,Ti3C2Tx,,stated,Ti3C2Tx (-F and -OH/=O terminations),,stated,Selective etching of Ti3AlC2 MAX phase,,stated,multilayer,,stated,,,stated,,,stated,,,stated,,,stated,,,stated,50–70,μm,derived,,,stated,1 M H2SO4,,derived,23,m2·g−1,stated,,,stated,,,stated,,,stated,,,stated,,,stated
1-s2.0-S1388248114002896-main.pdf,1-s2.0-S1388248114002896-main.pdf,10.1016/j.elecom.2014.09.002,2014,Dall'Agnese et al.,KOH–Ti3C2,variant,False,Ti3C2Tx,,stated,KOH–Ti3C2; Ti3C2Tx with oxygen-containing groups,,stated,KOH intercalation treatment,,stated,multilayer,,derived,,,stated,,,stated,,,stated,,,stated,,,stated,50–70,μm,derived,,,stated,1 M H2SO4,,derived,23,m2·g−1,derived,,,stated,5,A·g−1,stated,,,stated,215,F·cm−3,stated,,,stated
1-s2.0-S1388248114002896-main.pdf,1-s2.0-S1388248114002896-main.pdf,10.1016/j.elecom.2014.09.002,2014,Dall'Agnese et al.,KOAc–Ti3C2,variant,False,Ti3C2Tx,,stated,KOAc–Ti3C2; Ti3C2Tx with oxygen-containing groups,,stated,KOAc intercalation treatment,,stated,multilayer,,derived,,,stated,,,stated,,,stated,,,stated,,,stated,50–70,μm,derived,,,stated,1 M H2SO4,,derived,23,m2·g−1,derived,,,stated,,,stated,,,stated,,,stated,,,stated
1-s2.0-S1388248114002896-main.pdf,1-s2.0-S1388248114002896-main.pdf,10.1016/j.elecom.2014.09.002,2014,Dall'Agnese et al.,d-Ti3C2,primary,True,Ti3C2Tx,,stated,d-Ti3C2; delaminated Ti3C2Tx with oxygen-containing groups,,stated,DMSO intercalation and delamination,,stated,delaminated,,stated,,,stated,,,stated,,,stated,,,stated,,,stated,8,μm,stated,,,stated,1 M H2SO4,,derived,98,m2·g−1,stated,2,mV·s−1,stated,,,stated,325,F·g−1,stated,520,F·cm−3,stated,,,stated
1-s2.0-S2211285517303634-main.pdf,1-s2.0-S2211285517303634-main.pdf,10.1016/j.nanoen.2017.06.009,2017,Wen et al.,Ti3C2Tx,control,False,Ti3C2Tx,,stated,Ti3C2Tx (-OH and/or -F terminations),,stated,HF etching,,stated,multilayered,,stated,0.96,nm,stated,,,stated,,,stated,,,stated,,,stated,,,stated,3–4,mg cm−2,derived,1 M MgSO4,,stated,,,stated,1,mV s−1,stated,,,stated,52,F g−1,stated,,,stated,,,stated
1-s2.0-S2211285517303634-main.pdf,1-s2.0-S2211285517303634-main.pdf,10.1016/j.nanoen.2017.06.009,2017,Wen et al.,N-Ti3C2Tx-200 °C,primary,True,N-Ti3C2Tx,,stated,N-doped Ti3C2Tx,,stated,Post-etch ammonia annealing,,stated,multilayered,,stated,1.23,nm,stated,,,stated,,,stated,,,stated,,,stated,,,stated,3–4,mg cm−2,derived,1 M H2SO4,,stated,,,stated,1,mV s−1,stated,,,stated,192,F g−1,stated,,,stated,,,stated
1-s2.0-S2211285517303634-main.pdf,1-s2.0-S2211285517303634-main.pdf,10.1016/j.nanoen.2017.06.009,2017,Wen et al.,N-Ti3C2Tx-300 °C,variant,False,N-Ti3C2Tx,,stated,N-doped Ti3C2Tx,,stated,Post-etch ammonia annealing,,stated,multilayered,,stated,1.21,nm,stated,,,stated,,,stated,,,stated,,,stated,,,stated,3–4,mg cm−2,derived,1 M H2SO4,,stated,,,stated,1,mV s−1,stated,,,stated,45,F g−1,stated,,,stated,,,stated
1-s2.0-S2211285517303634-main.pdf,1-s2.0-S2211285517303634-main.pdf,10.1016/j.nanoen.2017.06.009,2017,Wen et al.,N-Ti3C2Tx-500 °C,variant,False,N-Ti3C2Tx,,stated,N-doped Ti3C2Tx,,stated,Post-etch ammonia annealing,,stated,multilayered,,stated,,,stated,,,stated,,,stated,,,stated,,,stated,,,stated,3–4,mg cm−2,derived,1 M H2SO4,,stated,,,stated,1,mV s−1,stated,,,stated,20,F g−1,stated,,,stated,,,stated
1-s2.0-S2211285517303634-main.pdf,1-s2.0-S2211285517303634-main.pdf,10.1016/j.nanoen.2017.06.009,2017,Wen et al.,N-Ti3C2Tx-700 °C,variant,False,N-Ti3C2Tx,,stated,N-doped Ti3C2Tx,,stated,Post-etch ammonia annealing,,stated,multilayered,,stated,,,stated,,,stated,,,stated,,,stated,,,stated,,,stated,3–4,mg cm−2,derived,1 M MgSO4,,stated,,,stated,1,mV s−1,stated,,,stated,13,F g−1,stated,,,stated,,,stated
1-s2.0-S2352940719303622-main.pdf,1-s2.0-S2352940719303622-main.pdf,10.1016/j.apmt.2019.06.013,2019,Zhang et al.,Ti3C2Tx-film,control,False,Ti3C2Tx,,stated,Ti3C2Tx,,stated,LiF/HCl etching; vacuum filtration and air drying; annealed under Ar at 673 K,,stated,monolayer,,derived,,,uncertain,,,stated,,,stated,,,stated,,,stated,about 12,μm,stated,,,stated,3 M H2SO4,,derived,8.2,m2 g−1,stated,1,mV s−1,stated,,,uncertain,278,F g−1,stated,1068,F cm−3,stated,,,stated
1-s2.0-S2352940719303622-main.pdf,1-s2.0-S2352940719303622-main.pdf,10.1016/j.apmt.2019.06.013,2019,Zhang et al.,3d-Ti3C2Tx-film,primary,True,Ti3C2Tx,,stated,Ti3C2Tx,,stated,LiF/HCl etching; vacuum filtration; liquid nitrogen rapid freezing; freeze drying; annealed under Ar at 673 K,,stated,monolayer,,derived,about 1.1,nm,stated,,,stated,,,stated,approximately 1–2,μm,stated,,,stated,74,μm,stated,,,stated,3 M H2SO4,,derived,45.1,m2 g−1,stated,1,mV s−1,stated,,,uncertain,378,F g−1,stated,1355,F cm−3,stated,,,stated
1-s2.0-S2352940719303622-main.pdf,1-s2.0-S2352940719303622-main.pdf,10.1016/j.apmt.2019.06.013,2019,Zhang et al.,aerogel,variant,False,Ti3C2Tx,,stated,Ti3C2Tx,,stated,LiF/HCl etching; liquid nitrogen rapid freezing; freeze drying; annealed under Ar at 673 K,,stated,monolayer,,derived,about 1.1,nm,stated,,,stated,,,stated,,,stated,,,stated,,,stated,,,stated,3 M H2SO4,,derived,177.6,m2 g−1,stated,1,mV s−1,stated,,,uncertain,414,F g−1,stated,1293,F cm−3,stated,,,stated
1-s2.0-S2369969821000785-main.pdf,1-s2.0-S2369969821000785-main.pdf,10.1016/j.jobab.2021.10.001,2022,Wei et al.,CPCM,reference,False,,,stated,chitosan-based porous carbon microsphere (CPCM),,stated,Hydrothermal chitosan carbon microspheres followed by KOH activation/carbonization at 800°C,,stated,,,stated,,,stated,,,stated,,,stated,,,stated,,,stated,,,stated,,,stated,1 mol/L H2SO4,,stated,2387,m2/g,stated,,,stated,,,stated,,,stated,,,stated,,,stated
1-s2.0-S2369969821000785-main.pdf,1-s2.0-S2369969821000785-main.pdf,10.1016/j.jobab.2021.10.001,2022,Wei et al.,CPCM/MXene,primary,True,Ti3C2Tx,,stated,"MXene-hybrid chitosan-based porous carbon microsphere (CPCM/MXene), HCS:Ti3C2Tx = 20:1",,stated,"LiF/HCl etching of Ti3AlC2, electrostatic HCS/MXene assembly, KOH activation/carbonization at 800°C",,stated,,,uncertain,,,stated,,,stated,,,stated,,,stated,,,stated,,,stated,,,stated,1 mol/L H2SO4,,stated,1649,m2/g,stated,,,stated,0.5,A/g,stated,362,F/g,stated,,,stated,,,stated
1-s2.0-S2405829723005251-main.pdf,1-s2.0-S2405829723005251-main.pdf,10.1016/j.ensm.2023.103148,2024,Spurling et al.,AMX-4D-200,variant,False,Ti3C2Tx,,stated,Ti3C2Tx,,stated,LiF/HCl minimally intensive layer delamination (MILD); sacrificial t-ZnO-template assembly,,stated,delaminated,,derived,5.3,Å,derived,micrometer-sized,,derived,,,stated,,,stated,,,stated,200,µm,stated,2.1,mg cm−2,stated,0.5 M H2SO4,,derived,,,stated,100,mV s−1,stated,,,stated,~280,F g−1,stated,,,stated,~1.4,F cm−2,stated
1-s2.0-S2405829723005251-main.pdf,1-s2.0-S2405829723005251-main.pdf,10.1016/j.ensm.2023.103148,2024,Spurling et al.,AMX-8D-2000,variant,False,Ti3C2Tx,,stated,Ti3C2Tx,,stated,LiF/HCl minimally intensive layer delamination (MILD); sacrificial t-ZnO-template assembly,,stated,delaminated,,derived,5.3,Å,derived,micrometer-sized,,derived,~99.8,%,stated,,,stated,,,stated,2000,µm,stated,3.2,mg cm−2,derived,0.5 M H2SO4,,derived,,,stated,,,stated,,,stated,,,stated,~5,F cm−3,stated,,,stated
1-s2.0-S2405829723005251-main.pdf,1-s2.0-S2405829723005251-main.pdf,10.1016/j.ensm.2023.103148,2024,Spurling et al.,AMX-8D-500,variant,False,Ti3C2Tx,,stated,Ti3C2Tx,,stated,LiF/HCl minimally intensive layer delamination (MILD); sacrificial t-ZnO-template assembly,,stated,delaminated,,derived,5.3,Å,derived,micrometer-sized,,derived,,,stated,,,stated,,,stated,500,µm,stated,3.2,mg cm−2,derived,0.5 M H2SO4,,derived,,,stated,,,stated,,,stated,,,stated,,,stated,,,stated
1-s2.0-S2405829723005251-main.pdf,1-s2.0-S2405829723005251-main.pdf,10.1016/j.ensm.2023.103148,2024,Spurling et al.,AMX-8D-200,variant,False,Ti3C2Tx,,stated,Ti3C2Tx,,stated,LiF/HCl minimally intensive layer delamination (MILD); sacrificial t-ZnO-template assembly,,stated,delaminated,,derived,5.3,Å,derived,micrometer-sized,,derived,,,stated,,,stated,,,stated,200,µm,stated,3.2,mg cm−2,stated,0.5 M H2SO4,,derived,,,stated,,,stated,,,stated,,,stated,,,stated,,,stated
1-s2.0-S2405829723005251-main.pdf,1-s2.0-S2405829723005251-main.pdf,10.1016/j.ensm.2023.103148,2024,Spurling et al.,AMX-8D-100,variant,False,Ti3C2Tx,,stated,Ti3C2Tx,,stated,LiF/HCl minimally intensive layer delamination (MILD); sacrificial t-ZnO-template assembly,,stated,delaminated,,derived,5.3,Å,derived,micrometer-sized,,derived,,,stated,,,stated,,,stated,100,µm,stated,3.2,mg cm−2,derived,0.5 M H2SO4,,derived,,,stated,,,stated,,,stated,,,stated,,,stated,,,stated
1-s2.0-S2405829723005251-main.pdf,1-s2.0-S2405829723005251-main.pdf,10.1016/j.ensm.2023.103148,2024,Spurling et al.,AMX-8D-50,variant,False,Ti3C2Tx,,stated,Ti3C2Tx,,stated,LiF/HCl minimally intensive layer delamination (MILD); sacrificial t-ZnO-template assembly,,stated,delaminated,,derived,5.3,Å,derived,micrometer-sized,,derived,,,stated,,,stated,,,stated,50,µm,stated,3.2,mg cm−2,derived,0.5 M H2SO4,,stated,,,stated,5,mV s−1,stated,,,stated,100,F g−1,stated,180,F cm−3,stated,,,stated
1-s2.0-S2405829723005251-main.pdf,1-s2.0-S2405829723005251-main.pdf,10.1016/j.ensm.2023.103148,2024,Spurling et al.,AMX-12D-200,variant,False,Ti3C2Tx,,stated,Ti3C2Tx,,stated,LiF/HCl minimally intensive layer delamination (MILD); sacrificial t-ZnO-template assembly,,stated,delaminated,,derived,5.3,Å,derived,micrometer-sized,,derived,,,stated,,,stated,,,stated,200,µm,stated,4.4,mg cm−2,stated,0.5 M H2SO4,,derived,,,stated,,,stated,,,stated,,,stated,,,stated,,,stated
1-s2.0-S2405829723005251-main.pdf,1-s2.0-S2405829723005251-main.pdf,10.1016/j.ensm.2023.103148,2024,Spurling et al.,AMX-16D-200,variant,False,Ti3C2Tx,,stated,Ti3C2Tx,,stated,LiF/HCl minimally intensive layer delamination (MILD); sacrificial t-ZnO-template assembly,,stated,delaminated,,derived,5.3,Å,derived,micrometer-sized,,derived,,,stated,,,stated,,,stated,200,µm,stated,5.8,mg cm−2,stated,0.5 M H2SO4,,derived,,,stated,,,stated,20,A g−1,stated,261,F g−1,stated,,,stated,,,stated
1-s2.0-S2405829723005251-main.pdf,1-s2.0-S2405829723005251-main.pdf,10.1016/j.ensm.2023.103148,2024,Spurling et al.,AMX-20D-200,primary,True,Ti3C2Tx,,stated,Ti3C2Tx,,stated,LiF/HCl minimally intensive layer delamination (MILD); sacrificial t-ZnO-template assembly,,stated,delaminated,,derived,5.3,Å,derived,micrometer-sized,,derived,,,stated,,,stated,,,stated,200,µm,stated,7.2,mg cm−2,stated,0.5 M H2SO4,,derived,,,stated,200,mV s−1,stated,,,stated,240,F g−1,uncertain,140,F cm−3,uncertain,~1.4,F cm−2,uncertain
10.1002@batt.201800014.pdf,10.1002@batt.201800014.pdf,10.1002/batt.201800014,2018,Navarro-Suárez et al.,d-Ti3C2Tx,control,False,Ti3C2Tx,,stated,d-Ti3C2Tx,,stated,"LiF/HCl etching of Ti3AlC2 at 35 °C for 24 h, followed by bath-sonication delamination",,stated,single- to few-layer,,stated,12.5,Å,stated,,,stated,,,stated,,,stated,,,stated,10.0,mm,stated,,,stated,1 M H2SO4,,derived,,,stated,,,stated,,,stated,,,stated,,,stated,,,stated
10.1002@batt.201800014.pdf,10.1002@batt.201800014.pdf,10.1002/batt.201800014,2018,Navarro-Suárez et al.,rGO : Ti3C2Tx (50 : 50),composite,False,Ti3C2Tx,,stated,NH2-rGO:Ti3C2Tx (50:50),,stated,"Shear mixing of NH2-rGO and d-Ti3C2Tx at 20000 rpm for 10 min, followed by vacuum filtration",,stated,,,stated,13.6,Å,uncertain,,,stated,,,stated,,,stated,,,stated,,,stated,,,stated,1 M H2SO4,,derived,,,stated,,,stated,,,stated,,,stated,,,stated,,,stated
10.1002@batt.201800014.pdf,10.1002@batt.201800014.pdf,10.1002/batt.201800014,2018,Navarro-Suárez et al.,rGO : Ti3C2Tx (20 : 80),composite,False,Ti3C2Tx,,stated,NH2-rGO:Ti3C2Tx (20:80),,stated,"Shear mixing of NH2-rGO and d-Ti3C2Tx at 20000 rpm for 10 min, followed by vacuum filtration",,stated,more rGO flakes than Ti3C2Tx flakes,,stated,13.6,Å,stated,,,stated,,,stated,,,stated,,,stated,10.0,mm,stated,,,stated,1 M H2SO4,,derived,,,stated,,,stated,,,stated,,,stated,,,stated,,,stated
10.1002@batt.201800014.pdf,10.1002@batt.201800014.pdf,10.1002/batt.201800014,2018,Navarro-Suárez et al.,rGO : Ti3C2Tx (10 : 90),composite,False,Ti3C2Tx,,stated,NH2-rGO:Ti3C2Tx (10:90),,stated,"Shear mixing of NH2-rGO and d-Ti3C2Tx at 20000 rpm for 10 min, followed by vacuum filtration",,stated,approximately 1 layer of rGO for every 1–2 layers of Ti3C2Tx,,stated,13.6,Å,stated,,,stated,,,stated,,,stated,,,stated,9.9,mm,stated,,,stated,1 M H2SO4,,derived,,,stated,,,stated,,,stated,,,stated,,,stated,,,stated
10.1002@batt.201800014.pdf,10.1002@batt.201800014.pdf,10.1002/batt.201800014,2018,Navarro-Suárez et al.,rGO : Ti3C2Tx (5 : 95),composite,False,Ti3C2Tx,,stated,NH2-rGO:Ti3C2Tx (5:95),,stated,"Shear mixing of NH2-rGO and d-Ti3C2Tx at 20000 rpm for 10 min, followed by vacuum filtration",,stated,3–4 layers of Ti3C2Tx between each layer of rGO,,stated,13.6,Å,stated,,,stated,,,stated,,,stated,,,stated,10.2,mm,stated,,,stated,1 M H2SO4,,derived,,,stated,2,mV s−1,stated,,,stated,254,F g−1,stated,,,stated,,,stated
10.1002@batt.201800014.pdf,10.1002@batt.201800014.pdf,10.1002/batt.201800014,2018,Navarro-Suárez et al.,rGO : Ti3C2Tx (1 : 99),primary,True,Ti3C2Tx,,stated,NH2-rGO:Ti3C2Tx (1:99),,stated,"Shear mixing of NH2-rGO and d-Ti3C2Tx at 20000 rpm for 10 min, followed by vacuum filtration",,stated,approximately 1 layer of rGO for every 18–19 layers of Ti3C2Tx,,stated,13.6,Å,stated,,,stated,,,stated,,,stated,,,stated,9.8,mm,stated,,,stated,1 M H2SO4,,derived,,,stated,2,mV s−1,stated,,,stated,256,F g−1,stated,,,stated,,,stated
1399231.pdf,1399231.pdf,10.1002/adma.201701264,2016,Yan et al.,MXene,control,False,Ti3C2Tx,,stated,Ti3C2Tx,,stated,LiF/HCl etching followed by sonication delamination,,derived,delaminated,,derived,1.31,nm,stated,,,uncertain,,,uncertain,,,uncertain,,,uncertain,,,uncertain,,,uncertain,3 M H2SO4 aqueous electrolyte,,derived,19.6,m2 g-1,stated,2,mV s-1,stated,,,uncertain,330.2,F g-1,stated,1221.6,F cm-3,stated,,,uncertain
1399231.pdf,1399231.pdf,10.1002/adma.201701264,2016,Yan et al.,M/G-1%,composite,False,Ti3C2Tx,,stated,99 wt.% Ti3C2Tx / 1 wt.% rGO (G-PDDA),wt. %,stated,"LiF/HCl etching, sonication delamination, and electrostatic self-assembly with G-PDDA",,derived,MXene:rGO = 18.2:1,,stated,1.46,nm,stated,,,uncertain,,,uncertain,,,uncertain,,,uncertain,,,uncertain,,,uncertain,3 M H2SO4 aqueous electrolyte,,derived,,,uncertain,2,mV s-1,stated,,,uncertain,308.0,F g-1,stated,,,uncertain,,,uncertain
1399231.pdf,1399231.pdf,10.1002/adma.201701264,2016,Yan et al.,M/G-5%,primary,True,Ti3C2Tx,,stated,95 wt.% Ti3C2Tx / 5 wt.% rGO (G-PDDA),wt. %,stated,"LiF/HCl etching, sonication delamination, and electrostatic self-assembly with G-PDDA",,derived,MXene:rGO = 3.5:1,,stated,1.51,nm,stated,,,uncertain,,,uncertain,,,uncertain,,,uncertain,,,uncertain,,,uncertain,3 M H2SO4 aqueous electrolyte,,derived,68.1,m2 g-1,stated,2,mV s-1,stated,,,uncertain,335.4,F g-1,stated,1040,F cm-3,stated,,,uncertain
1399231.pdf,1399231.pdf,10.1002/adma.201701264,2016,Yan et al.,M/G-10%,composite,False,Ti3C2Tx,,stated,90 wt.% Ti3C2Tx / 10 wt.% rGO (G-PDDA),wt. %,stated,"LiF/HCl etching, sonication delamination, and electrostatic self-assembly with G-PDDA",,derived,MXene:rGO = 1.7:1,,stated,1.67,nm,stated,,,uncertain,,,uncertain,,,uncertain,,,uncertain,,,uncertain,,,uncertain,3 M H2SO4 aqueous electrolyte,,derived,,,uncertain,2,mV s-1,stated,,,uncertain,329.9,F g-1,stated,,,uncertain,,,uncertain
201807260933092014.pdf,201807260933092014.pdf,10.1002/aelm.201800179,2018,Huang et al.,Ti3C2Tx film (1.0 ± 0.1 µm),variant,False,Ti3C2Tx,,stated,"Ti3C2Tx (T = H, O, F)",,stated,"LiF/HCl chemical etching followed by sonication, centrifugation, and vacuum-assisted filtration",,derived,two-layer,,derived,2.04,nm,derived,several,µm,derived,,,stated,,,stated,,,stated,1.0 ± 0.1,µm,stated,,,stated,PVA/H2SO4 gel electrolyte,,derived,,,stated,,,stated,,,uncertain,,,stated,,,uncertain,,,uncertain
201807260933092014.pdf,201807260933092014.pdf,10.1002/aelm.201800179,2018,Huang et al.,Ti3C2Tx film (4.0 ± 0.1 µm),variant,False,Ti3C2Tx,,stated,"Ti3C2Tx (T = H, O, F)",,stated,"LiF/HCl chemical etching followed by sonication, centrifugation, and vacuum-assisted filtration",,derived,two-layer,,derived,2.04,nm,derived,several,µm,derived,,,stated,,,stated,,,stated,4.0 ± 0.1,µm,stated,,,stated,PVA/H2SO4 gel electrolyte,,derived,,,stated,,,stated,,,uncertain,,,stated,183,F cm−3,stated,73,mF cm−2,stated
201807260933092014.pdf,201807260933092014.pdf,10.1002/aelm.201800179,2018,Huang et al.,Ti3C2Tx film (11.0 ± 0.1 µm),variant,False,Ti3C2Tx,,stated,"Ti3C2Tx (T = H, O, F)",,stated,"LiF/HCl chemical etching followed by sonication, centrifugation, and vacuum-assisted filtration",,derived,two-layer,,derived,2.04,nm,derived,several,µm,derived,,,stated,,,stated,,,stated,11.0 ± 0.1,µm,stated,,,stated,PVA/H2SO4 gel electrolyte,,derived,,,stated,,,stated,0.25,mA cm−2,stated,,,stated,122,F cm−3,stated,134,mF cm−2,stated
201807260933092014.pdf,201807260933092014.pdf,10.1002/aelm.201800179,2018,Huang et al.,Ti3C2Tx film (21.0 ± 0.1 µm),primary,True,Ti3C2Tx,,stated,"Ti3C2Tx (T = H, O, F)",,stated,"LiF/HCl chemical etching followed by sonication, centrifugation, and vacuum-assisted filtration",,derived,two-layer,,derived,2.04,nm,derived,several,µm,derived,,,stated,,,stated,,,stated,21.0 ± 0.1,µm,stated,,,stated,PVA/H2SO4 gel electrolyte,,derived,,,stated,,,stated,0.25,mA cm−2,stated,,,stated,162,F cm−3,stated,340,mF cm−2,stated
acsnano.9b10066.pdf,acsnano.9b10066.pdf,10.1021/acsnano.9b10066,2020,Zhou et al.,pure Ti3C2Tx MXene electrode,control,False,Ti3C2Tx,,stated,Ti3C2Tx,,stated,"LiF/HCl etching of Ti3AlC2, followed by sonication and centrifugation delamination",,derived,single- or double-layer flakes,,derived,,,uncertain,0.116±0.047,µm,derived,,,uncertain,,,uncertain,,,uncertain,~0.6,µm,stated,,,uncertain,1 M H2SO4,,derived,,,uncertain,,,uncertain,1,A/g,stated,,,uncertain,464,F/cm3,stated,49,mF/cm2,stated
acsnano.9b10066.pdf,acsnano.9b10066.pdf,10.1021/acsnano.9b10066,2020,Zhou et al.,MXene/RGO composite film (25 wt% RGO),composite,False,Ti3C2Tx,,stated,"Ti3C2Tx/RGO, 25 wt% RGO",,stated,LiF/HCl-etched Ti3C2Tx mixed with hydrazine-reduced graphene oxide; vacuum-assisted filtration,,derived,single- or double-layer flakes,,derived,,,uncertain,0.116±0.047,µm,derived,,,uncertain,,,uncertain,,,uncertain,,,uncertain,,,uncertain,,,uncertain,,,uncertain,,,uncertain,,,uncertain,,,uncertain,,,uncertain,,,uncertain
acsnano.9b10066.pdf,acsnano.9b10066.pdf,10.1021/acsnano.9b10066,2020,Zhou et al.,Ti3C2Tx MXene/RGO composite electrode (50 wt% RGO),primary,True,Ti3C2Tx,,stated,"Ti3C2Tx/RGO, 50 wt% RGO (1:1 weight ratio)",,stated,LiF/HCl-etched Ti3C2Tx mixed with hydrazine-reduced graphene oxide; vacuum-assisted filtration and dry transfer,,stated,single- or double-layer MXene flakes,,stated,,,uncertain,MXene: 0.116±0.047; RGO: 1.74±0.68,µm,stated,,,uncertain,,,uncertain,,,uncertain,~1,µm,stated,,,uncertain,1 M H2SO4,,stated,,,uncertain,,,uncertain,1,A/g,stated,~140,F/g,stated,~490,F/cm3,stated,49,mF/cm2,stated
acsnano.9b10066.pdf,acsnano.9b10066.pdf,10.1021/acsnano.9b10066,2020,Zhou et al.,MXene/RGO composite film (75 wt% RGO),composite,False,Ti3C2Tx,,stated,"Ti3C2Tx/RGO, 75 wt% RGO",,stated,LiF/HCl-etched Ti3C2Tx mixed with hydrazine-reduced graphene oxide; vacuum-assisted filtration,,derived,single- or double-layer flakes,,derived,,,uncertain,MXene: 0.116±0.047; RGO: 1.74±0.68,µm,derived,,,uncertain,,,uncertain,,,uncertain,,,uncertain,,,uncertain,,,uncertain,,,uncertain,,,uncertain,,,uncertain,,,uncertain,,,uncertain,,,uncertain
acsnano.9b10066.pdf,acsnano.9b10066.pdf,10.1021/acsnano.9b10066,2020,Zhou et al.,pure RGO thin film electrode,reference,False,,,stated,Reduced graphene oxide (RGO),,stated,Hydrazine reduction of graphene oxide; vacuum-assisted filtration,,stated,,,uncertain,,,uncertain,1.74±0.68,µm,stated,,,uncertain,,,uncertain,,,uncertain,,,uncertain,,,uncertain,1 M H2SO4,,derived,,,uncertain,,,uncertain,1,A/g,stated,,,uncertain,216,F/cm3,stated,,,uncertain
Advanced Materials - 2019 - Tian - Multifunctional Nanocomposites with High Strength and Capacitance Using 2D MXene and 1D.pdf,Advanced Materials - 2019 - Tian - Multifunctional Nanocomposites with High Strength and Capacitance Using 2D MXene and 1D.pdf,10.1002/adma.201902977,2019,Tian et al.,MXene Ti3C2Tx,control,False,Ti3C2Tx,,stated,"Ti3C2Tx (surface terminations −O, −OH, and −F)",,stated,aqueous delamination,,stated,delaminated,,stated,12.80,Å,stated,several hundred,nm,derived,,,uncertain,,,uncertain,,,uncertain,,,uncertain,,,uncertain,3 m sulfuric acid,,derived,,,uncertain,5,mV s−1,stated,,,uncertain,348,F g−1,stated,,,uncertain,28.6,mF cm−2,stated
Advanced Materials - 2019 - Tian - Multifunctional Nanocomposites with High Strength and Capacitance Using 2D MXene and 1D.pdf,Advanced Materials - 2019 - Tian - Multifunctional Nanocomposites with High Strength and Capacitance Using 2D MXene and 1D.pdf,10.1002/adma.201902977,2019,Tian et al.,Ti3C2Tx–5% CNF,composite,False,Ti3C2Tx,,stated,"Ti3C2Tx (surface terminations −O, −OH, and −F)/carboxymethylated CNF, 5% CNF",,stated,aqueous mixing and vacuum filtration,,stated,delaminated,,derived,14.38,Å,stated,several hundred,nm,derived,,,uncertain,,,uncertain,,,uncertain,,,uncertain,,,uncertain,3 m sulfuric acid,,derived,,,uncertain,2,mV s−1,stated,,,uncertain,369,F g−1,stated,,,uncertain,25.3,mF cm−2,stated
Advanced Materials - 2019 - Tian - Multifunctional Nanocomposites with High Strength and Capacitance Using 2D MXene and 1D.pdf,Advanced Materials - 2019 - Tian - Multifunctional Nanocomposites with High Strength and Capacitance Using 2D MXene and 1D.pdf,10.1002/adma.201902977,2019,Tian et al.,Ti3C2Tx–10% CNF,primary,True,Ti3C2Tx,,stated,"Ti3C2Tx (surface terminations −O, −OH, and −F)/carboxymethylated CNF, 10% CNF",,stated,aqueous mixing and vacuum filtration,,stated,delaminated,,derived,14.74,Å,stated,several hundred,nm,derived,,,uncertain,,,uncertain,,,uncertain,around 1.7,µm,stated,,,uncertain,3 m sulfuric acid,,derived,,,uncertain,2,mV s−1,stated,,,uncertain,324,F g−1,stated,,,uncertain,,,uncertain
Advanced Materials - 2019 - Tian - Multifunctional Nanocomposites with High Strength and Capacitance Using 2D MXene and 1D.pdf,Advanced Materials - 2019 - Tian - Multifunctional Nanocomposites with High Strength and Capacitance Using 2D MXene and 1D.pdf,10.1002/adma.201902977,2019,Tian et al.,Ti3C2Tx–20% CNF,composite,False,Ti3C2Tx,,stated,"Ti3C2Tx (surface terminations −O, −OH, and −F)/carboxymethylated CNF, 20% CNF",,stated,aqueous mixing and vacuum filtration,,stated,delaminated,,derived,15.23,Å,stated,several hundred,nm,derived,,,uncertain,,,uncertain,,,uncertain,,,uncertain,,,uncertain,3 m sulfuric acid,,derived,,,uncertain,2,mV s−1,stated,,,uncertain,298,F g−1,stated,,,uncertain,,,uncertain
Advanced Materials - 2019 - Tian - Multifunctional Nanocomposites with High Strength and Capacitance Using 2D MXene and 1D.pdf,Advanced Materials - 2019 - Tian - Multifunctional Nanocomposites with High Strength and Capacitance Using 2D MXene and 1D.pdf,10.1002/adma.201902977,2019,Tian et al.,Ti3C2Tx–40% CNF,composite,False,Ti3C2Tx,,stated,"Ti3C2Tx (surface terminations −O, −OH, and −F)/carboxymethylated CNF, 40% CNF",,stated,aqueous mixing and vacuum filtration,,stated,delaminated,,derived,16.73,Å,stated,several hundred,nm,derived,,,uncertain,,,uncertain,,,uncertain,,,uncertain,,,uncertain,3 m sulfuric acid,,derived,,,uncertain,,,uncertain,,,uncertain,,,uncertain,,,uncertain,,,uncertain
Advanced Materials - 2019 - Tian - Multifunctional Nanocomposites with High Strength and Capacitance Using 2D MXene and 1D.pdf,Advanced Materials - 2019 - Tian - Multifunctional Nanocomposites with High Strength and Capacitance Using 2D MXene and 1D.pdf,10.1002/adma.201902977,2019,Tian et al.,Ti3C2Tx–60% CNF,composite,False,Ti3C2Tx,,stated,"Ti3C2Tx (surface terminations −O, −OH, and −F)/carboxymethylated CNF, 60% CNF",,stated,aqueous mixing and vacuum filtration,,stated,delaminated,,derived,,,uncertain,several hundred,nm,derived,,,uncertain,,,uncertain,,,uncertain,,,uncertain,,,uncertain,,,uncertain,,,uncertain,,,uncertain,,,uncertain,,,uncertain,,,uncertain,,,uncertain
Advanced Materials - 2019 - Tian - Multifunctional Nanocomposites with High Strength and Capacitance Using 2D MXene and 1D.pdf,Advanced Materials - 2019 - Tian - Multifunctional Nanocomposites with High Strength and Capacitance Using 2D MXene and 1D.pdf,10.1002/adma.201902977,2019,Tian et al.,Ti3C2Tx–80% CNF,composite,False,Ti3C2Tx,,stated,"Ti3C2Tx (surface terminations −O, −OH, and −F)/carboxymethylated CNF, 80% CNF",,stated,aqueous mixing and vacuum filtration,,stated,delaminated,,derived,,,uncertain,several hundred,nm,derived,,,uncertain,,,uncertain,,,uncertain,,,uncertain,,,uncertain,,,uncertain,,,uncertain,,,uncertain,,,uncertain,,,uncertain,,,uncertain,,,uncertain
Advanced Materials - 2019 - Tian - Multifunctional Nanocomposites with High Strength and Capacitance Using 2D MXene and 1D.pdf,Advanced Materials - 2019 - Tian - Multifunctional Nanocomposites with High Strength and Capacitance Using 2D MXene and 1D.pdf,10.1002/adma.201902977,2019,Tian et al.,Ti3C2Tx–5% CNF after vacuum pressing,variant,False,Ti3C2Tx,,stated,"Ti3C2Tx (surface terminations −O, −OH, and −F)/carboxymethylated CNF, 5% CNF",,stated,"aqueous mixing, vacuum filtration, and vacuum pressing",,stated,delaminated,,derived,,,uncertain,several hundred,nm,derived,,,uncertain,,,uncertain,,,uncertain,,,uncertain,,,uncertain,3 m sulfuric acid,,derived,,,uncertain,,,uncertain,,,uncertain,,,uncertain,,,uncertain,,,uncertain
Advanced Materials - 2019 - Tian - Multifunctional Nanocomposites with High Strength and Capacitance Using 2D MXene and 1D.pdf,Advanced Materials - 2019 - Tian - Multifunctional Nanocomposites with High Strength and Capacitance Using 2D MXene and 1D.pdf,10.1002/adma.201902977,2019,Tian et al.,Ti3C2Tx–10% CNF after vacuum pressing,variant,False,Ti3C2Tx,,stated,"Ti3C2Tx (surface terminations −O, −OH, and −F)/carboxymethylated CNF, 10% CNF",,stated,"aqueous mixing, vacuum filtration, and vacuum pressing",,stated,delaminated,,derived,,,uncertain,several hundred,nm,derived,,,uncertain,,,uncertain,,,uncertain,,,uncertain,,,uncertain,3 m sulfuric acid,,derived,,,uncertain,,,uncertain,,,uncertain,,,uncertain,,,uncertain,,,uncertain
Advanced Materials - 2019 - Tian - Multifunctional Nanocomposites with High Strength and Capacitance Using 2D MXene and 1D.pdf,Advanced Materials - 2019 - Tian - Multifunctional Nanocomposites with High Strength and Capacitance Using 2D MXene and 1D.pdf,10.1002/adma.201902977,2019,Tian et al.,Ti3C2Tx–20% CNF after vacuum pressing,variant,False,Ti3C2Tx,,stated,"Ti3C2Tx (surface terminations −O, −OH, and −F)/carboxymethylated CNF, 20% CNF",,stated,"aqueous mixing, vacuum filtration, and vacuum pressing",,stated,delaminated,,derived,,,uncertain,several hundred,nm,derived,,,uncertain,,,uncertain,,,uncertain,,,uncertain,,,uncertain,3 m sulfuric acid,,derived,,,uncertain,,,uncertain,,,uncertain,,,uncertain,,,uncertain,,,uncertain
Advanced Materials - 2019 - Tian - Multifunctional Nanocomposites with High Strength and Capacitance Using 2D MXene and 1D.pdf,Advanced Materials - 2019 - Tian - Multifunctional Nanocomposites with High Strength and Capacitance Using 2D MXene and 1D.pdf,10.1002/adma.201902977,2019,Tian et al.,Ti3C2Tx–40% CNF after vacuum pressing,variant,False,Ti3C2Tx,,stated,"Ti3C2Tx (surface terminations −O, −OH, and −F)/carboxymethylated CNF, 40% CNF",,stated,"aqueous mixing, vacuum filtration, and vacuum pressing",,stated,delaminated,,derived,,,uncertain,several hundred,nm,derived,,,uncertain,,,uncertain,,,uncertain,,,uncertain,,,uncertain,3 m sulfuric acid,,derived,,,uncertain,,,uncertain,,,uncertain,,,uncertain,,,uncertain,,,uncertain
Advanced Materials - 2019 - Tian - Multifunctional Nanocomposites with High Strength and Capacitance Using 2D MXene and 1D.pdf,Advanced Materials - 2019 - Tian - Multifunctional Nanocomposites with High Strength and Capacitance Using 2D MXene and 1D.pdf,10.1002/adma.201902977,2019,Tian et al.,Ti3C2Tx–60% CNF after vacuum pressing,variant,False,Ti3C2Tx,,stated,"Ti3C2Tx (surface terminations −O, −OH, and −F)/carboxymethylated CNF, 60% CNF",,stated,"aqueous mixing, vacuum filtration, and vacuum pressing",,stated,delaminated,,derived,,,uncertain,several hundred,nm,derived,,,uncertain,,,uncertain,,,uncertain,,,uncertain,,,uncertain,,,uncertain,,,uncertain,,,uncertain,,,uncertain,,,uncertain,,,uncertain,,,uncertain
Advanced Materials - 2019 - Tian - Multifunctional Nanocomposites with High Strength and Capacitance Using 2D MXene and 1D.pdf,Advanced Materials - 2019 - Tian - Multifunctional Nanocomposites with High Strength and Capacitance Using 2D MXene and 1D.pdf,10.1002/adma.201902977,2019,Tian et al.,Ti3C2Tx–80% CNF after vacuum pressing,variant,False,Ti3C2Tx,,stated,"Ti3C2Tx (surface terminations −O, −OH, and −F)/carboxymethylated CNF, 80% CNF",,stated,"aqueous mixing, vacuum filtration, and vacuum pressing",,stated,delaminated,,derived,,,uncertain,several hundred,nm,derived,,,uncertain,,,uncertain,,,uncertain,,,uncertain,,,uncertain,,,uncertain,,,uncertain,,,uncertain,,,uncertain,,,uncertain,,,uncertain,,,uncertain
Advanced Materials - 2019 - Tian - Multifunctional Nanocomposites with High Strength and Capacitance Using 2D MXene and 1D.pdf,Advanced Materials - 2019 - Tian - Multifunctional Nanocomposites with High Strength and Capacitance Using 2D MXene and 1D.pdf,10.1002/adma.201902977,2019,Tian et al.,Ti3C2Tx–5% CNC,composite,False,Ti3C2Tx,,stated,"Ti3C2Tx (surface terminations −O, −OH, and −F)/cellulose nanocrystals, 5% CNC",,stated,aqueous mixing and vacuum filtration,,stated,delaminated,,derived,12.91,Å,stated,several hundred,nm,derived,,,uncertain,,,uncertain,,,uncertain,,,uncertain,,,uncertain,,,uncertain,,,uncertain,,,uncertain,,,uncertain,,,uncertain,,,uncertain,,,uncertain
Advanced Materials - 2019 - Tian - Multifunctional Nanocomposites with High Strength and Capacitance Using 2D MXene and 1D.pdf,Advanced Materials - 2019 - Tian - Multifunctional Nanocomposites with High Strength and Capacitance Using 2D MXene and 1D.pdf,10.1002/adma.201902977,2019,Tian et al.,Ti3C2Tx–10% CNC,composite,False,Ti3C2Tx,,stated,"Ti3C2Tx (surface terminations −O, −OH, and −F)/cellulose nanocrystals, 10% CNC",,stated,aqueous mixing and vacuum filtration,,stated,delaminated,,derived,,,uncertain,several hundred,nm,derived,,,uncertain,,,uncertain,,,uncertain,,,uncertain,,,uncertain,,,uncertain,,,uncertain,,,uncertain,,,uncertain,,,uncertain,,,uncertain,,,uncertain
Advanced Materials - 2019 - Tian - Multifunctional Nanocomposites with High Strength and Capacitance Using 2D MXene and 1D.pdf,Advanced Materials - 2019 - Tian - Multifunctional Nanocomposites with High Strength and Capacitance Using 2D MXene and 1D.pdf,10.1002/adma.201902977,2019,Tian et al.,Ti3C2Tx–20% CNC,composite,False,Ti3C2Tx,,stated,"Ti3C2Tx (surface terminations −O, −OH, and −F)/cellulose nanocrystals, 20% CNC",,stated,aqueous mixing and vacuum filtration,,stated,delaminated,,derived,,,uncertain,several hundred,nm,derived,,,uncertain,,,uncertain,,,uncertain,,,uncertain,,,uncertain,,,uncertain,,,uncertain,,,uncertain,,,uncertain,,,uncertain,,,uncertain,,,uncertain
Advanced Materials - 2019 - Tian - Multifunctional Nanocomposites with High Strength and Capacitance Using 2D MXene and 1D.pdf,Advanced Materials - 2019 - Tian - Multifunctional Nanocomposites with High Strength and Capacitance Using 2D MXene and 1D.pdf,10.1002/adma.201902977,2019,Tian et al.,CNF,reference,False,,,stated,carboxymethylated cellulose nanofibrils (CNF),,stated,vacuum filtration,,stated,,,uncertain,,,uncertain,,,uncertain,,,uncertain,,,uncertain,,,uncertain,,,uncertain,,,uncertain,,,uncertain,,,uncertain,,,uncertain,,,uncertain,,,uncertain,,,uncertain,,,uncertain
Advanced Materials - 2023 - Arslanoglu - 3D Assembly of MXene Networks using a Ceramic Backbone with Controlled Porosity.pdf,Advanced Materials - 2023 - Arslanoglu - 3D Assembly of MXene Networks using a Ceramic Backbone with Controlled Porosity.pdf,10.1002/adma.202304757,2023,Arslanoglu et al.,"MX-PS electrodes with 60% longitudinal porosity, 180 mg mL−1 MXene",primary,True,Ti3C2Tx,,stated,Ti3C2Tx MXene-infiltrated porous silica,,stated,"LiF/HCl minimally intensive layer delamination (MILD), followed by capillary infiltration into freeze-cast silica",,stated,single-layer and delaminated multilayer,,stated,,,stated,,,uncertain,60,%,stated,≈50,μm,stated,,,stated,about 1,mm,derived,2.43,mg cm−2,stated,3 m poly(vinyl alcohol) (PVA)/H2SO4,,derived,,,stated,10,mV s−1,stated,,,uncertain,7.26,F g−1,stated,,,stated,7.24,F cm−2,stated
Advanced Materials - 2023 - Arslanoglu - 3D Assembly of MXene Networks using a Ceramic Backbone with Controlled Porosity.pdf,Advanced Materials - 2023 - Arslanoglu - 3D Assembly of MXene Networks using a Ceramic Backbone with Controlled Porosity.pdf,10.1002/adma.202304757,2023,Arslanoglu et al.,MX-PS supercapacitor prepared with 90 mg mL−1 MXene concentration,variant,False,Ti3C2Tx,,derived,Ti3C2Tx MXene-infiltrated porous silica,,stated,"LiF/HCl MILD, followed by capillary infiltration into freeze-cast silica",,derived,single-layer and delaminated multilayer,,derived,,,stated,,,uncertain,,,uncertain,,,uncertain,,,stated,about 1,mm,derived,,,stated,3 m poly(vinyl alcohol) (PVA)/H2SO4,,derived,,,stated,10,mV s−1,stated,,,uncertain,,,stated,,,stated,3.13,F cm−2,stated
Advanced Materials - 2023 - Arslanoglu - 3D Assembly of MXene Networks using a Ceramic Backbone with Controlled Porosity.pdf,Advanced Materials - 2023 - Arslanoglu - 3D Assembly of MXene Networks using a Ceramic Backbone with Controlled Porosity.pdf,10.1002/adma.202304757,2023,Arslanoglu et al.,"MX-PS electrodes with 40% longitudinal porosity, 180 mg mL−1 MXene",variant,False,Ti3C2Tx,,stated,Ti3C2Tx MXene-infiltrated porous silica,,stated,"LiF/HCl MILD, followed by capillary infiltration into freeze-cast silica",,stated,single-layer and delaminated multilayer,,derived,,,stated,,,uncertain,40,%,stated,≈20,μm,stated,,,stated,about 1,mm,derived,,,stated,3 m poly(vinyl alcohol) (PVA)/H2SO4,,derived,,,stated,10,mV s−1,stated,,,uncertain,,,stated,,,stated,,,stated
Advanced Materials - 2023 - Arslanoglu - 3D Assembly of MXene Networks using a Ceramic Backbone with Controlled Porosity.pdf,Advanced Materials - 2023 - Arslanoglu - 3D Assembly of MXene Networks using a Ceramic Backbone with Controlled Porosity.pdf,10.1002/adma.202304757,2023,Arslanoglu et al.,"MX-PS electrodes with 60% lateral porosity, 180 mg mL−1 MXene",variant,False,Ti3C2Tx,,stated,Ti3C2Tx MXene-infiltrated porous silica,,stated,"LiF/HCl MILD, followed by capillary infiltration into freeze-cast silica",,stated,single-layer and delaminated multilayer,,derived,,,stated,,,uncertain,60,%,stated,≈50,μm,derived,,,stated,about 1,mm,derived,,,stated,3 m poly(vinyl alcohol) (PVA)/H2SO4,,derived,,,stated,10,mV s−1,stated,,,uncertain,,,stated,,,stated,,,stated
Advanced Materials - 2023 - Arslanoglu - 3D Assembly of MXene Networks using a Ceramic Backbone with Controlled Porosity.pdf,Advanced Materials - 2023 - Arslanoglu - 3D Assembly of MXene Networks using a Ceramic Backbone with Controlled Porosity.pdf,10.1002/adma.202304757,2023,Arslanoglu et al.,non-MXene supercapacitor,reference,False,,,stated,non-infiltrated porous silica,,stated,camphene-based unidirectional freeze casting and sintering,,stated,,,stated,,,stated,,,stated,,,uncertain,,,uncertain,,,stated,about 1,mm,derived,,,stated,3 m poly(vinyl alcohol) (PVA)/H2SO4,,derived,,,stated,10,mV s−1,stated,,,uncertain,,,stated,,,stated,,,stated
Advanced Science - 2023 - He - Wide Temperature All‐Solid‐State Ti3C2Tx Quantum Dots L‐Ti3C2Tx Fiber Supercapacitor with.pdf,Advanced Science - 2023 - He - Wide Temperature All‐Solid‐State Ti3C2Tx Quantum Dots L‐Ti3C2Tx Fiber Supercapacitor with.pdf,10.1002/advs.202305991,2024,He et al.,pure L-Ti3C2Tx fiber,control,False,Ti3C2Tx,,stated,L-Ti3C2Tx NSs,,stated,"Natural-sedimentation size selection, LiF/HCl etching, mechanical delamination, wet spinning in 5 wt.% chitosan",,derived,delaminated,,derived,,,uncertain,7.6–9.5,μm,derived,,,uncertain,,,uncertain,,,uncertain,,,uncertain,,,uncertain,1 M H2SO4,,derived,,,uncertain,,,uncertain,1,A cm−3,derived,,,uncertain,1158,F cm−3,stated,,,uncertain
Advanced Science - 2023 - He - Wide Temperature All‐Solid‐State Ti3C2Tx Quantum Dots L‐Ti3C2Tx Fiber Supercapacitor with.pdf,Advanced Science - 2023 - He - Wide Temperature All‐Solid‐State Ti3C2Tx Quantum Dots L‐Ti3C2Tx Fiber Supercapacitor with.pdf,10.1002/advs.202305991,2024,He et al.,Q1M9 fiber,variant,False,Ti3C2Tx,,stated,Ti3C2Tx QDs/L-Ti3C2Tx NSs (1:9),,stated,"LiF/HCl etching, mechanical delamination, Ti3C2Tx-QD ultrasonication, wet spinning in 5 wt.% chitosan",,derived,delaminated,,derived,,,uncertain,7.6–9.5,μm,derived,,,uncertain,,,uncertain,,,uncertain,,,uncertain,,,uncertain,1 M H2SO4,,derived,,,uncertain,,,uncertain,1,A cm−3,derived,,,uncertain,,,uncertain,,,uncertain
Advanced Science - 2023 - He - Wide Temperature All‐Solid‐State Ti3C2Tx Quantum Dots L‐Ti3C2Tx Fiber Supercapacitor with.pdf,Advanced Science - 2023 - He - Wide Temperature All‐Solid‐State Ti3C2Tx Quantum Dots L‐Ti3C2Tx Fiber Supercapacitor with.pdf,10.1002/advs.202305991,2024,He et al.,Q2M8 fiber,variant,False,Ti3C2Tx,,stated,Ti3C2Tx QDs/L-Ti3C2Tx NSs (2:8),,stated,"LiF/HCl etching, mechanical delamination, Ti3C2Tx-QD ultrasonication, wet spinning in 5 wt.% chitosan",,derived,delaminated,,derived,,,uncertain,7.6–9.5,μm,derived,,,uncertain,,,uncertain,,,uncertain,,,uncertain,,,uncertain,1 M H2SO4,,derived,,,uncertain,,,uncertain,1,A cm−3,derived,,,uncertain,,,uncertain,,,uncertain
Advanced Science - 2023 - He - Wide Temperature All‐Solid‐State Ti3C2Tx Quantum Dots L‐Ti3C2Tx Fiber Supercapacitor with.pdf,Advanced Science - 2023 - He - Wide Temperature All‐Solid‐State Ti3C2Tx Quantum Dots L‐Ti3C2Tx Fiber Supercapacitor with.pdf,10.1002/advs.202305991,2024,He et al.,Q3M7 fiber,primary,True,Ti3C2Tx,,stated,Ti3C2Tx QDs/L-Ti3C2Tx NSs (3:7),,stated,"Natural-sedimentation size selection, LiF/HCl etching, mechanical delamination, Ti3C2Tx-QD ultrasonication, wet spinning in 5 wt.% chitosan",,stated,delaminated,,derived,,,uncertain,7.6–9.5,μm,derived,,,uncertain,,,uncertain,,,uncertain,,,uncertain,,,uncertain,1 M H2SO4,,stated,,,uncertain,,,uncertain,1,A cm−3,stated,,,uncertain,1560,F cm−3,stated,,,uncertain
Advanced Science - 2023 - He - Wide Temperature All‐Solid‐State Ti3C2Tx Quantum Dots L‐Ti3C2Tx Fiber Supercapacitor with.pdf,Advanced Science - 2023 - He - Wide Temperature All‐Solid‐State Ti3C2Tx Quantum Dots L‐Ti3C2Tx Fiber Supercapacitor with.pdf,10.1002/advs.202305991,2024,He et al.,Q4M6 fiber,variant,False,Ti3C2Tx,,stated,Ti3C2Tx QDs/L-Ti3C2Tx NSs (4:6),,stated,"LiF/HCl etching, mechanical delamination, Ti3C2Tx-QD ultrasonication, wet spinning in 5 wt.% chitosan",,derived,delaminated,,derived,,,uncertain,7.6–9.5,μm,derived,,,uncertain,,,uncertain,,,uncertain,,,uncertain,,,uncertain,1 M H2SO4,,derived,,,uncertain,,,uncertain,1,A cm−3,derived,,,uncertain,,,uncertain,,,uncertain
Advanced Science - 2023 - He - Wide Temperature All‐Solid‐State Ti3C2Tx Quantum Dots L‐Ti3C2Tx Fiber Supercapacitor with.pdf,Advanced Science - 2023 - He - Wide Temperature All‐Solid‐State Ti3C2Tx Quantum Dots L‐Ti3C2Tx Fiber Supercapacitor with.pdf,10.1002/advs.202305991,2024,He et al.,Q3M7 fiber prepared in MgSO4/EtOH,variant,False,Ti3C2Tx,,stated,Ti3C2Tx QDs/L-Ti3C2Tx NSs (3:7),,stated,"LiF/HCl etching, mechanical delamination, Ti3C2Tx-QD ultrasonication, wet spinning in MgSO4/EtOH",,stated,delaminated,,derived,,,uncertain,7.6–9.5,μm,derived,,,uncertain,,,uncertain,,,uncertain,,,uncertain,,,uncertain,1 M H2SO4,,derived,,,uncertain,,,uncertain,1,A g−1,derived,,,uncertain,805,F cm−3,stated,,,uncertain
Advanced Science - 2023 - He - Wide Temperature All‐Solid‐State Ti3C2Tx Quantum Dots L‐Ti3C2Tx Fiber Supercapacitor with.pdf,Advanced Science - 2023 - He - Wide Temperature All‐Solid‐State Ti3C2Tx Quantum Dots L‐Ti3C2Tx Fiber Supercapacitor with.pdf,10.1002/advs.202305991,2024,He et al.,Q3M7 fiber prepared in NH4Cl/NH4OH,variant,False,Ti3C2Tx,,stated,Ti3C2Tx QDs/L-Ti3C2Tx NSs (3:7),,stated,"LiF/HCl etching, mechanical delamination, Ti3C2Tx-QD ultrasonication, wet spinning in NH4Cl/NH4OH",,stated,delaminated,,derived,,,uncertain,7.6–9.5,μm,derived,,,uncertain,,,uncertain,,,uncertain,,,uncertain,,,uncertain,1 M H2SO4,,derived,,,uncertain,,,uncertain,1,A g−1,derived,,,uncertain,878,F cm−3,stated,,,uncertain
Advanced Science - 2023 - He - Wide Temperature All‐Solid‐State Ti3C2Tx Quantum Dots L‐Ti3C2Tx Fiber Supercapacitor with.pdf,Advanced Science - 2023 - He - Wide Temperature All‐Solid‐State Ti3C2Tx Quantum Dots L‐Ti3C2Tx Fiber Supercapacitor with.pdf,10.1002/advs.202305991,2024,He et al.,Q3M7 fiber prepared in CaCl2/IPA,variant,False,Ti3C2Tx,,stated,Ti3C2Tx QDs/L-Ti3C2Tx NSs (3:7),,stated,"LiF/HCl etching, mechanical delamination, Ti3C2Tx-QD ultrasonication, wet spinning in CaCl2/IPA",,stated,delaminated,,derived,,,uncertain,7.6–9.5,μm,derived,,,uncertain,,,uncertain,,,uncertain,,,uncertain,,,uncertain,1 M H2SO4,,derived,,,uncertain,,,uncertain,1,A g−1,derived,,,uncertain,912,F cm−3,stated,,,uncertain
ae2c00653 (1).pdf,ae2c00653 (1).pdf,10.1021/acsaem.2c00653,2022,Kaitlyn Prenger et al.,Na−Ti3C2Tx,variant,False,Ti3C2Tx,,stated,"Na−Ti3C2Tx (0.13 Na per Ti3C2Tx formula unit); 90 wt % Ti3C2Tx, 5 wt % carbon black, 5 wt % PTFE",,stated,LiCl in 10 wt % HF etching followed by NaCl ion exchange,,stated,multilayer,,stated,12.26 & 10.58,Å,stated,,,uncertain,,,uncertain,,,uncertain,,,uncertain,30–35 and 70–77,μm,stated,4.2–5.2 and 10.2–13.4,mg/cm2,stated,1 M H2SO4 aqueous electrolyte,,derived,,,uncertain,,,uncertain,5,A/g,stated,265,F/g,stated,,,uncertain,3.7,F/cm2,stated
ae2c00653 (1).pdf,ae2c00653 (1).pdf,10.1021/acsaem.2c00653,2022,Kaitlyn Prenger et al.,K−Ti3C2Tx,primary,True,Ti3C2Tx,,stated,"K−Ti3C2Tx (0.11 K per Ti3C2Tx formula unit); 90 wt % Ti3C2Tx, 5 wt % carbon black, 5 wt % PTFE",,stated,LiCl in 10 wt % HF etching followed by KCl ion exchange,,stated,multilayer,,stated,12.06,Å,stated,,,uncertain,,,uncertain,,,uncertain,,,uncertain,"31, 74, and 103",μm,stated,"4.2–5.2, 10.2–13.4, and 20.1",mg/cm2,stated,1 M H2SO4 aqueous electrolyte,,derived,,,uncertain,,,uncertain,,,uncertain,up to 300,F/g,stated,,,uncertain,∼5.7,F/cm2,stated
ae2c00653 (1).pdf,ae2c00653 (1).pdf,10.1021/acsaem.2c00653,2022,Kaitlyn Prenger et al.,Mg−Ti3C2Tx,variant,False,Ti3C2Tx,,stated,"Mg−Ti3C2Tx (0.06 Mg per Ti3C2Tx formula unit); 90 wt % Ti3C2Tx, 5 wt % carbon black, 5 wt % PTFE",,stated,LiCl in 10 wt % HF etching followed by MgCl2 ion exchange,,stated,multilayer,,stated,14.47 & 9.98,Å,stated,,,uncertain,,,uncertain,,,uncertain,,,uncertain,30–35 and 70–77,μm,stated,4.2–5.2 and 10.2–13.4,mg/cm2,stated,1 M H2SO4 aqueous electrolyte,,derived,,,uncertain,,,uncertain,5,A/g,stated,214,F/g,stated,,,uncertain,,,uncertain
ae2c00653 (1).pdf,ae2c00653 (1).pdf,10.1021/acsaem.2c00653,2022,Kaitlyn Prenger et al.,pristine Ti3C2Tx,control,False,Ti3C2Tx,,stated,"pristine Ti3C2Tx; 90 wt % Ti3C2Tx, 5 wt % carbon black, 5 wt % PTFE",,stated,LiCl in 10 wt % HF etching followed by HCl treatment (non-intercalated control),,stated,multilayer,,stated,10.67 & 9.79,Å,stated,,,uncertain,,,uncertain,,,uncertain,,,uncertain,30–35 and 70–77,μm,stated,4.2–5.2 and 10.2–13.4,mg/cm2,stated,1 M H2SO4 aqueous electrolyte,,derived,,,uncertain,,,uncertain,5,A/g,stated,187.5,F/g,stated,,,uncertain,,,uncertain
ae2c00653.pdf,ae2c00653.pdf,10.1021/acsaem.2c00653,2022,Prenger et al.,pristine Ti3C2Tx,control,False,Ti3C2Tx,,stated,"pristine Ti3C2Tx, 90 wt % Ti3C2Tx, 5 wt % carbon black, 5 wt % PTFE",,stated,LiCl-assisted 10 wt % HF etching followed by HCl treatment/soaking,,stated,multilayer,,stated,10.67 & 9.79,Å,stated,,,stated,,,stated,,,stated,,,stated,∼30,μm,stated,4.2–5.2,mg/cm2,derived,1 M H2SO4 aqueous electrolyte,,derived,,,stated,,,uncertain,5,A/g,stated,187.5,F/g,stated,,,stated,,,uncertain
ae2c00653.pdf,ae2c00653.pdf,10.1021/acsaem.2c00653,2022,Prenger et al.,Na−Ti3C2Tx,variant,False,Ti3C2Tx,,stated,"Na−Ti3C2Tx, 90 wt % Ti3C2Tx, 5 wt % carbon black, 5 wt % PTFE",,stated,LiCl-assisted 10 wt % HF etching followed by Na+ ion exchange in 1 M NaCl,,stated,multilayer,,stated,12.26 & 10.58,Å,stated,,,stated,,,stated,,,stated,,,stated,70–77,μm,stated,10.2–13.4,mg/cm2,derived,1 M H2SO4 aqueous electrolyte,,derived,,,stated,,,uncertain,5,A/g,stated,265,F/g,stated,,,stated,3.7,F/cm2,stated
ae2c00653.pdf,ae2c00653.pdf,10.1021/acsaem.2c00653,2022,Prenger et al.,K−Ti3C2Tx,primary,True,Ti3C2Tx,,stated,"K−Ti3C2Tx, 90 wt % Ti3C2Tx, 5 wt % carbon black, 5 wt % PTFE",,stated,LiCl-assisted 10 wt % HF etching followed by K+ ion exchange in 1 M KCl,,stated,multilayer,,stated,12.06,Å,stated,,,stated,,,stated,,,stated,,,stated,103,μm,stated,20.1,mg/cm2,stated,1 M H2SO4 aqueous electrolyte,,derived,,,stated,,,uncertain,,,uncertain,up to 300,F/g,stated,,,stated,∼5.7,F/cm2,stated
ae2c00653.pdf,ae2c00653.pdf,10.1021/acsaem.2c00653,2022,Prenger et al.,Mg−Ti3C2Tx,variant,False,Ti3C2Tx,,stated,"Mg−Ti3C2Tx, 90 wt % Ti3C2Tx, 5 wt % carbon black, 5 wt % PTFE",,stated,LiCl-assisted 10 wt % HF etching followed by Mg2+ ion exchange in 0.5 M MgCl2,,stated,multilayer,,stated,14.47 & 9.98,Å,stated,,,stated,,,stated,,,stated,,,stated,∼30,μm,stated,4.2–5.2,mg/cm2,derived,1 M H2SO4 aqueous electrolyte,,derived,,,stated,,,uncertain,5,A/g,stated,214,F/g,stated,,,stated,,,uncertain
an4c01912.pdf,an4c01912.pdf,10.1021/acsanm.4c01912,2024,Yao et al.,Ti3C2Tx,control,False,Ti3C2Tx,,stated,"Ti3C2Tx (Tx = -O, -OH, and -F)",,stated,"LiF/HCl selective etching of Ti3AlC2, followed by Ar-assisted ultrasonication and vacuum filtration",,stated,few-layer,,stated,1.17,nm,stated,,,stated,,,stated,,,stated,,,stated,,,stated,,,stated,1 M ZnSO4,,stated,11.4,m2 g−1,stated,,,stated,1,A g−1,stated,212,F g−1,stated,,,stated,,,stated
an4c01912.pdf,an4c01912.pdf,10.1021/acsanm.4c01912,2024,Yao et al.,A-Ti3C2Tx,control,False,Ti3C2Tx,,stated,Ti3C2Tx,,stated,Ti3C2Tx calcined at 350 °C under Ar,,stated,few-layer,,derived,,,stated,,,stated,,,stated,,,stated,,,stated,,,stated,,,stated,1 M H2SO4,,derived,,,stated,,,stated,,,stated,,,stated,,,stated,,,stated
an4c01912.pdf,an4c01912.pdf,10.1021/acsanm.4c01912,2024,Yao et al.,N−Ti3C2Tx−350 °C,primary,True,Ti3C2Tx,,stated,N−Ti3C2Tx,,stated,LiF/HCl etched Ti3C2Tx film annealed with urea at 350 °C under Ar for 3 h,,stated,few-layer,,derived,1.33,nm,stated,,,stated,,,stated,,,stated,,,stated,,,stated,,,stated,1 M H2SO4,,stated,19.5,m2 g−1,stated,,,stated,1,A g−1,stated,390,F g−1,stated,,,stated,,,stated
an4c01912.pdf,an4c01912.pdf,10.1021/acsanm.4c01912,2024,Yao et al.,N−Ti3C2Tx−400 °C,variant,False,Ti3C2Tx,,stated,N−Ti3C2Tx,,stated,Ti3C2Tx film annealed with urea at 400 °C under Ar,,stated,few-layer,,derived,,,stated,,,stated,,,stated,,,stated,,,stated,,,stated,,,stated,1 M H2SO4,,derived,,,stated,,,stated,,,stated,,,stated,,,stated,,,stated
an4c01912.pdf,an4c01912.pdf,10.1021/acsanm.4c01912,2024,Yao et al.,N−Ti3C2Tx−450 °C,variant,False,Ti3C2Tx,,stated,N−Ti3C2Tx,,stated,Ti3C2Tx film annealed with urea at 450 °C under Ar,,stated,few-layer,,derived,,,stated,,,stated,,,stated,,,stated,,,stated,,,stated,,,stated,1 M H2SO4,,derived,,,stated,,,stated,,,stated,,,stated,,,stated,,,stated
an4c01912.pdf,an4c01912.pdf,10.1021/acsanm.4c01912,2024,Yao et al.,MnO2−CNTs,reference,False,,,stated,MnO2−CNTs (MnO2:CNT = 1:1),,stated,"MnO2 and CNT mixed by cell crusher at 1:1, then vacuum filtered",,stated,,,stated,,,stated,,,stated,,,stated,,,stated,,,stated,,,stated,,,stated,1 M ZnSO4/0.01 M MnSO4,,stated,,,stated,,,stated,,,stated,,,stated,,,stated,,,stated
boota2015.pdf,boota2015.pdf,10.1002/adma.201504705,2016,Boota et al.,pristine Ti3C2Tx films,control,False,Ti3C2Tx,,stated,Ti3C2Tx,,stated,"LiF/HCl etching (MILD), followed by delamination",,stated,delaminated,,stated,,,stated,,,stated,,,stated,,,stated,,,stated,,,stated,,,stated,1 M H2SO4,,derived,,,stated,,,stated,,,stated,,,stated,,,stated,,,stated
boota2015.pdf,boota2015.pdf,10.1002/adma.201504705,2016,Boota et al.,PPy/Ti3C2Tx (1:2),primary,True,Ti3C2Tx,,stated,"PPy/Ti3C2Tx (1:2), 8 wt% PPy",,stated,"LiF/HCl etching (MILD), delamination, and oxidant-free in situ pyrrole polymerization",,stated,delaminated,,stated,≈10,Å,stated,,,stated,,,stated,,,stated,,,stated,≈13,µm,stated,0.93,mg cm−2,stated,1 M H2SO4,,stated,,,stated,5,mV s−1,stated,,,stated,416,F g−1,stated,1000,F cm−3,stated,,,stated
boota2015.pdf,boota2015.pdf,10.1002/adma.201504705,2016,Boota et al.,PPy/Ti3C2Tx (1:1),variant,False,Ti3C2Tx,,stated,PPy/Ti3C2Tx (1:1),,stated,"LiF/HCl etching (MILD), delamination, and oxidant-free in situ pyrrole polymerization",,stated,delaminated,,stated,,,stated,,,stated,,,stated,,,stated,,,stated,,,stated,,,stated,1 M H2SO4,,derived,,,stated,5,mV s−1,stated,,,stated,,,stated,,,stated,,,stated
c8dt04374d.pdf,c8dt04374d.pdf,10.1039/c8dt04374d,2019,Li et al.,Ti3C2Tx,control,False,Ti3C2Tx,,stated,Ti3C2Tx,,stated,LiF/HCl etching,,stated,,,stated,12.8,Å,stated,,,stated,,,stated,,,stated,,,stated,,,stated,,,derived,1 M H2SO4,,derived,16.2,m2 g−1,stated,2,mV s−1,stated,,,stated,241,F g−1,stated,952,F cm−3,stated,,,stated
c8dt04374d.pdf,c8dt04374d.pdf,10.1039/c8dt04374d,2019,Li et al.,Ti3C2Tx-H,variant,False,Ti3C2Tx,,stated,Ti3C2Tx,,stated,LiF/HCl etching followed by concentrated H2SO4 treatment,,stated,,,stated,,,stated,,,stated,,,stated,,,stated,,,stated,,,stated,,,derived,1 M H2SO4,,derived,,,stated,,,stated,,,stated,,,stated,,,stated,,,stated
c8dt04374d.pdf,c8dt04374d.pdf,10.1039/c8dt04374d,2019,Li et al.,Ti3C2Tx/P-50,composite,False,Ti3C2Tx,,stated,Ti3C2Tx/PEDOT:PSS,,stated,LiF/HCl etching and filtration with PEDOT:PSS,,stated,,,stated,,,stated,,,stated,,,stated,,,stated,,,stated,,,stated,,,derived,1 M H2SO4,,derived,,,stated,,,stated,,,stated,,,stated,,,stated,,,stated
c8dt04374d.pdf,c8dt04374d.pdf,10.1039/c8dt04374d,2019,Li et al.,Ti3C2Tx/P-50-H,composite,False,Ti3C2Tx,,stated,Ti3C2Tx/PEDOT:PSS,,stated,"LiF/HCl etching, PEDOT:PSS blending, and concentrated H2SO4 treatment",,stated,,,stated,,,stated,,,stated,,,stated,,,stated,,,stated,,,stated,,,derived,1 M H2SO4,,derived,,,stated,,,stated,,,stated,,,stated,,,stated,,,stated
c8dt04374d.pdf,c8dt04374d.pdf,10.1039/c8dt04374d,2019,Li et al.,Ti3C2Tx/P-100,composite,False,Ti3C2Tx,,stated,Ti3C2Tx/PEDOT:PSS,,stated,LiF/HCl etching and filtration with PEDOT:PSS,,stated,,,stated,,,stated,,,stated,,,stated,,,stated,,,stated,,,stated,,,derived,1 M H2SO4,,derived,,,stated,2,mV s−1,stated,,,stated,216,F g−1,stated,712,F cm−3,stated,,,stated
c8dt04374d.pdf,c8dt04374d.pdf,10.1039/c8dt04374d,2019,Li et al.,Ti3C2Tx/P-100-H,primary,True,Ti3C2Tx,,stated,Ti3C2Tx/PEDOT:PSS,,stated,"LiF/HCl etching, PEDOT:PSS blending, and concentrated H2SO4 treatment",,stated,,,stated,15.1,Å,stated,,,stated,,,stated,,,stated,,,stated,,,stated,,,derived,1 M H2SO4,,stated,73.7,m2 g−1,stated,2,mV s−1,stated,,,stated,286,F g−1,stated,1065,F cm−3,stated,,,stated
c8dt04374d.pdf,c8dt04374d.pdf,10.1039/c8dt04374d,2019,Li et al.,Ti3C2Tx/P-200,composite,False,Ti3C2Tx,,stated,Ti3C2Tx/PEDOT:PSS,,stated,LiF/HCl etching and filtration with PEDOT:PSS,,stated,,,stated,,,stated,,,stated,,,stated,,,stated,,,stated,,,stated,,,derived,1 M H2SO4,,derived,,,stated,,,stated,,,stated,,,stated,,,stated,,,stated
c8dt04374d.pdf,c8dt04374d.pdf,10.1039/c8dt04374d,2019,Li et al.,Ti3C2Tx/P-200-H,composite,False,Ti3C2Tx,,stated,Ti3C2Tx/PEDOT:PSS,,stated,"LiF/HCl etching, PEDOT:PSS blending, and concentrated H2SO4 treatment",,stated,,,stated,,,stated,,,stated,,,stated,,,stated,,,stated,,,stated,,,derived,1 M H2SO4,,derived,,,stated,,,stated,,,stated,,,stated,,,stated,,,stated
c8dt04374d.pdf,c8dt04374d.pdf,10.1039/c8dt04374d,2019,Li et al.,P-H,reference,False,,,stated,PEDOT:PSS,,stated,PEDOT:PSS filtration followed by concentrated H2SO4 treatment,,stated,,,stated,,,stated,,,stated,,,stated,,,stated,,,stated,,,stated,,,stated,1 M H2SO4,,derived,,,stated,2,mV s−1,stated,,,stated,,,stated,106,F cm−3,stated,,,stated
c8dt04374d.pdf,c8dt04374d.pdf,10.1039/c8dt04374d,2019,Li et al.,rGO film,reference,False,,,stated,rGO,,stated,Modified Hummers method and hydrazine reduction,,stated,,,stated,,,stated,,,stated,,,stated,,,stated,,,stated,,,stated,,,stated,1 M H2SO4,,derived,,,stated,,,stated,,,stated,,,stated,,,stated,,,stated
c8nr01550c.pdf,c8nr01550c.pdf,10.1039/c8nr01550c,2018,Fan et al.,pure MXene film,control,False,Ti3C2Tx,,stated,"Ti3C2Tx (-OH, -O, -F)",,stated,HCl/LiF minimally intensive layer delamination (MILD),,stated,monolayer nanosheets,,derived,1.24,nm,stated,up to several micrometers,,derived,,,stated,,,stated,,,stated,13,μm,stated,,,stated,3 M H2SO4 aqueous electrolyte,,derived,1.5,m2 g−1,stated,,,stated,0.5,A g−1,stated,288,F g−1,stated,,,stated,,,stated
c8nr01550c.pdf,c8nr01550c.pdf,10.1039/c8nr01550c,2018,Fan et al.,P-MX1.5,variant,False,Ti3C2Tx,,stated,"nanoporous Ti3C2Tx (-OH, -O, -F)",,stated,Fe(OH)3 sacrificial-template nanopore formation,,stated,monolayer nanosheets,,derived,,,uncertain,up to several micrometers,,derived,,,stated,,,stated,,,stated,,,stated,,,stated,3 M H2SO4 aqueous electrolyte,,derived,,,stated,,,stated,,,stated,,,stated,,,stated,,,stated
c8nr01550c.pdf,c8nr01550c.pdf,10.1039/c8nr01550c,2018,Fan et al.,MP-MX0.2,variant,False,Ti3C2Tx,,stated,"modified nanoporous Ti3C2Tx (-OH, -O, -F)",,stated,Fe(OH)3 sacrificial-template nanopore formation and 200 °C Ar calcination,,stated,monolayer nanosheets,,derived,,,stated,up to several micrometers,,derived,,,stated,,,stated,,,stated,,,stated,,,stated,3 M H2SO4 aqueous electrolyte,,derived,,,stated,,,stated,0.5,A g−1,stated,328,F g−1,stated,,,stated,,,stated
c8nr01550c.pdf,c8nr01550c.pdf,10.1039/c8nr01550c,2018,Fan et al.,MP-MX0.5,variant,False,Ti3C2Tx,,stated,"modified nanoporous Ti3C2Tx (-OH, -O, -F)",,stated,Fe(OH)3 sacrificial-template nanopore formation and 200 °C Ar calcination,,stated,monolayer nanosheets,,derived,,,stated,up to several micrometers,,derived,,,stated,,,stated,,,stated,,,stated,,,stated,3 M H2SO4 aqueous electrolyte,,derived,23,m2 g−1,stated,,,stated,0.5,A g−1,stated,334,F g−1,stated,,,stated,,,stated
c8nr01550c.pdf,c8nr01550c.pdf,10.1039/c8nr01550c,2018,Fan et al.,MP-MX1,variant,False,Ti3C2Tx,,stated,"modified nanoporous Ti3C2Tx (-OH, -O, -F)",,stated,Fe(OH)3 sacrificial-template nanopore formation and 200 °C Ar calcination,,stated,monolayer nanosheets,,derived,,,stated,up to several micrometers,,derived,,,stated,,,stated,,,stated,,,stated,,,stated,3 M H2SO4 aqueous electrolyte,,derived,,,stated,,,stated,0.5,A g−1,stated,342,F g−1,stated,,,stated,,,stated
c8nr01550c.pdf,c8nr01550c.pdf,10.1039/c8nr01550c,2018,Fan et al.,MP-MX1.5,primary,True,Ti3C2Tx,,stated,"modified nanoporous Ti3C2Tx (-OH, -O, -F)",,stated,Fe(OH)3 sacrificial-template nanopore formation and 200 °C Ar calcination,,stated,monolayer nanosheets,,derived,,,stated,up to several micrometers,,derived,,,stated,,,stated,,,stated,,,stated,11.2,mg cm−2,stated,3 M H2SO4 aqueous electrolyte,,derived,56,m2 g−1,stated,,,stated,0.5,A g−1,stated,346,F g−1,stated,1142,F cm−3,stated,,,stated
c8nr01550c.pdf,c8nr01550c.pdf,10.1039/c8nr01550c,2018,Fan et al.,MP-MX2,variant,False,Ti3C2Tx,,stated,"modified nanoporous Ti3C2Tx (-OH, -O, -F)",,stated,Fe(OH)3 sacrificial-template nanopore formation and 200 °C Ar calcination,,stated,monolayer nanosheets,,derived,,,stated,up to several micrometers,,derived,,,stated,,,stated,,,stated,,,stated,,,stated,3 M H2SO4 aqueous electrolyte,,derived,75,m2 g−1,stated,,,stated,0.5,A g−1,stated,351,F g−1,stated,1053,F cm−3,stated,,,stated
c8nr06014b.pdf,c8nr06014b.pdf,10.1039/c8nr06014b,2018,Wang et al.,Ti3C2Tx aerogel,primary,True,Ti3C2Tx,,stated,N-doped Ti3C2Tx aerogel,,stated,LiF/HCl mild etching followed by thiourea dioxide/ammonia-assisted thermal gelation and freeze-drying,,stated,,,stated,,,stated,,,stated,,,stated,∼3.9,nm,stated,,,stated,,,stated,0.14,mg cm−2,stated,3 M H2SO4 aqueous solution,,derived,108,m2 g−1,stated,10,mV s−1,stated,,,stated,438,F g−1,stated,,,stated,,,stated
c8nr06014b.pdf,c8nr06014b.pdf,10.1039/c8nr06014b,2018,Wang et al.,pure Ti3C2Tx electrode,control,False,Ti3C2Tx,,stated,pure Ti3C2Tx,,stated,LiF/HCl mild etching,,derived,,,stated,,,stated,,,stated,,,stated,,,stated,,,stated,,,stated,,,stated,3 M H2SO4 aqueous solution,,derived,,,stated,10,mV s−1,stated,,,stated,231,F g−1,stated,,,stated,,,stated
c8ta09810g.pdf,c8ta09810g.pdf,10.1039/c8ta09810g,2019,Levitt et al.,CNF8001,control,False,,,stated,carbonized PAN nano fibers,,stated,electrospinning and carbonization at 800 °C for 1 h under Ar,,stated,,,stated,,,stated,,,stated,,,stated,,,stated,,,stated,,,stated,,,stated,1 M sulfuric acid (H2SO4),,derived,,,stated,10,mV s-1,stated,,,stated,,,stated,,,stated,75,mF cm-2,stated
c8ta09810g.pdf,c8ta09810g.pdf,10.1039/c8ta09810g,2019,Levitt et al.,M10CNF6001,variant,False,Ti3C2Tx,,stated,Ti3C2Tx MXene/carbon nano fibers; 10 wt% Ti3C2Tx MXene and 8 wt% PAN in electrospinning solution,,stated,"HCl/HF etching, LiCl delamination, electrospinning, and carbonization at 600 °C for 1 h under Ar",,stated,single to few layers,,derived,,,stated,approximately 300,nm,derived,,,stated,,,stated,,,stated,,,stated,,,stated,1 M sulfuric acid (H2SO4),,derived,,,stated,,,stated,,,stated,,,stated,,,stated,,,stated
c8ta09810g.pdf,c8ta09810g.pdf,10.1039/c8ta09810g,2019,Levitt et al.,M10CNF7001,variant,False,Ti3C2Tx,,stated,Ti3C2Tx MXene/carbon nano fibers; 10 wt% Ti3C2Tx MXene and 8 wt% PAN in electrospinning solution,,stated,"HCl/HF etching, LiCl delamination, electrospinning, and carbonization at 700 °C for 1 h under Ar",,stated,single to few layers,,derived,,,stated,approximately 300,nm,derived,,,stated,,,stated,,,stated,,,stated,,,stated,1 M sulfuric acid (H2SO4),,derived,,,stated,,,stated,,,stated,,,stated,,,stated,,,stated
c8ta09810g.pdf,c8ta09810g.pdf,10.1039/c8ta09810g,2019,Levitt et al.,M10CNF7002,variant,False,Ti3C2Tx,,stated,Ti3C2Tx MXene/carbon nano fibers; 10 wt% Ti3C2Tx MXene and 8 wt% PAN in electrospinning solution,,stated,"HCl/HF etching, LiCl delamination, electrospinning, and carbonization at 700 °C for 2 h under Ar",,stated,single to few layers,,derived,,,stated,approximately 300,nm,derived,,,stated,,,stated,,,stated,,,stated,,,stated,1 M sulfuric acid (H2SO4),,derived,,,stated,,,stated,,,stated,,,stated,,,stated,,,stated
c8ta09810g.pdf,c8ta09810g.pdf,10.1039/c8ta09810g,2019,Levitt et al.,M10CNF8001,primary,True,Ti3C2Tx,,stated,Ti3C2Tx MXene/carbon nano fibers; 10 wt% Ti3C2Tx MXene and 8 wt% PAN in electrospinning solution,,stated,"HCl/HF etching, LiCl delamination, electrospinning, and carbonization at 800 °C for 1 h under Ar",,stated,single to few layers,,derived,,,stated,approximately 300,nm,derived,,,stated,,,stated,,,stated,,,stated,,,stated,1 M sulfuric acid (H2SO4),,derived,,,stated,10,mV s-1,stated,,,stated,,,stated,,,stated,239,mF cm-2,stated
c8ta09810g.pdf,c8ta09810g.pdf,10.1039/c8ta09810g,2019,Levitt et al.,M10CNF7006,variant,False,Ti3C2Tx,,stated,Ti3C2Tx MXene/carbon nano fibers; 10 wt% Ti3C2Tx MXene and 8 wt% PAN in electrospinning solution,,stated,"HCl/HF etching, LiCl delamination, electrospinning, and carbonization at 700 °C for 6 h under Ar",,stated,single to few layers,,derived,,,stated,approximately 300,nm,derived,,,stated,,,stated,,,stated,,,stated,,,stated,1 M sulfuric acid (H2SO4),,derived,,,stated,,,stated,,,stated,,,stated,,,stated,,,stated
ChemElectroChem - 2021 - Abdolhosseinzadeh - Coating Porous MXene Films with Tunable Porosity for High‐Performance.pdf,ChemElectroChem - 2021 - Abdolhosseinzadeh - Coating Porous MXene Films with Tunable Porosity for High‐Performance.pdf,10.1002/celc.202100558,2021,Abdolhosseinzadeh et al.,Pristine MXene film (2.11 g/cm3),control,False,Ti3C2Tx,,stated,Ti3C2Tx,,stated,LiF/HCl MILD etching; vortex delamination,,stated,single/few-layer,,stated,,,uncertain,,,uncertain,,,uncertain,,,uncertain,,,uncertain,,,uncertain,,,uncertain,H2SO4-PVA gel electrolyte,,derived,10.5,m2/g,stated,5,mV/s,stated,,,stated,153,F/g,stated,,,uncertain,193,mF/cm2,stated
ChemElectroChem - 2021 - Abdolhosseinzadeh - Coating Porous MXene Films with Tunable Porosity for High‐Performance.pdf,ChemElectroChem - 2021 - Abdolhosseinzadeh - Coating Porous MXene Films with Tunable Porosity for High‐Performance.pdf,10.1002/celc.202100558,2021,Abdolhosseinzadeh et al.,Porous MXene film (1.78 g/cm3),variant,False,Ti3C2Tx,,stated,Ti3C2Tx,,stated,LiF/HCl MILD etching; vortex delamination; 3.5 wt.% urea space-holder,,stated,single/few-layer,,stated,,,uncertain,,,uncertain,,,uncertain,,,uncertain,,,uncertain,,,uncertain,,,uncertain,H2SO4-PVA gel electrolyte,,derived,24.3,m2/g,stated,5,mV/s,uncertain,,,uncertain,,,uncertain,,,uncertain,,,uncertain
ChemElectroChem - 2021 - Abdolhosseinzadeh - Coating Porous MXene Films with Tunable Porosity for High‐Performance.pdf,ChemElectroChem - 2021 - Abdolhosseinzadeh - Coating Porous MXene Films with Tunable Porosity for High‐Performance.pdf,10.1002/celc.202100558,2021,Abdolhosseinzadeh et al.,Porous MXene film (1.44 g/cm3),primary,True,Ti3C2Tx,,stated,Ti3C2Tx,,stated,LiF/HCl MILD etching; vortex delamination; 4.5 wt.% urea space-holder,,stated,single/few-layer,,stated,,,uncertain,,,uncertain,72,%,stated,,,uncertain,,,uncertain,,,uncertain,,,uncertain,H2SO4-PVA gel electrolyte,,derived,62.1,m2/g,stated,5,mV/s,stated,,,stated,192,F/g,stated,,,uncertain,241,mF/cm2,stated
ChemElectroChem - 2021 - Abdolhosseinzadeh - Coating Porous MXene Films with Tunable Porosity for High‐Performance.pdf,ChemElectroChem - 2021 - Abdolhosseinzadeh - Coating Porous MXene Films with Tunable Porosity for High‐Performance.pdf,10.1002/celc.202100558,2021,Abdolhosseinzadeh et al.,Porous MXene film (1.15 g/cm3),variant,False,Ti3C2Tx,,stated,Ti3C2Tx,,stated,LiF/HCl MILD etching; vortex delamination; 6.5 wt.% urea space-holder,,stated,single/few-layer,,stated,,,uncertain,,,uncertain,80,%,stated,,,uncertain,,,uncertain,,,uncertain,,,uncertain,H2SO4-PVA gel electrolyte,,derived,95.6,m2/g,stated,5,mV/s,stated,,,stated,110,F/g,stated,,,uncertain,138,mF/cm2,stated
couly2017.pdf,couly2017.pdf,10.1002/aelm.201700339,2017,Couly et al.,asymmetric interdigitated MSC,primary,True,Ti3C2Tx,,stated,Ti3C2Tx MXene (negative electrode) and rGO (positive electrode),,stated,LiF/HCl minimally intensive layer delamination (MILD); sequential spray coating,,stated,delaminated Ti3C2Tx; restacked graphene layers,,derived,12.62 (Ti3C2Tx); 3.88 (rGO),Å,derived,,,stated,,,stated,,,stated,,,stated,≈300,nm,derived,around 100,µg cm−2,uncertain,1 M PVA/H2SO4 gel electrolyte,,derived,,,stated,2,mV s−1,stated,,,uncertain,,,stated,80,F cm−3,stated,2.4,mF cm−2,stated
couly2017.pdf,couly2017.pdf,10.1002/aelm.201700339,2017,Couly et al.,asymmetric sandwich MSC,variant,False,Ti3C2Tx,,stated,rGO//Ti3C2Tx MXene,,stated,LiF/HCl minimally intensive layer delamination (MILD); spray coating,,derived,delaminated Ti3C2Tx; restacked graphene layers,,derived,12.62 (Ti3C2Tx); 3.88 (rGO),Å,derived,,,stated,,,stated,,,stated,,,stated,≈300,nm,stated,around 100,µg cm−2,uncertain,1 M PVA/H2SO4 gel electrolyte,,derived,,,stated,,,stated,,,stated,,,stated,,,stated,,,stated
couly2017.pdf,couly2017.pdf,10.1002/aelm.201700339,2017,Couly et al.,all-MXene symmetric interdigitated MSC,control,False,Ti3C2Tx,,stated,Ti3C2Tx MXene,,stated,LiF/HCl minimally intensive layer delamination (MILD); sequential Ti3C2Tx spray coating,,stated,delaminated,,derived,12.62,Å,derived,,,stated,,,stated,,,stated,,,stated,≈300,nm,derived,around 100,µg cm−2,uncertain,1 M PVA/H2SO4 gel electrolyte,,derived,,,stated,2,mV s−1,stated,,,stated,,,stated,,,stated,,,stated
d5ta06789h.pdf,d5ta06789h.pdf,10.1039/d5ta06789h,2026,Duong et al.,pristine MXene electrode,control,False,Ti3C2Tx,,stated,Ti3C2Tx,,stated,"LiF/HCl etching (MILD), followed by delamination and DMSO solvent exchange",,stated,single- or few-layered,,stated,13.7,Å,stated,,,stated,,,stated,,,stated,,,stated,,,stated,1,mg cm−2,derived,1 M H2SO4,,derived,,,stated,,,stated,1,A g−1,stated,234.5,F g−1,stated,,,stated,,,stated
d5ta06789h.pdf,d5ta06789h.pdf,10.1039/d5ta06789h,2026,Duong et al.,PVDF-MXene electrode,control,False,Ti3C2Tx,,derived,PVDF-MXene (PVDF:Ti3C2Tx = 1:10 mass ratio),,stated,"LiF/HCl etching (MILD), delamination, DMSO dispersion, and PVDF mixing",,derived,single- or few-layered,,derived,,,stated,,,stated,,,stated,,,stated,,,stated,,,stated,1,mg cm−2,derived,1 M H2SO4,,derived,,,stated,,,stated,1,A g−1,stated,146.9,F g−1,stated,,,stated,,,stated
d5ta06789h.pdf,d5ta06789h.pdf,10.1039/d5ta06789h,2026,Duong et al.,AFAO-MXene electrode,primary,True,Ti3C2Tx,,stated,AFAO-MXene (AFAO:Ti3C2Tx = 1:10 mass ratio),,stated,"LiF/HCl etching (MILD), delamination, DMSO solvent exchange, and AFAO alkoxysilane surface modification",,stated,monolayer,,stated,16.0,Å,stated,,,stated,,,stated,,,stated,,,stated,,,stated,1,mg cm−2,derived,1 M H2SO4,,derived,,,stated,5,mV s−1,stated,1,A g−1,stated,219.1,F g−1,stated,,,stated,,,stated
d6ta00010j.pdf,d6ta00010j.pdf,10.1039/d6ta00010j,2026,Zifang Zhao et al.,MXene films,control,False,Ti3C2Tx,,stated,"Ti3C2Tx (T = -F, -O, -OH)",,stated,LiF/HCl selective etching; vacuum filtration,,stated,ultrathin,,stated,,,stated,less than 1,μm,stated,,,stated,,,stated,,,stated,5.3,μm,stated,,,uncertain,1 M H2SO4,,derived,4.79,m2 g−1,stated,,,uncertain,,,uncertain,,,uncertain,,,uncertain,,,uncertain
d6ta00010j.pdf,d6ta00010j.pdf,10.1039/d6ta00010j,2026,Zifang Zhao et al.,MH1,variant,False,Ti3C2Tx,,stated,"Ti3C2Tx (T = -F, -O, -OH)",,stated,LiF/HCl selective etching; hydrazine-induced foaming (1 mL cm−2),,stated,ultrathin,,derived,,,stated,less than 1,μm,derived,,,stated,larger than 2,μm,derived,,,stated,,,uncertain,,,uncertain,1 M H2SO4,,derived,,,stated,,,uncertain,,,uncertain,,,uncertain,,,uncertain,,,uncertain
d6ta00010j.pdf,d6ta00010j.pdf,10.1039/d6ta00010j,2026,Zifang Zhao et al.,MH5,variant,False,Ti3C2Tx,,stated,"Ti3C2Tx (T = -F, -O, -OH)",,stated,LiF/HCl selective etching; hydrazine-induced foaming (5 mL cm−2),,stated,ultrathin,,derived,,,stated,less than 1,μm,derived,,,stated,larger than 2,μm,derived,,,stated,129.1,μm,stated,,,uncertain,1 M H2SO4,,derived,7.42,m2 g−1,stated,,,uncertain,,,uncertain,,,uncertain,,,uncertain,,,uncertain
d6ta00010j.pdf,d6ta00010j.pdf,10.1039/d6ta00010j,2026,Zifang Zhao et al.,MH10,variant,False,Ti3C2Tx,,stated,"Ti3C2Tx (T = -F, -O, -OH)",,stated,LiF/HCl selective etching; hydrazine-induced foaming (10 mL cm−2),,stated,ultrathin,,derived,,,stated,less than 1,μm,derived,,,stated,larger than 2,μm,derived,,,stated,,,stated,,,uncertain,1 M H2SO4,,derived,,,stated,,,uncertain,,,uncertain,,,uncertain,,,uncertain,,,uncertain
d6ta00010j.pdf,d6ta00010j.pdf,10.1039/d6ta00010j,2026,Zifang Zhao et al.,MH20,variant,False,Ti3C2Tx,,stated,"Ti3C2Tx (T = -F, -O, -OH)",,stated,LiF/HCl selective etching; hydrazine-induced foaming (20 mL cm−2),,stated,ultrathin,,derived,,,stated,less than 1,μm,derived,,,stated,larger than 2,μm,derived,,,stated,,,stated,,,uncertain,1 M H2SO4,,derived,,,stated,,,uncertain,,,uncertain,,,uncertain,,,uncertain,,,uncertain
d6ta00010j.pdf,d6ta00010j.pdf,10.1039/d6ta00010j,2026,Zifang Zhao et al.,MP1,composite,False,Ti3C2Tx,,stated,"Ti3C2Tx/PVA, 1 wt% PVA",,stated,LiF/HCl selective etching; PVA incorporation; vacuum filtration,,stated,ultrathin,,derived,,,stated,less than 1,μm,derived,,,stated,,,stated,,,stated,,,stated,,,uncertain,1 M H2SO4,,derived,,,stated,,,uncertain,,,uncertain,,,uncertain,,,uncertain,,,uncertain
d6ta00010j.pdf,d6ta00010j.pdf,10.1039/d6ta00010j,2026,Zifang Zhao et al.,MP5,composite,False,Ti3C2Tx,,stated,"Ti3C2Tx/PVA, 5 wt% PVA",,stated,LiF/HCl selective etching; PVA incorporation; vacuum filtration,,stated,ultrathin,,derived,,,stated,less than 1,μm,derived,,,stated,,,stated,,,stated,,,stated,,,uncertain,1 M H2SO4,,derived,,,stated,,,uncertain,,,uncertain,,,uncertain,,,uncertain,,,uncertain
d6ta00010j.pdf,d6ta00010j.pdf,10.1039/d6ta00010j,2026,Zifang Zhao et al.,MP10,composite,False,Ti3C2Tx,,stated,"Ti3C2Tx/PVA, 10 wt% PVA",,stated,LiF/HCl selective etching; PVA incorporation; vacuum filtration,,stated,ultrathin,,derived,,,stated,less than 1,μm,derived,,,stated,,,stated,,,stated,4.8,μm,stated,,,uncertain,1 M H2SO4,,derived,,,stated,,,uncertain,,,uncertain,,,uncertain,,,uncertain,,,uncertain
d6ta00010j.pdf,d6ta00010j.pdf,10.1039/d6ta00010j,2026,Zifang Zhao et al.,MP15,composite,False,Ti3C2Tx,,stated,"Ti3C2Tx/PVA, 15 wt% PVA",,stated,LiF/HCl selective etching; PVA incorporation; vacuum filtration,,stated,ultrathin,,derived,,,stated,less than 1,μm,derived,,,stated,,,stated,,,stated,,,stated,,,uncertain,1 M H2SO4,,derived,,,stated,,,uncertain,,,uncertain,,,uncertain,,,uncertain,,,uncertain
d6ta00010j.pdf,d6ta00010j.pdf,10.1039/d6ta00010j,2026,Zifang Zhao et al.,MP20,composite,False,Ti3C2Tx,,stated,"Ti3C2Tx/PVA, 20 wt% PVA",,stated,LiF/HCl selective etching; PVA incorporation; vacuum filtration,,stated,ultrathin,,derived,,,stated,less than 1,μm,derived,,,stated,,,stated,,,stated,,,stated,,,uncertain,1 M H2SO4,,derived,,,stated,,,uncertain,,,uncertain,,,uncertain,,,uncertain,,,uncertain
d6ta00010j.pdf,d6ta00010j.pdf,10.1039/d6ta00010j,2026,Zifang Zhao et al.,MPH1,composite,False,Ti3C2Tx,,stated,"Ti3C2Tx/PVA, 1 wt% PVA",,stated,LiF/HCl selective etching; PVA incorporation; hydrazine-induced foaming (5 mL cm−2),,stated,ultrathin,,derived,,,stated,less than 1,μm,derived,,,stated,larger than 2,μm,derived,,,stated,,,stated,,,uncertain,1 M H2SO4,,derived,,,stated,,,uncertain,,,uncertain,,,uncertain,,,uncertain,,,uncertain
d6ta00010j.pdf,d6ta00010j.pdf,10.1039/d6ta00010j,2026,Zifang Zhao et al.,MPH5,composite,False,Ti3C2Tx,,stated,"Ti3C2Tx/PVA, 5 wt% PVA",,stated,LiF/HCl selective etching; PVA incorporation; hydrazine-induced foaming (5 mL cm−2),,stated,ultrathin,,derived,,,stated,less than 1,μm,derived,,,stated,larger than 2,μm,derived,,,stated,,,stated,,,uncertain,1 M H2SO4,,derived,,,stated,,,uncertain,,,uncertain,,,uncertain,,,uncertain,,,uncertain
d6ta00010j.pdf,d6ta00010j.pdf,10.1039/d6ta00010j,2026,Zifang Zhao et al.,MPH10,primary,True,Ti3C2Tx,,stated,"Ti3C2Tx/PVA, 10 wt% PVA",,stated,LiF/HCl selective etching; PVA incorporation; hydrazine-induced foaming (5 mL cm−2),,stated,ultrathin,,derived,,,stated,less than 1,μm,derived,,,stated,larger than 2,μm,derived,,,stated,121.8,μm,stated,1.1,mg cm−2,stated,PVA/H2SO4 gel electrolyte,,stated,,,stated,2,mV s−1,stated,,,stated,240.77,F g−1,stated,44.06,F cm−3,stated,264.84,mF cm−2,stated
d6ta00010j.pdf,d6ta00010j.pdf,10.1039/d6ta00010j,2026,Zifang Zhao et al.,MPH15,composite,False,Ti3C2Tx,,stated,"Ti3C2Tx/PVA, 15 wt% PVA",,stated,LiF/HCl selective etching; PVA incorporation; hydrazine-induced foaming (5 mL cm−2),,stated,ultrathin,,derived,,,stated,less than 1,μm,derived,,,stated,larger than 2,μm,derived,,,stated,,,stated,,,uncertain,1 M H2SO4,,derived,,,stated,,,uncertain,,,uncertain,,,uncertain,,,uncertain,,,uncertain
d6ta00010j.pdf,d6ta00010j.pdf,10.1039/d6ta00010j,2026,Zifang Zhao et al.,MPH20,composite,False,Ti3C2Tx,,stated,"Ti3C2Tx/PVA, 20 wt% PVA",,stated,LiF/HCl selective etching; PVA incorporation; hydrazine-induced foaming (5 mL cm−2),,stated,ultrathin,,derived,,,stated,less than 1,μm,derived,,,stated,larger than 2,μm,derived,,,stated,,,stated,,,uncertain,1 M H2SO4,,derived,,,stated,,,uncertain,,,uncertain,,,uncertain,,,uncertain,,,uncertain
Designed-Redox-Electrolyte-Strategy-Boosted-with-Electrode-Engineering-for-High-Performance.pdf,Designed-Redox-Electrolyte-Strategy-Boosted-with-Electrode-Engineering-for-High-Performance.pdf,10.1002/aenm.202301219,2023,Ma et al.,pristine MXene electrode,control,False,Ti3C2Tx,,stated,Ti3C2Tx,,stated,,,stated,,,stated,1.13,nm,stated,,,stated,,,stated,,,stated,,,stated,,,stated,,,stated,3 m H2SO4 + 50 mm CuSO4 + 70 mm VOSO4,,stated,15.9,m2 g−1,stated,2,mV s−1,stated,,,stated,421.5,F g−1,stated,,,stated,,,stated
Designed-Redox-Electrolyte-Strategy-Boosted-with-Electrode-Engineering-for-High-Performance.pdf,Designed-Redox-Electrolyte-Strategy-Boosted-with-Electrode-Engineering-for-High-Performance.pdf,10.1002/aenm.202301219,2023,Ma et al.,MXene/CPAQ,primary,True,Ti3C2Tx,,stated,Ti3C2Tx/carbonized quinone-amine polymer (CPAQ),,stated,in situ PAQ growth/carbonization + KOH alkali treatment + PMMA template sacrificing,,stated,,,stated,1.44,nm,stated,,,stated,,,stated,,,stated,,,stated,,,stated,,,stated,3 m H2SO4 + 50 mm CuSO4 + 70 mm VOSO4,,stated,79.6,m2 g−1,stated,2,mV s−1,stated,,,stated,788.4,F g−1,stated,,,stated,,,stated
Designed-Redox-Electrolyte-Strategy-Boosted-with-Electrode-Engineering-for-High-Performance.pdf,Designed-Redox-Electrolyte-Strategy-Boosted-with-Electrode-Engineering-for-High-Performance.pdf,10.1002/aenm.202301219,2023,Ma et al.,rGO/RuO2,reference,False,,,stated,rGO/RuO2,,stated,,,stated,,,stated,,,stated,,,stated,,,stated,,,stated,,,stated,,,stated,,,stated,3 m H2SO4 + 50 mm CuSO4 + 70 mm VOSO4,,derived,,,stated,,,stated,,,stated,,,stated,,,stated,,,stated
em4045_down.pdf,em4045_down.pdf,10.20517/energymater.2024.45,2025,Yang et al.,p-MF,control,False,Ti3C2Tx,,stated,Ti3C2Tx,,stated,LiF/HCl etching followed by direct vacuum filtration,,stated,single or few-layer,,derived,12.6,Å,stated,,,uncertain,,,uncertain,,,uncertain,,,uncertain,4.47 ± 0.29,μm,stated,,,uncertain,3 M H2SO4,,derived,,,uncertain,5,mV s-1,stated,1,A g-1,stated,258.8,F g-1,stated,847.6,F cm-3,stated,,,stated
em4045_down.pdf,em4045_down.pdf,10.20517/energymater.2024.45,2025,Yang et al.,a-MF,control,False,Ti3C2Tx,,stated,Ti3C2Tx,,stated,"LiF/HCl etching, vacuum filtration, and Ar annealing (400 °C, 2 h)",,stated,single or few-layer,,derived,11.8,Å,stated,,,uncertain,,,uncertain,,,uncertain,,,uncertain,3.17 ± 0.16,μm,stated,,,uncertain,3 M H2SO4,,derived,,,uncertain,5,mV s-1,stated,1,A g-1,stated,325.7,F g-1,stated,,,uncertain,,,stated
em4045_down.pdf,em4045_down.pdf,10.20517/energymater.2024.45,2025,Yang et al.,CDs-MF-1,variant,False,Ti3C2Tx,,stated,carbon dots-intercalated Ti3C2Tx,,stated,LiF/HCl etching; gelatin intercalation (3 wt.%); carbonization under Ar,,stated,single or few-layer,,derived,,,uncertain,,,uncertain,,,uncertain,,,uncertain,,,uncertain,3.47 ± 0.13,μm,stated,,,uncertain,3 M H2SO4,,derived,,,uncertain,5,mV s-1,stated,1,A g-1,stated,381.5,F g-1,stated,"1,347.0",F cm-3,stated,,,stated
em4045_down.pdf,em4045_down.pdf,10.20517/energymater.2024.45,2025,Yang et al.,CDs-MF-2,primary,True,Ti3C2Tx,,stated,carbon dots-intercalated Ti3C2Tx,,stated,LiF/HCl etching; gelatin intercalation (5 wt.%); carbonization under Ar,,stated,single or few-layer,,derived,13.4,Å,stated,,,uncertain,,,uncertain,,,uncertain,,,uncertain,4.65 ± 0.04,μm,stated,,,uncertain,3 M H2SO4,,derived,,,uncertain,5,mV s-1,stated,1,A g-1,stated,396.4,F g-1,stated,"1,153.2",F cm-3,stated,,,stated
em4045_down.pdf,em4045_down.pdf,10.20517/energymater.2024.45,2025,Yang et al.,CDs-MF-3,variant,False,Ti3C2Tx,,stated,carbon dots-intercalated Ti3C2Tx,,stated,LiF/HCl etching; gelatin intercalation (10 wt.%); carbonization under Ar,,stated,single or few-layer,,derived,,,uncertain,,,uncertain,,,uncertain,,,uncertain,,,uncertain,4.66 ± 0.11,μm,stated,,,uncertain,3 M H2SO4,,derived,,,uncertain,5,mV s-1,stated,1,A g-1,stated,360.3,F g-1,stated,,,uncertain,,,stated
Energy   Environ Materials - 2025 - Mehdi - Enhanced Electrochemical Performance and Theoretical Insights of.pdf,Energy   Environ Materials - 2025 - Mehdi - Enhanced Electrochemical Performance and Theoretical Insights of.pdf,10.1002/eem2.12876,2025,Mehdi et al.,Pure-MXene,control,False,Ti3C2Tx,,stated,Ti3C2Tx,,stated,"HCl/LiF etching of Ti3AlC2, followed by sonication and centrifugation",,stated,few-layer,,stated,,,stated,several,microns,stated,,,stated,,,stated,,,stated,,,stated,,,stated,1 M H2SO4,,derived,16.3,m2 g−1,stated,,,uncertain,,,stated,294,F g−1,stated,,,stated,,,stated
Energy   Environ Materials - 2025 - Mehdi - Enhanced Electrochemical Performance and Theoretical Insights of.pdf,Energy   Environ Materials - 2025 - Mehdi - Enhanced Electrochemical Performance and Theoretical Insights of.pdf,10.1002/eem2.12876,2025,Mehdi et al.,0.5% Ni-MXene,composite,False,Ti3C2Tx,,derived,0.5 wt% Ni-intercalated Ti3C2Tx,,stated,HCl/LiF etching of Ti3AlC2; 0.5 wt% 40 nm Ni powder paste-mixed into MXene slurry,,derived,few-layer,,derived,,,stated,several,microns,derived,,,stated,,,stated,,,stated,,,stated,,,stated,1 M H2SO4,,derived,,,stated,,,uncertain,,,stated,74,F g−1,stated,,,stated,,,stated
Energy   Environ Materials - 2025 - Mehdi - Enhanced Electrochemical Performance and Theoretical Insights of.pdf,Energy   Environ Materials - 2025 - Mehdi - Enhanced Electrochemical Performance and Theoretical Insights of.pdf,10.1002/eem2.12876,2025,Mehdi et al.,1% Ni-MXene,composite,False,Ti3C2Tx,,derived,1 wt% Ni-intercalated Ti3C2Tx,,stated,HCl/LiF etching of Ti3AlC2; 1 wt% 40 nm Ni powder paste-mixed into MXene slurry,,derived,few-layer,,derived,,,stated,several,microns,derived,,,stated,,,stated,,,stated,,,stated,,,stated,1 M H2SO4,,derived,,,stated,,,uncertain,,,stated,105,F g−1,stated,,,stated,,,stated
Energy   Environ Materials - 2025 - Mehdi - Enhanced Electrochemical Performance and Theoretical Insights of.pdf,Energy   Environ Materials - 2025 - Mehdi - Enhanced Electrochemical Performance and Theoretical Insights of.pdf,10.1002/eem2.12876,2025,Mehdi et al.,10% Ni-MXene,primary,True,Ti3C2Tx,,derived,10 wt% Ni-intercalated Ti3C2Tx,,stated,HCl/LiF etching of Ti3AlC2; 10 wt% 40 nm Ni powder paste-mixed into MXene slurry,,derived,few-layer,,derived,1.33,nm,stated,several,microns,derived,,,stated,,,stated,,,stated,750,nm,stated,,,stated,1 M H2SO4,,derived,13.4,m2 g−1,stated,10,mV s−1,stated,,,stated,208,F g−1,stated,1540,F cm−3,stated,,,stated
Energy   Environ Materials - 2025 - Mehdi - Enhanced Electrochemical Performance and Theoretical Insights of.pdf,Energy   Environ Materials - 2025 - Mehdi - Enhanced Electrochemical Performance and Theoretical Insights of.pdf,10.1002/eem2.12876,2025,Mehdi et al.,15% Ni-MXene,composite,False,Ti3C2Tx,,derived,15 wt% Ni-intercalated Ti3C2Tx,,stated,HCl/LiF etching of Ti3AlC2; 15 wt% 40 nm Ni powder paste-mixed into MXene slurry,,derived,,,stated,,,stated,,,stated,,,stated,,,stated,,,stated,,,stated,,,stated,1 M H2SO4,,derived,,,stated,,,uncertain,,,stated,151,F g−1,stated,,,stated,,,stated
kurra2016.pdf,kurra2016.pdf,10.1002/aenm.201601372,2016,Kurra et al.,HF-etched Ti3C2 MXene,control,False,Ti3C2Tx,,stated,"HF-etched Ti3C2Tx (T = O, OH, F) with acetylene black and PVDF (80:10:10 weight ratio)",,stated,48% HF etching of Ti3AlC2 for 3 h at room temperature; washed and bath-sonicated,,stated,few- to multilayer stacks,,stated,,,uncertain,,,uncertain,,,uncertain,,,uncertain,,,uncertain,≈125,μm,stated,≈1,mg cm−2,derived,1 m H2SO4,,stated,,,uncertain,20,mV s−1,stated,,,uncertain,,,uncertain,,,uncertain,6.2,mF cm−2,stated
kurra2016.pdf,kurra2016.pdf,10.1002/aenm.201601372,2016,Kurra et al.,clay-like Ti3C2 MXene,primary,True,Ti3C2Tx,,stated,"Clay-like Li-intercalated Ti3C2Tx (T = O, OH, F) with acetylene black and PVDF (80:10:10 weight ratio)",,stated,LiF/HCl etching: 1.2 g LiF in 30 mL 6 m HCl; 45 °C for 45 h,,stated,multilayers,,stated,,,uncertain,,,uncertain,,,uncertain,,,uncertain,,,uncertain,≈125,μm,stated,≈1,mg cm−2,derived,1 m H2SO4,,stated,,,uncertain,20,mV s−1,stated,,,uncertain,,,uncertain,,,uncertain,25,mF cm−2,stated
li2020_2.pdf,li2020_2.pdf,10.1002/pssa.201900806,2020,Jingbo Li et al.,MXene,control,False,Ti3C2,,stated,Ti3C2 MXene,,stated,"NH4HF2 etching (2 M, 18 h at 40 °C), followed by washing, filtration, and vacuum drying",,stated,partially opened layer structure,,stated,10.8,Å,stated,,,stated,,,stated,,,stated,,,stated,,,stated,,,stated,1 M KOH aqueous solution,,derived,15.8,cm−2 g−1,stated,,,stated,1,A g−1,stated,333.3,F g−1,stated,,,stated,,,stated
li2020_2.pdf,li2020_2.pdf,10.1002/pssa.201900806,2020,Jingbo Li et al.,K-MXene,primary,True,Ti3C2,,stated,K+-intercalated Ti3C2 MXene (K-MXene),,stated,"NH4HF2 etching (2 M, 18 h at 40 °C) followed by KOH intercalation (1.8 M, 4 h)",,stated,highly opened layer structure,,stated,12.4,Å,stated,,,stated,,,stated,,,stated,,,stated,,,stated,,,uncertain,1 M KOH aqueous solution,,derived,23.6,cm−2 g−1,stated,,,stated,1,A g−1,stated,690.9,F g−1,stated,,,stated,,,stated
ling-et-al-2014-flexible-and-conductive-mxene-films-and-nanocomposites-with-high-capacitance.pdf,ling-et-al-2014-flexible-and-conductive-mxene-films-and-nanocomposites-with-high-capacitance.pdf,10.1073/pnas.1414215111,2014,Ling et al.,Ti3C2Tx,control,False,Ti3C2Tx,,stated,Ti3C2Tx,,stated,,,uncertain,primarily single- and few-layer,,derived,,,stated,over 2,μm,derived,,,stated,,,stated,,,stated,3.3,μm,stated,,,stated,1 M KOH,,derived,,,stated,,,uncertain,,,stated,,,stated,,,stated,,,stated
ling-et-al-2014-flexible-and-conductive-mxene-films-and-nanocomposites-with-high-capacitance.pdf,ling-et-al-2014-flexible-and-conductive-mxene-films-and-nanocomposites-with-high-capacitance.pdf,10.1073/pnas.1414215111,2014,Ling et al.,Ti3C2Tx/PDDA,composite,False,Ti3C2Tx,,stated,Ti3C2Tx/PDDA,,stated,PDDA intercalation followed by vacuum-assisted filtration,,stated,primarily single- and few-layer,,derived,,,stated,over 2,μm,derived,,,stated,,,stated,,,stated,,,stated,,,stated,1 M KOH,,derived,,,stated,2,mV/s,stated,,,stated,,,stated,296,F/cm3,stated,,,stated
ling-et-al-2014-flexible-and-conductive-mxene-films-and-nanocomposites-with-high-capacitance.pdf,ling-et-al-2014-flexible-and-conductive-mxene-films-and-nanocomposites-with-high-capacitance.pdf,10.1073/pnas.1414215111,2014,Ling et al.,90 wt% Ti3C2Tx/PVA,composite,False,Ti3C2Tx,,stated,90 wt% Ti3C2Tx/PVA,,stated,PVA mixing/sonication followed by vacuum-assisted filtration,,stated,primarily single- and few-layer,,derived,,,stated,over 2,μm,derived,,,stated,,,stated,,,stated,3.9,μm,stated,,,stated,,,stated,,,stated,,,stated,,,stated,,,stated,,,stated,,,stated
ling-et-al-2014-flexible-and-conductive-mxene-films-and-nanocomposites-with-high-capacitance.pdf,ling-et-al-2014-flexible-and-conductive-mxene-films-and-nanocomposites-with-high-capacitance.pdf,10.1073/pnas.1414215111,2014,Ling et al.,80 wt% Ti3C2Tx/PVA,composite,False,Ti3C2Tx,,stated,80 wt% Ti3C2Tx/PVA,,stated,PVA mixing/sonication followed by vacuum-assisted filtration,,stated,primarily single- and few-layer,,derived,,,stated,over 2,μm,derived,,,stated,,,stated,,,stated,6.1,μm,stated,,,stated,,,stated,,,stated,,,stated,,,stated,,,stated,,,stated,,,stated
ling-et-al-2014-flexible-and-conductive-mxene-films-and-nanocomposites-with-high-capacitance.pdf,ling-et-al-2014-flexible-and-conductive-mxene-films-and-nanocomposites-with-high-capacitance.pdf,10.1073/pnas.1414215111,2014,Ling et al.,60 wt% Ti3C2Tx/PVA,composite,False,Ti3C2Tx,,stated,60 wt% Ti3C2Tx/PVA,,stated,PVA mixing/sonication followed by vacuum-assisted filtration,,stated,primarily single- and few-layer,,derived,,,stated,over 2,μm,derived,,,stated,,,stated,,,stated,7.2,μm,stated,,,stated,,,stated,,,stated,,,stated,,,stated,,,stated,,,stated,,,stated
ling-et-al-2014-flexible-and-conductive-mxene-films-and-nanocomposites-with-high-capacitance.pdf,ling-et-al-2014-flexible-and-conductive-mxene-films-and-nanocomposites-with-high-capacitance.pdf,10.1073/pnas.1414215111,2014,Ling et al.,40 wt% Ti3C2Tx/PVA,composite,False,Ti3C2Tx,,stated,40 wt% Ti3C2Tx/PVA,,stated,PVA mixing/sonication followed by vacuum-assisted filtration,,stated,primarily single- and few-layer,,derived,,,stated,over 2,μm,derived,,,stated,,,stated,,,stated,12.0,μm,stated,,,stated,,,stated,,,stated,,,stated,,,stated,,,stated,,,stated,,,stated
ling-et-al-2014-flexible-and-conductive-mxene-films-and-nanocomposites-with-high-capacitance.pdf,ling-et-al-2014-flexible-and-conductive-mxene-films-and-nanocomposites-with-high-capacitance.pdf,10.1073/pnas.1414215111,2014,Ling et al.,PVA,reference,False,,,stated,PVA,,stated,cast PVA film,,stated,,,stated,,,stated,,,stated,,,stated,,,stated,,,stated,13.0,μm,stated,,,stated,,,stated,,,stated,,,stated,,,stated,,,stated,,,stated,,,stated
ling-et-al-2014-flexible-and-conductive-mxene-films-and-nanocomposites-with-high-capacitance.pdf,ling-et-al-2014-flexible-and-conductive-mxene-films-and-nanocomposites-with-high-capacitance.pdf,10.1073/pnas.1414215111,2014,Ling et al.,Ti3C2Tx/PVA-KOH,primary,True,Ti3C2Tx,,stated,Ti3C2Tx/PVA-KOH,,stated,KOH-introduced Ti3C2Tx/PVA composite film,,stated,primarily single- and few-layer,,derived,,,stated,over 2,μm,derived,,,stated,,,stated,,,stated,,,stated,,,stated,1 M KOH,,stated,,,stated,2,mV/s,stated,,,stated,,,stated,528,F/cm3,stated,,,stated
liu2021.pdf,liu2021.pdf,10.1002/adfm.202010944,2021,Liu et al.,T/A-0 fiber,control,False,Ti3C2Tx,,stated,Ti3C2Tx,,stated,HF etching/TMAOH delamination followed by wet spinning in 0.5 m FeCl2,,derived,few-layer or single-layer,,derived,1.49,nm,stated,1–2,µm,derived,,,stated,,,stated,,,stated,,,stated,,,stated,3 m H2SO4,,stated,,,stated,,,stated,3,A cm−3,stated,311,F g−1,stated,934,F cm−3,stated,,,stated
liu2021.pdf,liu2021.pdf,10.1002/adfm.202010944,2021,Liu et al.,T/A-2 fiber,variant,False,Ti3C2Tx,,stated,Ti3C2Tx/ANF (2% ANF),,stated,HF etching/TMAOH delamination followed by wet spinning in 0.5 m FeCl2,,derived,few-layer or single-layer,,derived,,,uncertain,1–2,µm,derived,,,stated,,,stated,,,stated,,,stated,,,stated,3 m H2SO4,,stated,,,stated,,,stated,3,A cm−3,stated,295,F g−1,stated,870,F cm−3,stated,,,stated
liu2021.pdf,liu2021.pdf,10.1002/adfm.202010944,2021,Liu et al.,T/A-5 fiber,primary,True,Ti3C2Tx,,stated,Ti3C2Tx/ANF (5% ANF),,stated,HF etching/TMAOH delamination followed by wet spinning in 0.5 m FeCl2,,stated,few-layer or single-layer,,derived,1.55,nm,stated,1–2,µm,derived,,,stated,,,stated,,,stated,,,stated,,,stated,3 m H2SO4,,stated,,,stated,,,stated,3,A cm−3,stated,278,F g−1,stated,807,F cm−3,stated,,,stated
liu2022.pdf,liu2022.pdf,10.1002/slct.202200690,2022,Xingmin Liu et al.,Ori-M,control,False,Ti3C2Tx,,stated,Ti3C2Tx,,stated,LiF/HCl in situ HF etching followed by vacuum filtration,,stated,,,uncertain,16.21,Å,stated,,,uncertain,,,uncertain,,,uncertain,,,uncertain,,,uncertain,,,uncertain,1 m H2SO4,,derived,,,uncertain,5,mV/s,stated,,,uncertain,164.6,F/g,stated,,,uncertain,,,uncertain
liu2022.pdf,liu2022.pdf,10.1002/slct.202200690,2022,Xingmin Liu et al.,pH3M,variant,False,Ti3C2Tx,,stated,Ti3C2Tx,,stated,"LiF/HCl in situ HF etching, proton acid treatment (pH=3), vacuum filtration",,stated,,,uncertain,,,uncertain,,,uncertain,,,uncertain,,,uncertain,,,uncertain,,,uncertain,,,uncertain,1 m H2SO4,,derived,,,uncertain,,,uncertain,,,uncertain,,,uncertain,,,uncertain,,,uncertain
liu2022.pdf,liu2022.pdf,10.1002/slct.202200690,2022,Xingmin Liu et al.,pH1M,variant,False,Ti3C2Tx,,stated,Ti3C2Tx,,stated,"LiF/HCl in situ HF etching, proton acid treatment (pH=1), vacuum filtration",,stated,,,uncertain,,,uncertain,,,uncertain,,,uncertain,,,uncertain,,,uncertain,,,uncertain,,,uncertain,1 m H2SO4,,derived,,,uncertain,5,mV/s,stated,,,uncertain,200.4,F/g,stated,,,uncertain,,,uncertain
liu2022.pdf,liu2022.pdf,10.1002/slct.202200690,2022,Xingmin Liu et al.,pH0.5M,variant,False,Ti3C2Tx,,stated,Ti3C2Tx,,stated,"LiF/HCl in situ HF etching, proton acid treatment (pH=0.5), vacuum filtration",,stated,,,uncertain,14.14,Å,stated,,,uncertain,,,uncertain,,,uncertain,,,uncertain,,,uncertain,,,uncertain,1 m H2SO4,,derived,,,uncertain,,,uncertain,,,uncertain,,,uncertain,,,uncertain,,,uncertain
liu2022.pdf,liu2022.pdf,10.1002/slct.202200690,2022,Xingmin Liu et al.,Ori-MC,composite,False,Ti3C2Tx,,stated,Ti3C2Tx/SWCNTs,,stated,"LiF/HCl in situ HF etching, SWCNT mixing, vacuum filtration",,stated,,,uncertain,16.53,Å,stated,,,uncertain,,,uncertain,,,uncertain,,,uncertain,,,uncertain,,,uncertain,1 m H2SO4,,derived,,,uncertain,5,mV/s,stated,,,uncertain,211.7,F/g,stated,,,uncertain,,,uncertain
liu2022.pdf,liu2022.pdf,10.1002/slct.202200690,2022,Xingmin Liu et al.,pH3MC,composite,False,Ti3C2Tx,,stated,Ti3C2Tx/SWCNTs,,stated,"LiF/HCl in situ HF etching, proton acid treatment (pH=3), SWCNT mixing, vacuum filtration",,stated,,,uncertain,,,uncertain,,,uncertain,,,uncertain,,,uncertain,,,uncertain,,,uncertain,,,uncertain,1 m H2SO4,,derived,,,uncertain,,,uncertain,,,uncertain,,,uncertain,,,uncertain,,,uncertain
liu2022.pdf,liu2022.pdf,10.1002/slct.202200690,2022,Xingmin Liu et al.,pH1MC,composite,True,Ti3C2Tx,,stated,95% Ti3C2Tx/5% SWCNTs,,stated,"LiF/HCl in situ HF etching, proton acid treatment (pH=1), SWCNT mixing, vacuum filtration",,stated,,,uncertain,14.58,Å,stated,,,uncertain,,,uncertain,,,uncertain,,,uncertain,,,uncertain,,,uncertain,1 m H2SO4,,derived,,,uncertain,5,mV/s,stated,,,uncertain,270.5,F/g,stated,,,uncertain,,,uncertain
liu2022.pdf,liu2022.pdf,10.1002/slct.202200690,2022,Xingmin Liu et al.,pH0.5MC,composite,False,Ti3C2Tx,,stated,Ti3C2Tx/SWCNTs,,stated,"LiF/HCl in situ HF etching, proton acid treatment (pH=0.5), SWCNT mixing, vacuum filtration",,stated,,,uncertain,,,uncertain,,,uncertain,,,uncertain,,,uncertain,,,uncertain,,,uncertain,,,uncertain,1 m H2SO4,,derived,,,uncertain,,,uncertain,,,uncertain,,,uncertain,,,uncertain,,,uncertain
lukatskaya2013.pdf,lukatskaya2013.pdf,10.1126/science.1241488,2013,Lukatskaya et al.,multilayer exfoliated Ti3C2Tx electrode,control,False,Ti3C2Tx,,stated,"Ti3C2Tx, primarily O/OH terminated with some F",,stated,HF etching of Ti3AlC2 MAX phase,,stated,multilayer,,stated,,,stated,,,stated,,,stated,,,stated,,,stated,,,stated,,,stated,KOH,,stated,23,m2/g,stated,,,uncertain,,,stated,,,uncertain,,,uncertain,,,stated
lukatskaya2013.pdf,lukatskaya2013.pdf,10.1126/science.1241488,2013,Lukatskaya et al.,Ti3C2Tx paper,primary,True,Ti3C2Tx,,stated,"Ti3C2Tx, primarily O/OH terminated with some F",,stated,"HF etching of Ti3AlC2, followed by delamination and vacuum filtration into binder- and additive-free paper",,stated,few-layer,,stated,,,stated,,,stated,,,stated,,,stated,,,stated,,,stated,,,stated,KOH,,stated,98,m2/g,stated,,,uncertain,,,stated,,,uncertain,350,F/cm3,stated,,,stated
lv2022.pdf,lv2022.pdf,10.1002/smll.202202203,2022,Ke Lv et al.,pure MXene film,control,False,Ti3C2Tx,,stated,Ti3C2Tx,,stated,"LiF/HCl etching (MILD), probe-sonication and vacuum filtration",,stated,monolayer,,derived,,,uncertain,300 to 500,nm,derived,,,uncertain,,,uncertain,,,uncertain,,,uncertain,,,uncertain,1 m H2SO4 aqueous,,derived,,,uncertain,2,mV s−1,stated,,,uncertain,376,F g−1,stated,925,F cm−3,stated,,,uncertain
lv2022.pdf,lv2022.pdf,10.1002/smll.202202203,2022,Ke Lv et al.,MX6PS80-A,variant,False,Ti3C2Tx,,derived,Ti3C2Tx porous foam (MXene:PS80 = 6:1 before template removal),,stated,PS-templated self-assembly/vacuum filtration and annealing,,stated,monolayer,,derived,,,uncertain,300 to 500,nm,derived,,,uncertain,80,nm,stated,,,uncertain,,,uncertain,,,uncertain,1 m H2SO4 aqueous,,derived,,,uncertain,2,mV s−1,stated,,,uncertain,457,F g−1,stated,1089,F cm−3,stated,,,uncertain
lv2022.pdf,lv2022.pdf,10.1002/smll.202202203,2022,Ke Lv et al.,MX6PS310-A,primary,True,Ti3C2Tx,,derived,Ti3C2Tx porous foam (MXene:PS310 = 6:1 before template removal),,stated,PS-templated self-assembly/vacuum filtration and annealing,,stated,monolayer,,derived,,,uncertain,300 to 500,nm,derived,,,uncertain,310,nm,stated,,,uncertain,,,uncertain,,,uncertain,1 m H2SO4 aqueous,,derived,,,uncertain,2,mV s−1,stated,,,uncertain,474,F g−1,stated,1121,F cm−3,stated,,,uncertain
lv2022.pdf,lv2022.pdf,10.1002/smll.202202203,2022,Ke Lv et al.,MX6PS570-A,variant,False,Ti3C2Tx,,derived,Ti3C2Tx porous foam (MXene:PS570 = 6:1 before template removal),,stated,PS-templated self-assembly/vacuum filtration and annealing,,stated,monolayer,,derived,,,uncertain,300 to 500,nm,derived,,,uncertain,570,nm,stated,,,uncertain,,,uncertain,,,uncertain,1 m H2SO4 aqueous,,derived,,,uncertain,2,mV s−1,stated,,,uncertain,424,F g−1,stated,810,F cm−3,stated,,,uncertain
lv2022.pdf,lv2022.pdf,10.1002/smll.202202203,2022,Ke Lv et al.,MPC-3-A,composite,False,Ti3C2Tx,,derived,"Ti3C2Tx/CNT porous foam, 3 wt.% CNT",,stated,PS310-templated MXene/CNT self-assembly and annealing,,stated,monolayer,,derived,,,uncertain,300 to 500,nm,derived,,,uncertain,,,uncertain,,,uncertain,,,uncertain,,,uncertain,1 m H2SO4 aqueous,,derived,,,uncertain,2,mV s−1,stated,,,uncertain,454 ± 9,F g−1,stated,942,F cm−3,stated,,,uncertain
lv2022.pdf,lv2022.pdf,10.1002/smll.202202203,2022,Ke Lv et al.,MPC-5-A,composite,False,Ti3C2Tx,,derived,"Ti3C2Tx/CNT porous foam, 5 wt.% CNT",,stated,PS310-templated MXene/CNT self-assembly and annealing,,stated,monolayer,,derived,,,uncertain,300 to 500,nm,derived,,,uncertain,,,uncertain,,,uncertain,,,uncertain,,,uncertain,1 m H2SO4 aqueous,,derived,,,uncertain,2,mV s−1,stated,,,uncertain,462 ± 7,F g−1,stated,1007,F cm−3,stated,,,uncertain
lv2022.pdf,lv2022.pdf,10.1002/smll.202202203,2022,Ke Lv et al.,MPC-10-A,composite,False,Ti3C2Tx,,derived,"Ti3C2Tx/CNT porous foam, 10 wt.% CNT",,stated,PS310-templated MXene/CNT self-assembly and annealing,,stated,monolayer,,derived,,,uncertain,300 to 500,nm,derived,,,uncertain,,,uncertain,,,uncertain,,,uncertain,,,uncertain,1 m H2SO4 aqueous,,derived,,,uncertain,2,mV s−1,stated,,,uncertain,354 ± 9,F g−1,stated,755,F cm−3,stated,,,uncertain
ma2022.pdf,ma2022.pdf,10.1021/acsnano.2c03351,2022,Ma et al.,pristine MXene,control,False,Ti3C2Tx,,stated,Ti3C2Tx,,stated,"LiF/HCl etching (MILD-type), delamination, vacuum filtration",,stated,few-layer,,stated,1.36,nm,stated,,,stated,,,stated,,,stated,,,stated,,μm,uncertain,,mg cm−2,stated,3 M H2SO4,,derived,,,stated,5,mV s−1,stated,,,stated,287.9,F g−1,stated,,,stated,,,stated
ma2022.pdf,ma2022.pdf,10.1021/acsnano.2c03351,2022,Ma et al.,P-MXene,variant,False,Ti3C2Tx,,derived,Ti3C2Tx,,stated,"PMMA template-sacrificing, 400 °C Ar annealing",,stated,few-layer,,derived,,,stated,,,stated,,,stated,,,stated,,,stated,,μm,uncertain,,,stated,3 M H2SO4,,derived,,,stated,5,mV s−1,stated,,,stated,323.4,F g−1,stated,,,stated,,,stated
ma2022.pdf,ma2022.pdf,10.1021/acsnano.2c03351,2022,Ma et al.,MXene-A,variant,False,Ti3C2Tx,,derived,Ti3C2Tx,,stated,"KOH alkali treatment, 400 °C Ar annealing",,stated,few-layer,,derived,1.38,nm,stated,,,stated,,,stated,,,stated,,,stated,,,stated,,,stated,3 M H2SO4,,derived,,,stated,5,mV s−1,stated,,,stated,408.7,F g−1,stated,,,stated,,,stated
ma2022.pdf,ma2022.pdf,10.1021/acsnano.2c03351,2022,Ma et al.,P-MXene-A,variant,False,Ti3C2Tx,,derived,Ti3C2Tx,,stated,PMMA template-sacrificing + KOH alkali treatment + 400 °C Ar annealing,,stated,few-layer,,derived,,,stated,,,stated,,,stated,,,stated,,,stated,,,stated,,,stated,3 M H2SO4,,derived,,,stated,5,mV s−1,stated,,,stated,401.2,F g−1,stated,,,stated,,,stated
ma2022.pdf,ma2022.pdf,10.1021/acsnano.2c03351,2022,Ma et al.,P-MXene/CPAQ,composite,False,Ti3C2Tx,,derived,Ti3C2Tx/carbonized PAQ,,stated,PMMA template-sacrificing + in-situ PAQ carbonization at 400 °C,,stated,few-layer,,derived,,,stated,,,stated,,,stated,,,stated,,,stated,,,stated,,,stated,3 M H2SO4,,derived,,,stated,5,mV s−1,stated,,,stated,453.8,F g−1,stated,,,stated,,,stated
ma2022.pdf,ma2022.pdf,10.1021/acsnano.2c03351,2022,Ma et al.,P-MXene/CPAQ-A,primary,True,Ti3C2Tx,,derived,Ti3C2Tx/carbonized PAQ,,stated,"PMMA template-sacrificing + in-situ PAQ carbonization + KOH alkali treatment, 400 °C Ar",,stated,few-layer,,derived,1.70,nm,stated,,,stated,,,stated,,,stated,,,stated,3 to 6,μm,derived,,mg cm−2,stated,3 M H2SO4,,derived,,,stated,5,mV s−1,stated,,,stated,532.9,F g−1,stated,,,stated,,,stated
ma2022.pdf,ma2022.pdf,10.1021/acsnano.2c03351,2022,Ma et al.,P-MXene/CResin-A,composite,False,Ti3C2Tx,,derived,Ti3C2Tx/carbonized Resin,,stated,"PMMA template-sacrificing + in-situ Resin carbonization + KOH alkali treatment, 400 °C Ar",,stated,few-layer,,derived,1.43,nm,stated,,,stated,,,stated,,,stated,,,stated,3 to 6,μm,derived,,,stated,3 M H2SO4,,derived,,,stated,5,mV s−1,stated,,,stated,416.7,F g−1,stated,,,stated,,,stated
ma2022.pdf,ma2022.pdf,10.1021/acsnano.2c03351,2022,Ma et al.,P-MXene/CPVP-A,composite,False,Ti3C2Tx,,derived,Ti3C2Tx/carbonized PVP,,stated,PMMA template-sacrificing + in-situ PVP carbonization + KOH alkali treatment,,stated,few-layer,,derived,1.58,nm,stated,,,stated,,,stated,,,stated,,,stated,3 to 6,μm,derived,,,stated,3 M H2SO4,,derived,,,stated,5,mV s−1,stated,,,stated,465.1,F g−1,stated,,,stated,,,stated
ma2022.pdf,ma2022.pdf,10.1021/acsnano.2c03351,2022,Ma et al.,P-MXene/CPTh-A,composite,False,Ti3C2Tx,,derived,Ti3C2Tx/carbonized PTh,,stated,"PMMA template-sacrificing + in-situ PTh carbonization + KOH alkali treatment, 400 °C Ar",,stated,few-layer,,derived,1.40,nm,stated,,,stated,,,stated,,,stated,,,stated,3 to 6,μm,derived,,,stated,3 M H2SO4,,derived,,,stated,5,mV s−1,stated,,,stated,474.6,F g−1,stated,,,stated,,,stated
ma2022.pdf,ma2022.pdf,10.1021/acsnano.2c03351,2022,Ma et al.,carbonized PAQ electrode,reference,False,,,stated,carbonized PAQ,,stated,PAQ carbonization,,stated,,,stated,,,stated,,,stated,,,stated,,,stated,,,stated,,,stated,,,stated,,,uncertain,,,stated,,,uncertain,,,stated,22.7,F g−1,stated,,,stated,,,stated
ma2022.pdf,ma2022.pdf,10.1021/acsnano.2c03351,2022,Ma et al.,rGO/PANI,reference,False,,,stated,rGO/PANI,,stated,in-situ PANI polymerization on rGO; rolled freestanding film,,stated,,,stated,,,stated,,,stated,,,stated,,,stated,,,stated,,,stated,,,stated,3 M H2SO4,,derived,,,stated,,,stated,,,stated,,,stated,,,stated,,,stated
molecules-30-00241.pdf,molecules-30-00241.pdf,10.3390/molecules30020241,2025,Liu et al.,TCS-0,control,False,Ti3C2Tx,,stated,"Ti3C2Tx (-OH, -F, =O)",,stated,"LiF/HCl etching (38 °C, 48 h), followed by exfoliation",,stated,exfoliated nanosheets,,stated,,,stated,approximately 1.3,µm,stated,,,stated,,,stated,,,stated,,,stated,,,stated,H2SO4 aqueous solution,,derived,12.082,m2/g,uncertain,,,stated,1,A g−1,stated,289,F g−1,stated,,,stated,,,stated
molecules-30-00241.pdf,molecules-30-00241.pdf,10.3390/molecules30020241,2025,Liu et al.,TCS-1,variant,False,Ti3C2Tx,,stated,"Ti3C2Tx (-OH, -F, =O)",,stated,LiF/HCl etching followed by ultrasonic treatment for 1 h,,stated,exfoliated nanosheets,,stated,,,stated,approximately 600,nm,stated,,,stated,,,stated,,,stated,,,stated,,,stated,H2SO4 aqueous solution,,derived,,,stated,,,stated,,,stated,,,stated,,,stated,,,stated
molecules-30-00241.pdf,molecules-30-00241.pdf,10.3390/molecules30020241,2025,Liu et al.,TCS-2,variant,False,Ti3C2Tx,,stated,"Ti3C2Tx (-OH, -F, =O)",,stated,LiF/HCl etching followed by ultrasonic treatment for 2 h,,stated,exfoliated nanosheets,,stated,,,stated,,,stated,,,stated,,,stated,,,stated,,,stated,,,stated,H2SO4 aqueous solution,,derived,,,stated,,,stated,,,stated,,,stated,,,stated,,,stated
molecules-30-00241.pdf,molecules-30-00241.pdf,10.3390/molecules30020241,2025,Liu et al.,TCS-3,primary,True,Ti3C2Tx,,stated,"Ti3C2Tx (-OH, -F, =O)",,stated,LiF/HCl etching followed by ultrasonic treatment for 3 h,,stated,exfoliated nanosheets,,stated,,,stated,about 250,nm,stated,,,stated,4.81,nm,uncertain,,,stated,,,stated,,,stated,H2SO4 aqueous solution,,derived,19.898,m2/g,uncertain,,,stated,1,A g−1,stated,658,F g−1,stated,,,stated,,,stated
nature13970.pdf,nature13970.pdf,10.1038/nature13970,2014,Ghidiu et al.,5-μm-thick rolled Ti3C2Tx clay electrode,primary,True,Ti3C2Tx,,stated,Ti3C2Tx with O- and F-containing surface terminations,,stated,LiF/HCl etching followed by rolling of hydrated clay,,stated,multilayer,,stated,27–28,Å,derived,,,uncertain,,,stated,,,stated,,,stated,5,μm,stated,,,stated,1 M H2SO4,,derived,,,stated,2,mV s−1,stated,,,stated,245,F g−1,stated,900,F cm−3,stated,,,stated
nature13970.pdf,nature13970.pdf,10.1038/nature13970,2014,Ghidiu et al.,30-μm-thick rolled Ti3C2Tx clay electrode,variant,False,Ti3C2Tx,,stated,Ti3C2Tx with O- and F-containing surface terminations,,stated,LiF/HCl etching followed by rolling of hydrated clay,,stated,multilayer,,stated,27–28,Å,derived,,,uncertain,,,stated,,,stated,,,stated,30,μm,stated,,,stated,1 M H2SO4,,derived,,,stated,,,uncertain,,,stated,,,stated,,,stated,,,stated
nature13970.pdf,nature13970.pdf,10.1038/nature13970,2014,Ghidiu et al.,75-μm-thick rolled Ti3C2Tx clay electrode,variant,False,Ti3C2Tx,,stated,Ti3C2Tx with O- and F-containing surface terminations,,stated,LiF/HCl etching followed by rolling of hydrated clay,,stated,multilayer,,stated,27–28,Å,derived,,,uncertain,,,stated,,,stated,,,stated,75,μm,stated,,,stated,1 M H2SO4,,derived,,,stated,,,uncertain,,,stated,,,stated,,,stated,,,stated
nature13970.pdf,nature13970.pdf,10.1038/nature13970,2014,Ghidiu et al.,Ti3C2Tx ‘paper’,variant,False,Ti3C2Tx,,stated,Ti3C2Tx with O- and F-containing surface terminations,,stated,"LiF/HCl etching, sonication, and filtration",,stated,1–2 layers,,stated,,,stated,0.5–1.5,μm,stated,,,stated,,,stated,,,stated,,,stated,,,stated,,,stated,,,stated,,,stated,,,stated,,,stated,,,stated,,,stated
nature13970.pdf,nature13970.pdf,10.1038/nature13970,2014,Ghidiu et al.,Ti2CTx ‘paper’,variant,False,Ti2CTx,,stated,Ti2CTx,,stated,"LiF/HCl etching, delamination, and filtration",,stated,delaminated,,stated,,,stated,,,stated,,,stated,,,stated,,,stated,,,stated,,,stated,,,stated,,,stated,,,stated,,,stated,,,stated,,,stated,,,stated
nature13970.pdf,nature13970.pdf,10.1038/nature13970,2014,Ghidiu et al.,Activated carbon electrodes,reference,False,,,stated,95 wt% YP-50 activated carbon and 5 wt% PTFE,,stated,Mechanical processing of activated-carbon/PTFE slurry,,stated,,,stated,,,stated,,,stated,,,stated,,,stated,,,stated,100–150,μm,stated,10–25,mg cm−2,stated,1 M H2SO4,,derived,,,stated,,,stated,,,stated,,,stated,,,stated,,,stated
nenergy2017105.pdf,nenergy2017105.pdf,10.1038/nenergy.2017.105,2017,Lukatskaya et al.,90 nm Ti3C2Tx film,variant,False,Ti3C2Tx,,stated,Ti3C2Tx,,stated,LiF/HCl etching (MILD),,stated,few-layer,,derived,,,uncertain,,,uncertain,,,uncertain,,,uncertain,,,uncertain,90,nm,stated,,,uncertain,3 M H2SO4,,derived,,,uncertain,,,uncertain,,,uncertain,450,F g−1,stated,,,uncertain,,,uncertain
nenergy2017105.pdf,nenergy2017105.pdf,10.1038/nenergy.2017.105,2017,Lukatskaya et al.,"HG-Ti3C2 (1.2 mg cm−2, 3 μm)",variant,False,Ti3C2Tx,,stated,Ti3C2Tx hydrogel,,stated,LiF/HCl etching (MILD); vacuum-filtered hydrogel,,stated,few-layer,,derived,,,uncertain,,,uncertain,,,uncertain,,,uncertain,,,uncertain,3,μm,stated,1.2,mg cm−2,stated,3 M H2SO4,,stated,,,uncertain,2,mV s−1,stated,,,uncertain,380,F g−1,stated,"1,500",F cm−3,stated,,,uncertain
nenergy2017105.pdf,nenergy2017105.pdf,10.1038/nenergy.2017.105,2017,Lukatskaya et al.,"HG-Ti3C2 (5.3 mg cm−2, 13 μm)",variant,False,Ti3C2Tx,,stated,Ti3C2Tx hydrogel,,stated,LiF/HCl etching (MILD); vacuum-filtered hydrogel,,stated,few-layer,,derived,,,uncertain,,,uncertain,,,uncertain,,,uncertain,,,uncertain,13,μm,stated,5.3,mg cm−2,stated,3 M H2SO4,,stated,,,uncertain,2,mV s−1,stated,,,uncertain,370,F g−1,stated,"1,500",F cm−3,stated,,,uncertain
nenergy2017105.pdf,nenergy2017105.pdf,10.1038/nenergy.2017.105,2017,Lukatskaya et al.,"HG-Ti3C2 (11.3 mg cm−2, 40 μm)",variant,False,Ti3C2Tx,,stated,Ti3C2Tx hydrogel,,stated,LiF/HCl etching (MILD); vacuum-filtered hydrogel,,stated,few-layer,,derived,,,uncertain,,,uncertain,,,uncertain,,,uncertain,,,uncertain,40,μm,stated,11.3,mg cm−2,stated,3 M H2SO4,,derived,,,uncertain,5,mV s−1,stated,,,uncertain,,,uncertain,,,uncertain,4,F cm−2,stated
nenergy2017105.pdf,nenergy2017105.pdf,10.1038/nenergy.2017.105,2017,Lukatskaya et al.,"MP-Ti3C2 (0.43 mg cm−2, 13 μm)",primary,True,Ti3C2Tx,,stated,Ti3C2Tx,,stated,LiF/HCl etching (MILD); PMMA-templated macroporous film,,stated,single-layer flakes,,stated,26.8,Å,derived,single-layer flakes,,stated,,,uncertain,1–2,μm,stated,,,uncertain,13,μm,stated,0.43,mg cm−2,stated,3 M H2SO4,,stated,,,uncertain,10,mV s−1,stated,,,uncertain,310,F g−1,stated,,,uncertain,0.135,F cm−2,stated
nenergy2017105.pdf,nenergy2017105.pdf,10.1038/nenergy.2017.105,2017,Lukatskaya et al.,"MP-Ti3C2 (0.9 mg cm−2, 25 μm)",variant,False,Ti3C2Tx,,stated,Ti3C2Tx,,stated,LiF/HCl etching (MILD); PMMA-templated macroporous film,,stated,few monolayers,,stated,26.8,Å,derived,few-layer,,derived,,,uncertain,1–2,μm,derived,,,uncertain,25,μm,stated,0.9,mg cm−2,stated,3 M H2SO4,,derived,,,uncertain,1,V s−1,stated,,,uncertain,280,F g−1,stated,,,uncertain,0.23,F cm−2,stated
nenergy2017105.pdf,nenergy2017105.pdf,10.1038/nenergy.2017.105,2017,Lukatskaya et al.,"MP-Ti3C2 (4.3 mg cm−2, 180 μm)",variant,False,Ti3C2Tx,,stated,Ti3C2Tx,,stated,LiF/HCl etching (MILD); PMMA-templated macroporous film,,stated,few monolayers,,stated,26.8,Å,derived,few-layer,,derived,,,uncertain,1–2,μm,derived,,,uncertain,180,μm,stated,4.3,mg cm−2,stated,3 M H2SO4,,derived,,,uncertain,1,V s−1,stated,,,uncertain,125,F g−1,stated,,,uncertain,0.54,F cm−2,stated
nenergy2017105.pdf,nenergy2017105.pdf,10.1038/nenergy.2017.105,2017,Lukatskaya et al.,"Macroporous Ti3C2Tx (3.7 mg cm−2, 130 μm)",variant,False,Ti3C2Tx,,stated,Ti3C2Tx,,stated,LiF/HCl etching (MILD); PMMA-templated macroporous film,,stated,few monolayers,,stated,26.8,Å,derived,few-layer,,derived,,,uncertain,1–2,μm,derived,,,uncertain,130,μm,stated,3.7,mg cm−2,stated,3 M H2SO4,,derived,,,uncertain,,,uncertain,,,uncertain,,,uncertain,,,uncertain,,,uncertain
nenergy2017105.pdf,nenergy2017105.pdf,10.1038/nenergy.2017.105,2017,Lukatskaya et al.,30 μm macroporous Mo2CTx electrode,variant,False,Mo2CTx,,stated,Mo2CTx,,stated,HF etching; TBAOH intercalation; PMMA-templated macroporous film,,stated,few-layer,,derived,,,uncertain,few-layer,,derived,,,uncertain,1.7 ± 0.3,μm,derived,,,uncertain,30,μm,stated,,,uncertain,3 M H2SO4,,derived,,,uncertain,10,V s−1,stated,,,uncertain,100,F g−1,stated,,,uncertain,,,uncertain
nl2c04320.pdf,nl2c04320.pdf,10.1021/acs.nanolett.2c04320,2023,Xu et al.,Ti3C2Tx,control,False,Ti3C2Tx,,stated,Ti3C2Tx,,stated,,,stated,few layers and single lamellae,,stated,12.1,Å,stated,,,stated,,,stated,,,stated,,,stated,,,stated,,,stated,3 M H2SO4,,derived,,,stated,,,uncertain,,,uncertain,224,F g−1,stated,25,F cm−3,stated,,,stated
nl2c04320.pdf,nl2c04320.pdf,10.1021/acs.nanolett.2c04320,2023,Xu et al.,Ti3C2Tx−Mn,primary,True,Ti3C2Tx,,stated,Ti3C2Tx−Mn,,stated,metal acetate treatment,,stated,monolayers,,stated,14.2,Å,stated,about 4−5,μm,stated,,,stated,about 5,nm,stated,,,stated,about 10,μm,stated,1.2,mg cm−2,stated,3 M H2SO4,,derived,,,stated,,,uncertain,10,A g−1,stated,358,F g−1,stated,565,F cm−3,stated,,,stated
nl2c04320.pdf,nl2c04320.pdf,10.1021/acs.nanolett.2c04320,2023,Xu et al.,Ti3C2Tx−Ni,variant,False,Ti3C2Tx,,stated,Ti3C2Tx−Ni,,stated,metal acetate treatment,,stated,,,stated,14.6,Å,stated,,,stated,,,stated,,,stated,,,stated,,,stated,,,stated,3 M H2SO4,,derived,,,stated,2,mV s−1,stated,,,uncertain,369,F g−1,stated,265,F cm−3,stated,,,stated
nl2c04320.pdf,nl2c04320.pdf,10.1021/acs.nanolett.2c04320,2023,Xu et al.,Ti3C2Tx−Co,variant,False,Ti3C2Tx,,stated,Ti3C2Tx−Co,,stated,metal acetate treatment,,stated,,,stated,12.3,Å,stated,,,stated,,,stated,,,stated,,,stated,,,stated,,,stated,3 M H2SO4,,derived,,,stated,1000,mV s−1,stated,,,uncertain,136,F g−1,stated,340,F cm−3,stated,,,stated
nn0c08357.pdf,nn0c08357.pdf,10.1021/acsnano.0c08357,2021,Mathis et al.,Al−Ti3C2,primary,True,Ti3C2Tx,,stated,Al−Ti3C2Tx,,stated,HF/HCl etching and LiCl delamination,,stated,single-to few-layer,,stated,,,stated,1.3 to 1.6,μm,stated,,,stated,,,stated,,,stated,,,stated,,,stated,,,stated,,,stated,,,stated,,,stated,,,stated,,,stated,,,stated
nn0c08357.pdf,nn0c08357.pdf,10.1021/acsnano.0c08357,2021,Mathis et al.,conventional Ti3C2,control,False,Ti3C2Tx,,stated,Ti3C2Tx,,stated,HF/HCl etching and LiCl delamination,,stated,delaminated,,derived,,,stated,,,stated,,,stated,,,stated,,,stated,,,stated,,,stated,,,stated,,,stated,,,stated,,,stated,,,stated,,,stated,,,stated
nn3c11551.pdf,nn3c11551.pdf,10.1021/acsnano.3c11551,2024,Sikdar et al.,MH,control,False,Ti3C2Tx,,stated,Ti3C2Tx hydrogel,,stated,LiF/HCl (MILD) etching and [Zn(NH3)4]2+-induced hydrogel assembly,,stated,delaminated,,stated,1.40,nm,stated,,,stated,,,stated,2–10,nm,stated,,,stated,,,stated,,,stated,3 M H2SO4,,derived,20,m2 g−1,stated,10,mV s−1,stated,,,stated,252.5,F g−1,stated,,,stated,,,stated
nn3c11551.pdf,nn3c11551.pdf,10.1021/acsnano.3c11551,2024,Sikdar et al.,HMH1,variant,False,Ti3C2Tx,,stated,Ti3C2Tx holey-MXene hydrogel,,stated,Mild oxidative acid etching of MH for 1 h,,stated,delaminated,,stated,,,stated,,,stated,,,stated,2.2 ± 0.2,nm,stated,,,stated,,,stated,,,stated,3 M H2SO4,,derived,,,stated,10,mV s−1,stated,,,stated,270.8,F g−1,stated,,,stated,,,stated
nn3c11551.pdf,nn3c11551.pdf,10.1021/acsnano.3c11551,2024,Sikdar et al.,HMH3,primary,True,Ti3C2Tx,,stated,Ti3C2Tx holey-MXene hydrogel,,stated,Mild oxidative acid etching of MH for 3 h,,stated,delaminated,,stated,1.24,nm,stated,,,stated,,,stated,3.2 ± 0.15,nm,stated,,,stated,,,stated,10.1,mg cm−2,stated,3 M H2SO4,,derived,29,m2 g−1,stated,10,mV s−1,stated,,,stated,359.2,F g−1,stated,,,stated,3.84,F cm−2,stated
nn3c11551.pdf,nn3c11551.pdf,10.1021/acsnano.3c11551,2024,Sikdar et al.,HMH6,variant,False,Ti3C2Tx,,stated,Ti3C2Tx holey-MXene hydrogel,,stated,Mild oxidative acid etching of MH for 6 h,,stated,delaminated,,stated,,,stated,,,stated,,,stated,9.0 ± 1.3,nm,stated,,,stated,,,stated,,,stated,3 M H2SO4,,derived,,,stated,10,mV s−1,stated,,,stated,313.5,F g−1,stated,,,stated,,,stated
nn3c11551.pdf,nn3c11551.pdf,10.1021/acsnano.3c11551,2024,Sikdar et al.,HMH3 film,variant,False,Ti3C2Tx,,stated,Ti3C2Tx holey-MXene film,,stated,Ultrasonication of HMH3 and vacuum filtration,,stated,layer-by-layer,,stated,,,stated,,,stated,,,stated,3.2 ± 0.15,nm,derived,,,stated,∼10,μm,stated,,,stated,3 M H2SO4,,derived,,,stated,10,mV s−1,stated,,,stated,,,stated,1606.8,F cm−3,stated,,,stated
nn9b07325.pdf,nn9b07325.pdf,10.1021/acsnano.9b07325,2020,Orangi et al.,MSC-1,control,False,Ti3C2Tx,,stated,"Ti3C2Tx (Tx = =O, -OH, and -F)",,stated,"LiF/HCl selective etching of Ti3AlC2, followed by delamination by tip sonication",,derived,1,,stated,,,uncertain,∼0.3,μm,derived,,,uncertain,,,uncertain,,,uncertain,1.5,μm,stated,,,uncertain,PVA/H2SO4 gel electrolyte,,derived,,,uncertain,2,mV s−1,stated,,,uncertain,,,uncertain,,,uncertain,168.1,mF cm−2,stated
nn9b07325.pdf,nn9b07325.pdf,10.1021/acsnano.9b07325,2020,Orangi et al.,MSC-2,variant,False,Ti3C2Tx,,stated,"Ti3C2Tx (Tx = =O, -OH, and -F)",,derived,"LiF/HCl selective etching of Ti3AlC2, followed by delamination by tip sonication",,derived,2,,stated,,,uncertain,∼0.3,μm,derived,,,uncertain,,,uncertain,,,uncertain,3.5,μm,stated,,,uncertain,PVA/H2SO4 gel electrolyte,,derived,,,uncertain,2,mV s−1,stated,,,uncertain,,,uncertain,,,uncertain,315.8,mF cm−2,stated
nn9b07325.pdf,nn9b07325.pdf,10.1021/acsnano.9b07325,2020,Orangi et al.,MSC-5,variant,False,Ti3C2Tx,,stated,"Ti3C2Tx (Tx = =O, -OH, and -F)",,derived,"LiF/HCl selective etching of Ti3AlC2, followed by delamination by tip sonication",,derived,5,,stated,,,uncertain,∼0.3,μm,derived,,,uncertain,,,uncertain,,,uncertain,12,μm,stated,,,uncertain,PVA/H2SO4 gel electrolyte,,derived,,,uncertain,2,mV s−1,stated,,,uncertain,,,uncertain,,,uncertain,685.4,mF cm−2,stated
nn9b07325.pdf,nn9b07325.pdf,10.1021/acsnano.9b07325,2020,Orangi et al.,MSC-10,primary,True,Ti3C2Tx,,stated,"Ti3C2Tx (Tx = =O, -OH, and -F)",,derived,"LiF/HCl selective etching of Ti3AlC2, followed by delamination by tip sonication",,derived,10,,stated,,,uncertain,∼0.3,μm,derived,,,uncertain,,,uncertain,,,uncertain,75,μm,stated,,,uncertain,PVA/H2SO4 gel electrolyte,,derived,,,uncertain,2,mV s−1,stated,,,uncertain,,,uncertain,,,uncertain,1035,mF cm−2,stated
nn9b07325.pdf,nn9b07325.pdf,10.1021/acsnano.9b07325,2020,Orangi et al.,MSCF-1,variant,False,Ti3C2Tx,,stated,"Ti3C2Tx (Tx = =O, -OH, and -F)",,stated,"LiF/HCl selective etching of Ti3AlC2, followed by delamination by tip sonication",,derived,1,,stated,,,uncertain,∼0.3,μm,derived,,,uncertain,,,uncertain,,,uncertain,,,uncertain,,,uncertain,PVA/H2SO4 gel electrolyte,,derived,,,uncertain,,,uncertain,,,uncertain,,,uncertain,,,uncertain,,,uncertain
nn9b07325.pdf,nn9b07325.pdf,10.1021/acsnano.9b07325,2020,Orangi et al.,MSCF-2,variant,False,Ti3C2Tx,,stated,"Ti3C2Tx (Tx = =O, -OH, and -F)",,derived,"LiF/HCl selective etching of Ti3AlC2, followed by delamination by tip sonication",,derived,2,,stated,,,uncertain,∼0.3,μm,derived,,,uncertain,,,uncertain,,,uncertain,,,uncertain,,,uncertain,PVA/H2SO4 gel electrolyte,,derived,,,uncertain,,,uncertain,,,uncertain,,,uncertain,,,uncertain,,,uncertain
nn9b07325.pdf,nn9b07325.pdf,10.1021/acsnano.9b07325,2020,Orangi et al.,MSCF-5,variant,False,Ti3C2Tx,,stated,"Ti3C2Tx (Tx = =O, -OH, and -F)",,derived,"LiF/HCl selective etching of Ti3AlC2, followed by delamination by tip sonication",,derived,5,,stated,,,uncertain,∼0.3,μm,derived,,,uncertain,,,uncertain,,,uncertain,,,uncertain,,,uncertain,PVA/H2SO4 gel electrolyte,,derived,,,uncertain,,,uncertain,,,uncertain,,,uncertain,,,uncertain,,,uncertain
nn9b07325.pdf,nn9b07325.pdf,10.1021/acsnano.9b07325,2020,Orangi et al.,MSCF-10,variant,False,Ti3C2Tx,,stated,"Ti3C2Tx (Tx = =O, -OH, and -F)",,derived,"LiF/HCl selective etching of Ti3AlC2, followed by delamination by tip sonication",,derived,10,,stated,,,uncertain,∼0.3,μm,derived,,,uncertain,,,uncertain,,,uncertain,,,uncertain,,,uncertain,PVA/H2SO4 gel electrolyte,,derived,,,uncertain,,,uncertain,,,uncertain,,,uncertain,,,uncertain,,,uncertain
nn9b07325.pdf,nn9b07325.pdf,10.1021/acsnano.9b07325,2020,Orangi et al.,MSCs printed on paper,variant,False,Ti3C2Tx,,stated,"Ti3C2Tx (Tx = =O, -OH, and -F)",,stated,"LiF/HCl selective etching of Ti3AlC2, followed by delamination by tip sonication",,derived,,,uncertain,,,uncertain,∼0.3,μm,derived,,,uncertain,,,uncertain,,,uncertain,,,uncertain,,,uncertain,PVA/H2SO4 gel electrolyte,,derived,,,uncertain,,,uncertain,,,uncertain,,,uncertain,,,uncertain,,,uncertain
nz0c00704.pdf,nz0c00704.pdf,10.1021/acsenergylett.0c00704,2020,Kong et al.,porous Ti3C2Tx film,primary,True,Ti3C2Tx,,stated,Ti3C2Tx (KOH-mediated; increased −OH and reduced −F terminations),,stated,KOH-mediated reduced-repulsion freeze-casting assembly,,stated,few layers,,stated,1.42,nm,stated,,,stated,,,stated,hundreds of nanometers to several micrometers,,stated,,,stated,,,stated,0.53–16.18,mg cm−2,stated,3 M H2SO4,,stated,,,stated,20,mV s−1,stated,,,stated,358.8,F g−1,stated,,,stated,3731,mF cm−2,stated
nz0c00704.pdf,nz0c00704.pdf,10.1021/acsenergylett.0c00704,2020,Kong et al.,filtered Ti3C2Tx film,control,False,Ti3C2Tx,,stated,Ti3C2Tx,,derived,vacuum filtration,,stated,stacked lamellar flakes,,stated,1.33,nm,uncertain,,,stated,,,stated,,,stated,,,stated,,,stated,0.53,mg cm−2,stated,3 M H2SO4,,stated,,,stated,20,mV s−1,stated,,,stated,251.5,F g−1,stated,,,stated,,,stated
nz0c00704.pdf,nz0c00704.pdf,10.1021/acsenergylett.0c00704,2020,Kong et al.,porous M/G film,composite,False,Ti3C2Tx,,stated,Ti3C2Tx/partially reduced GO,,stated,freeze-casting with partially reduced GO gelation agent,,stated,,,stated,,,stated,,,stated,,,stated,,,stated,,,stated,,,stated,0.53,mg cm−2,stated,3 M H2SO4,,stated,,,stated,20,mV s−1,stated,,,stated,218.1,F g−1,stated,,,stated,,,stated
Reassembly-of-MXene-Hydrogels-into-Flexible-Films-towards-Compact-and-Ultrafast-Supercapacitors.pdf,Reassembly-of-MXene-Hydrogels-into-Flexible-Films-towards-Compact-and-Ultrafast-Supercapacitors.pdf,10.1002/adfm.202102874,2021,Wu et al.,Ti3C2Tx film,control,False,Ti3C2Tx,,stated,Ti3C2Tx nanosheet film,,stated,Selective etching of Ti3AlC2 using LiF and HCl; vacuum filtration,,derived,,,stated,,,stated,,,stated,,,stated,,,stated,,,stated,,,stated,,,stated,3 M H2SO4 aqueous electrolyte,,derived,,,stated,,,stated,,,stated,,,stated,,,stated,,,stated
Reassembly-of-MXene-Hydrogels-into-Flexible-Films-towards-Compact-and-Ultrafast-Supercapacitors.pdf,Reassembly-of-MXene-Hydrogels-into-Flexible-Films-towards-Compact-and-Ultrafast-Supercapacitors.pdf,10.1002/adfm.202102874,2021,Wu et al.,RAMX-25% film,variant,False,Ti3C2Tx,,stated,"Ti3C2Tx nanosheets and Ti3C2Tx microgels, 25% microgel content",,stated,LiF/HCl-etched Ti3C2Tx; GO-assisted hydrogel disassembly; vacuum filtration,,derived,,,stated,,,stated,,,stated,,,stated,3–5,nm,stated,,,stated,,,stated,,,stated,3 M H2SO4 aqueous electrolyte,,derived,,,stated,,,stated,,,stated,,,stated,,,stated,,,stated
Reassembly-of-MXene-Hydrogels-into-Flexible-Films-towards-Compact-and-Ultrafast-Supercapacitors.pdf,Reassembly-of-MXene-Hydrogels-into-Flexible-Films-towards-Compact-and-Ultrafast-Supercapacitors.pdf,10.1002/adfm.202102874,2021,Wu et al.,RAMX-50% film,primary,True,Ti3C2Tx,,stated,"Ti3C2Tx nanosheets and Ti3C2Tx microgels, 50% microgel content",,stated,LiF/HCl-etched Ti3C2Tx; GO-assisted hydrogel disassembly; vacuum filtration,,derived,,,stated,,,stated,,,stated,,,stated,3–5,nm,stated,,,stated,,,stated,,,stated,3 M H2SO4 aqueous electrolyte,,derived,,,stated,10,mV s−1,stated,,,stated,,,stated,978,F cm−3,stated,,,stated
Reassembly-of-MXene-Hydrogels-into-Flexible-Films-towards-Compact-and-Ultrafast-Supercapacitors.pdf,Reassembly-of-MXene-Hydrogels-into-Flexible-Films-towards-Compact-and-Ultrafast-Supercapacitors.pdf,10.1002/adfm.202102874,2021,Wu et al.,RAMX-75% film,variant,False,Ti3C2Tx,,stated,"Ti3C2Tx nanosheets and Ti3C2Tx microgels, 75% microgel content",,stated,LiF/HCl-etched Ti3C2Tx; GO-assisted hydrogel disassembly; vacuum filtration,,derived,,,stated,,,stated,,,stated,,,stated,3–5,nm,stated,,,stated,,,stated,,,stated,3 M H2SO4 aqueous electrolyte,,derived,,,stated,,,stated,,,stated,,,stated,,,stated,,,stated
Reassembly-of-MXene-Hydrogels-into-Flexible-Films-towards-Compact-and-Ultrafast-Supercapacitors.pdf,Reassembly-of-MXene-Hydrogels-into-Flexible-Films-towards-Compact-and-Ultrafast-Supercapacitors.pdf,10.1002/adfm.202102874,2021,Wu et al.,microgel film,control,False,Ti3C2Tx,,stated,Ti3C2Tx microgel film; microgels derived from GO-assisted Ti3C2Tx hydrogel,,stated,LiF/HCl-etched Ti3C2Tx; GO-assisted hydrogel disassembly by probe sonication; vacuum filtration,,derived,3D crosslinked nanosheets,,stated,,,stated,570,nm,stated,,,stated,3–5,nm,stated,,,stated,,,stated,,,stated,3 M H2SO4 aqueous electrolyte,,derived,,,stated,,,stated,,,stated,,,stated,,,stated,,,stated
s40820-023-01204-4.pdf,s40820-023-01204-4.pdf,10.1007/s40820-023-01204-4,2023,Wang et al.,p-MC,primary,True,Ti3CNTx,,stated,Ti3CNTx MXene/carbon dots,,stated,LiF/HCl etching of Ti3AlCN; CD mixing/vacuum filtration; annealing at 350 °C for 1 h under Ar,,derived,multilayered,,derived,,,uncertain,,,uncertain,,,uncertain,,,uncertain,,,uncertain,,,uncertain,,,uncertain,1 M H2SO4,,stated,,,uncertain,,,uncertain,2,A g−1,stated,688.9,F g−1,stated,,,uncertain,,,uncertain
s40820-023-01204-4.pdf,s40820-023-01204-4.pdf,10.1007/s40820-023-01204-4,2023,Wang et al.,pure MXene,control,False,Ti3CNTx,,stated,Ti3CNTx MXene,,stated,LiF/HCl etching of Ti3AlCN; vacuum filtration without carbon dots,,derived,multilayered,,derived,,,uncertain,,,uncertain,,,uncertain,,,uncertain,,,uncertain,,,uncertain,,,uncertain,1 M H2SO4,,stated,,,uncertain,,,uncertain,2,A g−1,stated,283.7,F g−1,stated,,,uncertain,,,uncertain
s40820-023-01204-4.pdf,s40820-023-01204-4.pdf,10.1007/s40820-023-01204-4,2023,Wang et al.,AC,reference,False,,,stated,AC (YP-50F)/PTFE,,stated,"AC/PTFE suspension dried at 80 °C, repeatedly rolled into a thin film",,stated,,,uncertain,,,uncertain,,,uncertain,,,uncertain,,,uncertain,,,uncertain,,,uncertain,,,uncertain,PVA/H2SO4,,derived,,,uncertain,,,uncertain,,,uncertain,,,uncertain,,,uncertain,,,uncertain
s40820-024-01567-2.pdf,s40820-024-01567-2.pdf,10.1007/s40820-024-01567-2,2025,Eunji Kim et al.,MXene-pseudocapacitor (Pseudocapacitive Sensor),primary,True,Ti3C2Tx,,stated,"Ti3C2Tx (Tx = -O, -OH, -F)",,stated,LiF/HCl MILD method,,stated,delaminated,,stated,13.54,Å,stated,approximately 1,µm,stated,,,stated,,,stated,,,stated,~50,nm,stated,,,stated,2 M PVA/H2SO4 gel electrolyte,,stated,,,stated,10,mV s−1,stated,,,stated,,,stated,1293.27,F cm−3,stated,,,stated
s40820-024-01567-2.pdf,s40820-024-01567-2.pdf,10.1007/s40820-024-01567-2,2025,Eunji Kim et al.,flexible MXene MSCs without a buffer layer,control,False,Ti3C2Tx,,derived,"Ti3C2Tx (Tx = -O, -OH, -F)",,derived,LiF/HCl MILD method,,derived,delaminated,,derived,,,stated,approximately 1,µm,derived,,,stated,,,stated,,,stated,~50,nm,derived,,,stated,PVA/H2SO4 gel electrolyte,,uncertain,,,stated,,,uncertain,,,stated,,,stated,946.3,F cm−3,stated,,,stated
s41467-019-09398-1.pdf,s41467-019-09398-1.pdf,10.1038/s41467-019-09398-1,2019,Zhang et al.,Ti3C2Tx-DMSO ink,variant,False,Ti3C2Tx,,stated,"Ti3C2Tx (Tx: O, OH, F)",,stated,"minimally intensive layer delamination (MILD), followed by solvent transfer to DMSO",,derived,monolayer to few-layered,,stated,,,uncertain,~1–2.1,µm,uncertain,,,uncertain,,,uncertain,,,uncertain,,,uncertain,,,uncertain,3 M H2SO4-PVA gel electrolyte,,derived,,,uncertain,,,uncertain,,,uncertain,,,uncertain,,,uncertain,,,uncertain
s41467-019-09398-1.pdf,s41467-019-09398-1.pdf,10.1038/s41467-019-09398-1,2019,Zhang et al.,Ti3C2Tx-DMF ink,variant,False,Ti3C2Tx,,stated,"Ti3C2Tx (Tx: O, OH, F)",,stated,"minimally intensive layer delamination (MILD), followed by solvent transfer to DMF",,derived,monolayer to few-layered,,stated,,,uncertain,~1–2.1,µm,uncertain,,,uncertain,,,uncertain,,,uncertain,,,uncertain,,,uncertain,3 M H2SO4-PVA gel electrolyte,,derived,,,uncertain,,,uncertain,,,uncertain,,,uncertain,,,uncertain,,,uncertain
s41467-019-09398-1.pdf,s41467-019-09398-1.pdf,10.1038/s41467-019-09398-1,2019,Zhang et al.,Ti3C2Tx-ethanol ink,variant,False,Ti3C2Tx,,stated,"Ti3C2Tx (Tx: O, OH, F)",,stated,"minimally intensive layer delamination (MILD), followed by solvent transfer to ethanol",,derived,monolayer to few-layered,,stated,,,uncertain,~1–2.1,µm,uncertain,,,uncertain,,,uncertain,,,uncertain,,,uncertain,,,uncertain,3 M H2SO4-PVA gel electrolyte,,derived,,,uncertain,,,uncertain,,,uncertain,,,uncertain,,,uncertain,,,uncertain
s41467-019-09398-1.pdf,s41467-019-09398-1.pdf,10.1038/s41467-019-09398-1,2019,Zhang et al.,Ti3C2Tx-NMP ink,primary,True,Ti3C2Tx,,stated,"Ti3C2Tx (Tx: O, OH, F)",,stated,"minimally intensive layer delamination (MILD), followed by solvent transfer to NMP",,stated,monolayer to few-layered,,stated,,,uncertain,~1–2.1,µm,uncertain,,,uncertain,,,uncertain,,,uncertain,,,uncertain,,,uncertain,3 M H2SO4-PVA gel electrolyte,,derived,,,uncertain,,,uncertain,,,uncertain,,,uncertain,562,F cm−3,stated,12,mF cm−2,stated
s41467-019-09398-1.pdf,s41467-019-09398-1.pdf,10.1038/s41467-019-09398-1,2019,Zhang et al.,Ti3C2Tx aqueous ink,variant,False,Ti3C2Tx,,stated,"Ti3C2Tx (Tx: O, OH, F)",,stated,"minimally intensive layer delamination (MILD), followed by aqueous delamination",,stated,single- or few-layered,,stated,,,uncertain,,,uncertain,,,uncertain,,,uncertain,,,uncertain,,,uncertain,,,uncertain,3 M H2SO4-PVA gel electrolyte,,derived,,,uncertain,,,uncertain,,,uncertain,,,uncertain,,,uncertain,43,mF cm−2,stated
s41586-018-0109-z.pdf,s41586-018-0109-z.pdf,10.1038/s41586-018-0109-z,2018,Xia et al.,6 µm filtration,control,False,Ti3C2Tx,,stated,Ti3C2Tx–SWCNT (10 wt% SWCNT),,stated,LiF/HCl etching followed by vacuum-assisted filtration,,stated,delaminated,,derived,,,stated,219 ± 47,nm,derived,,,stated,,,stated,,,stated,6,µm,stated,,,stated,deaerated 3 M sulfuric acid (H2SO4),,derived,,,stated,,,stated,,,stated,,,stated,,,stated,,,stated
s41586-018-0109-z.pdf,s41586-018-0109-z.pdf,10.1038/s41586-018-0109-z,2018,Xia et al.,35 µm filtration,control,False,Ti3C2Tx,,stated,Ti3C2Tx–SWCNT (10 wt% SWCNT),,stated,LiF/HCl etching followed by vacuum-assisted filtration,,stated,delaminated,,derived,,,stated,219 ± 47,nm,derived,,,stated,,,stated,,,stated,35,µm,stated,,,stated,deaerated 3 M sulfuric acid (H2SO4),,derived,,,stated,,,stated,,,stated,,,stated,,,stated,,,stated
s41586-018-0109-z.pdf,s41586-018-0109-z.pdf,10.1038/s41586-018-0109-z,2018,Xia et al.,40 µm MXLLC,variant,False,Ti3C2Tx,,stated,Ti3C2Tx–SWCNT (10 wt% SWCNT),,stated,LiF/HCl etching; C12E6-assisted lamellar liquid-crystal assembly and mechanical shear alignment,,stated,delaminated,,derived,,,stated,219 ± 47,nm,derived,,,stated,,,stated,,,stated,40,µm,stated,,,stated,deaerated 3 M sulfuric acid (H2SO4),,derived,,,stated,"2,000",mV s−1,stated,,,stated,over 200,F g−1,stated,,,stated,,,stated
s41586-018-0109-z.pdf,s41586-018-0109-z.pdf,10.1038/s41586-018-0109-z,2018,Xia et al.,95 µm MXLLC,variant,False,Ti3C2Tx,,stated,Ti3C2Tx–SWCNT (10 wt% SWCNT),,stated,LiF/HCl etching; C12E6-assisted lamellar liquid-crystal assembly and mechanical shear alignment,,stated,delaminated,,derived,,,stated,219 ± 47,nm,derived,,,stated,,,stated,,,stated,95,µm,stated,,,stated,deaerated 3 M sulfuric acid (H2SO4),,derived,,,stated,"2,000",mV s−1,stated,,,stated,over 200,F g−1,stated,,,stated,,,stated
s41586-018-0109-z.pdf,s41586-018-0109-z.pdf,10.1038/s41586-018-0109-z,2018,Xia et al.,200 µm MXLLC,primary,True,Ti3C2Tx,,stated,Ti3C2Tx–SWCNT (10 wt% SWCNT),,stated,LiF/HCl etching; C12E6-assisted lamellar liquid-crystal assembly and mechanical shear alignment,,stated,delaminated,,derived,,,stated,219 ± 47,nm,derived,,,stated,,,stated,,,stated,200,µm,stated,,,uncertain,deaerated 3 M sulfuric acid (H2SO4),,derived,,,stated,"2,000",mV s−1,stated,,,stated,over 200,F g−1,stated,,,stated,greater than 0.6,F cm−2,stated
s41586-018-0109-z.pdf,s41586-018-0109-z.pdf,10.1038/s41586-018-0109-z,2018,Xia et al.,245 µm MXLLC,variant,False,Ti3C2Tx,,stated,Ti3C2Tx–SWCNT (10 wt% SWCNT),,stated,LiF/HCl etching; C12E6-assisted lamellar liquid-crystal assembly and mechanical shear alignment,,stated,delaminated,,derived,,,stated,219 ± 47,nm,derived,,,stated,,,stated,,,stated,245,µm,stated,,,uncertain,deaerated 3 M sulfuric acid (H2SO4),,derived,,,stated,,,stated,,,stated,,,stated,,,stated,,,stated
s41586-018-0109-z.pdf,s41586-018-0109-z.pdf,10.1038/s41586-018-0109-z,2018,Xia et al.,320 µm MXLLC,variant,False,Ti3C2Tx,,stated,Ti3C2Tx–SWCNT (10 wt% SWCNT),,stated,LiF/HCl etching; C12E6-assisted lamellar liquid-crystal assembly and mechanical shear alignment,,stated,delaminated,,derived,,,stated,219 ± 47,nm,derived,,,stated,,,stated,,,stated,320,µm,stated,,,uncertain,deaerated 3 M sulfuric acid (H2SO4),,derived,,,stated,,,stated,,,stated,,,stated,,,stated,,,stated
s41586-018-0109-z.pdf,s41586-018-0109-z.pdf,10.1038/s41586-018-0109-z,2018,Xia et al.,pure Ti3C2Tx vacuum-filtered paper,control,False,Ti3C2Tx,,stated,Ti3C2Tx,,stated,LiF/HCl etching followed by vacuum-assisted filtration,,derived,delaminated,,derived,,,stated,219 ± 47,nm,derived,,,stated,,,stated,,,stated,,,stated,,,stated,deaerated 3 M sulfuric acid (H2SO4),,derived,,,stated,,,stated,,,stated,,,stated,,,stated,,,stated
Single-Step-Synthesis-of-Exfoliated-Ti-sub-3-sub-C-sub-2-sub-T-sub-x-sub-MXene-through-NaBF.pdf,Single-Step-Synthesis-of-Exfoliated-Ti-sub-3-sub-C-sub-2-sub-T-sub-x-sub-MXene-through-NaBF.pdf,10.1002/slct.202201166,2022,Meena Ghosh et al.,MX-130,primary,True,Ti3C2Tx,,stated,"Ti3C2Tx (-O, -OH, -F)",,stated,NaBF4/HCl etching,,stated,few-layer,,stated,12.26,Å,stated,,,stated,,,stated,,,stated,,,stated,,,stated,,,stated,1 M H2SO4,,stated,,,stated,,,stated,1,A g−1,stated,262,F g−1,stated,,,stated,,,stated
Single-Step-Synthesis-of-Exfoliated-Ti-sub-3-sub-C-sub-2-sub-T-sub-x-sub-MXene-through-NaBF.pdf,Single-Step-Synthesis-of-Exfoliated-Ti-sub-3-sub-C-sub-2-sub-T-sub-x-sub-MXene-through-NaBF.pdf,10.1002/slct.202201166,2022,Meena Ghosh et al.,MX-100,variant,False,Ti3C2Tx,,derived,Ti3C2Tx,,derived,NaBF4/HCl etching,,stated,partly exfoliated,,stated,,,stated,,,stated,,,stated,,,stated,,,stated,,,stated,,,stated,1 M H2SO4,,derived,,,stated,,,stated,1,A g−1,stated,200,F g−1,stated,,,stated,,,stated
Single-Step-Synthesis-of-Exfoliated-Ti-sub-3-sub-C-sub-2-sub-T-sub-x-sub-MXene-through-NaBF.pdf,Single-Step-Synthesis-of-Exfoliated-Ti-sub-3-sub-C-sub-2-sub-T-sub-x-sub-MXene-through-NaBF.pdf,10.1002/slct.202201166,2022,Meena Ghosh et al.,MX-80,variant,False,Ti3C2Tx,,uncertain,Ti3C2Tx,,derived,NaBF4/HCl etching,,stated,multilayer,,stated,,,stated,,,stated,,,stated,,,stated,,,stated,,,stated,,,stated,1 M H2SO4,,derived,,,stated,,,stated,1,A g−1,stated,145,F g−1,stated,,,stated,,,stated
Single-Step-Synthesis-of-Exfoliated-Ti-sub-3-sub-C-sub-2-sub-T-sub-x-sub-MXene-through-NaBF.pdf,Single-Step-Synthesis-of-Exfoliated-Ti-sub-3-sub-C-sub-2-sub-T-sub-x-sub-MXene-through-NaBF.pdf,10.1002/slct.202201166,2022,Meena Ghosh et al.,MX-60,variant,False,Ti3C2Tx,,uncertain,Ti3C2Tx,,derived,NaBF4/HCl etching,,stated,multilayer,,stated,,,stated,,,stated,,,stated,,,stated,,,stated,,,stated,,,stated,1 M H2SO4,,derived,,,stated,,,stated,1,A g−1,stated,75,F g−1,stated,,,stated,,,stated
Single-Step-Synthesis-of-Exfoliated-Ti-sub-3-sub-C-sub-2-sub-T-sub-x-sub-MXene-through-NaBF.pdf,Single-Step-Synthesis-of-Exfoliated-Ti-sub-3-sub-C-sub-2-sub-T-sub-x-sub-MXene-through-NaBF.pdf,10.1002/slct.202201166,2022,Meena Ghosh et al.,MX-25,variant,False,Ti3C2Tx,,uncertain,Ti3C2Tx,,derived,NaBF4/HCl etching,,stated,multilayer,,stated,,,stated,,,stated,,,stated,,,stated,,,stated,,,stated,,,stated,1 M H2SO4,,derived,,,stated,,,stated,1,A g−1,stated,37,F g−1,stated,,,stated,,,stated
Single-Step-Synthesis-of-Exfoliated-Ti-sub-3-sub-C-sub-2-sub-T-sub-x-sub-MXene-through-NaBF.pdf,Single-Step-Synthesis-of-Exfoliated-Ti-sub-3-sub-C-sub-2-sub-T-sub-x-sub-MXene-through-NaBF.pdf,10.1002/slct.202201166,2022,Meena Ghosh et al.,MX-HF,control,False,Ti3C2Tx,,stated,"Ti3C2Tx (-O, -OH, -F)",,stated,HF etching,,stated,multilayer,,stated,,,stated,,,stated,,,stated,,,stated,,,stated,,,stated,,,stated,1 M H2SO4,,derived,,,stated,,,stated,,,uncertain,25,F g−1,stated,,,stated,,,stated
Single-Step-Synthesis-of-Exfoliated-Ti-sub-3-sub-C-sub-2-sub-T-sub-x-sub-MXene-through-NaBF.pdf,Single-Step-Synthesis-of-Exfoliated-Ti-sub-3-sub-C-sub-2-sub-T-sub-x-sub-MXene-through-NaBF.pdf,10.1002/slct.202201166,2022,Meena Ghosh et al.,RuO2,reference,False,,,stated,RuO2,,stated,commercial RuO2,,stated,,,stated,,,stated,,,stated,,,stated,,,stated,,,stated,,,stated,,,stated,1 M H2SO4,,derived,,,stated,,,stated,,,uncertain,488,F g−1,stated,,,stated,,,stated
Small - 2023 - Xu - Boron Quantum Dots Pillared Ti3C2Tx Membrane Electrode with High Rate Performance for Supercapacitor.pdf,Small - 2023 - Xu - Boron Quantum Dots Pillared Ti3C2Tx Membrane Electrode with High Rate Performance for Supercapacitor.pdf,10.1002/smll.202306562,2024,Xu et al.,BQDs electrode,reference,False,,,stated,Boron quantum dots (BQDs),,stated,sonication-assisted liquid-phase preparation,,stated,≈3 layers,,stated,,,stated,3,nm,stated,,,stated,,,stated,,,stated,,,stated,,,stated,,,uncertain,,,stated,,,stated,0.25,A g−1,stated,41,F g−1,stated,,,stated,,,stated
Small - 2023 - Xu - Boron Quantum Dots Pillared Ti3C2Tx Membrane Electrode with High Rate Performance for Supercapacitor.pdf,Small - 2023 - Xu - Boron Quantum Dots Pillared Ti3C2Tx Membrane Electrode with High Rate Performance for Supercapacitor.pdf,10.1002/smll.202306562,2024,Xu et al.,pure Ti3C2Tx membrane electrode,control,False,Ti3C2Tx,,stated,Ti3C2Tx nanosheets,,stated,"HF etching (40%, 72 h) followed by TMAOH exfoliation",,derived,delaminated,,derived,1.49,nm,derived,≈5,μm,derived,,,stated,,,stated,,,stated,,,stated,,,stated,6 M H2SO4,,derived,,,stated,,,stated,,,stated,,,stated,,,stated,,,stated
Small - 2023 - Xu - Boron Quantum Dots Pillared Ti3C2Tx Membrane Electrode with High Rate Performance for Supercapacitor.pdf,Small - 2023 - Xu - Boron Quantum Dots Pillared Ti3C2Tx Membrane Electrode with High Rate Performance for Supercapacitor.pdf,10.1002/smll.202306562,2024,Xu et al.,BQDs(5)-Ti3C2Tx,composite,False,Ti3C2Tx,,stated,BQDs/Ti3C2Tx nanosheets (5 wt.% BQDs),,stated,"HF etching/TMAOH exfoliation, BQD pillaring, vacuum filtration",,derived,delaminated,,derived,,,stated,≈5,μm,derived,,,stated,,,stated,,,stated,,,stated,,,stated,6 M H2SO4,,derived,,,stated,,,stated,,,stated,,,stated,,,stated,,,stated
Small - 2023 - Xu - Boron Quantum Dots Pillared Ti3C2Tx Membrane Electrode with High Rate Performance for Supercapacitor.pdf,Small - 2023 - Xu - Boron Quantum Dots Pillared Ti3C2Tx Membrane Electrode with High Rate Performance for Supercapacitor.pdf,10.1002/smll.202306562,2024,Xu et al.,BQDs(10)-Ti3C2Tx,primary,True,Ti3C2Tx,,stated,BQDs/Ti3C2Tx nanosheets (10 wt.% BQDs),,stated,"HF etching/TMAOH exfoliation, BQD pillaring, vacuum filtration",,stated,delaminated,,derived,,,stated,≈5,μm,derived,,,stated,,,stated,,,stated,about 6,μm,stated,,,stated,6 M H2SO4,,stated,,,stated,,,stated,1,A g−1,stated,524,F g−1,stated,,,stated,552,mF cm−2,stated
Small - 2023 - Xu - Boron Quantum Dots Pillared Ti3C2Tx Membrane Electrode with High Rate Performance for Supercapacitor.pdf,Small - 2023 - Xu - Boron Quantum Dots Pillared Ti3C2Tx Membrane Electrode with High Rate Performance for Supercapacitor.pdf,10.1002/smll.202306562,2024,Xu et al.,BQDs(15)-Ti3C2Tx,composite,False,Ti3C2Tx,,stated,BQDs/Ti3C2Tx nanosheets (15 wt.% BQDs),,stated,"HF etching/TMAOH exfoliation, BQD pillaring, vacuum filtration",,derived,delaminated,,derived,,,stated,≈5,μm,derived,,,stated,,,stated,,,stated,,,stated,,,stated,6 M H2SO4,,derived,,,stated,,,stated,,,stated,,,stated,,,stated,,,stated
Small Methods - 2025 - Kouchi - StableTi3C2Tx MXene Ink Formulation and High‐Resolution Aerosol Jet Printing for.pdf,Small Methods - 2025 - Kouchi - StableTi3C2Tx MXene Ink Formulation and High‐Resolution Aerosol Jet Printing for.pdf,10.1002/smtd.202500499,2025,Rajabi Kouchi et al.,one-layer MXene SC,variant,False,Ti3C2Tx,,stated,Ti3C2Tx MXene nanoflakes on Au current collector,,derived,LiF/HCl MILD etching followed by NMP liquid-phase exfoliation and solvent exchange,,derived,few-layer or single-layer,,derived,1.23,nm,derived,less than 400,nm,derived,26.85,%,uncertain,,,stated,,,stated,0.5,μm,derived,,,stated,1 M NaClO4/PC,,stated,,,stated,,,stated,10,μA,stated,,,stated,,,stated,8.5,mF cm−2,stated
Small Methods - 2025 - Kouchi - StableTi3C2Tx MXene Ink Formulation and High‐Resolution Aerosol Jet Printing for.pdf,Small Methods - 2025 - Kouchi - StableTi3C2Tx MXene Ink Formulation and High‐Resolution Aerosol Jet Printing for.pdf,10.1002/smtd.202500499,2025,Rajabi Kouchi et al.,two-layer MXene SC,variant,False,Ti3C2Tx,,stated,Ti3C2Tx MXene nanoflakes on Au current collector,,derived,LiF/HCl MILD etching followed by NMP liquid-phase exfoliation and solvent exchange,,derived,few-layer or single-layer,,derived,1.23,nm,derived,less than 400,nm,derived,26.85,%,uncertain,,,stated,,,stated,1.3,μm,derived,,,stated,1 M NaClO4/PC,,stated,,,stated,,,stated,10,μA,stated,,,stated,,,stated,16,mF cm−2,stated
Small Methods - 2025 - Kouchi - StableTi3C2Tx MXene Ink Formulation and High‐Resolution Aerosol Jet Printing for.pdf,Small Methods - 2025 - Kouchi - StableTi3C2Tx MXene Ink Formulation and High‐Resolution Aerosol Jet Printing for.pdf,10.1002/smtd.202500499,2025,Rajabi Kouchi et al.,three-layer MXene SC,primary,True,Ti3C2Tx,,stated,Ti3C2Tx MXene nanoflakes on Au current collector,,derived,LiF/HCl MILD etching followed by NMP liquid-phase exfoliation and solvent exchange,,derived,few-layer or single-layer,,derived,1.23,nm,derived,less than 400,nm,derived,26.85,%,uncertain,,,stated,,,stated,1.9,μm,derived,,,stated,3 M H2SO4/PVA gel electrolyte,,stated,,,stated,,,stated,10,μA,stated,,,stated,611,F cm−3,stated,122,mF cm−2,stated
Small Methods - 2025 - Kouchi - StableTi3C2Tx MXene Ink Formulation and High‐Resolution Aerosol Jet Printing for.pdf,Small Methods - 2025 - Kouchi - StableTi3C2Tx MXene Ink Formulation and High‐Resolution Aerosol Jet Printing for.pdf,10.1002/smtd.202500499,2025,Rajabi Kouchi et al.,three-layer MXene SC without gold current collector,control,False,Ti3C2Tx,,stated,Ti3C2Tx MXene nanoflakes without gold current collector,,stated,LiF/HCl MILD etching followed by NMP liquid-phase exfoliation and solvent exchange,,derived,few-layer or single-layer,,derived,1.23,nm,derived,less than 400,nm,derived,26.85,%,uncertain,,,stated,,,stated,,,uncertain,,,stated,1 M NaClO4/PC,,stated,,,stated,,,stated,,,stated,,,stated,,,stated,,,stated
Small Methods - 2025 - Kouchi - StableTi3C2Tx MXene Ink Formulation and High‐Resolution Aerosol Jet Printing for.pdf,Small Methods - 2025 - Kouchi - StableTi3C2Tx MXene Ink Formulation and High‐Resolution Aerosol Jet Printing for.pdf,10.1002/smtd.202500499,2025,Rajabi Kouchi et al.,high-resolution MXene (HR-MXene) SC,variant,False,Ti3C2Tx,,stated,Ti3C2Tx MXene nanoflakes on Au current collector,,stated,LiF/HCl MILD etching followed by NMP liquid-phase exfoliation and solvent exchange,,derived,few-layer or single-layer,,derived,1.23,nm,derived,less than 400,nm,derived,26.85,%,uncertain,,,stated,,,stated,≈1.25,μm,stated,,,stated,aqueous H2SO4-PVA gel electrolyte,,uncertain,,,stated,,,stated,10,μA,stated,,,stated,535,F cm−3,stated,67,mF cm−2,stated
Small Science - 2025 - Li - Operando X‐Ray Diffraction Study of MXene Electrode Structure in Supercapacitors with Alkali.pdf,Small Science - 2025 - Li - Operando X‐Ray Diffraction Study of MXene Electrode Structure in Supercapacitors with Alkali.pdf,10.1002/smsc.202500367,2025,Li et al.,Ti3C2Tx MXene,primary,True,Ti3C2Tx,,stated,Ti3C2Tx,,stated,LiF + HCl etching,,stated,,,stated,14.79,Å,stated,,,stated,,,stated,,,stated,,,stated,about 2,mm,derived,,,stated,1M H2SO4,,stated,below 10,m2 g-1,stated,,,stated,,,stated,exceeding 100,F g-1,stated,,,stated,,,stated
Small_2022_Guo_Thickness80_90Independent_Capacitive_Performance_of_Holey_Ti3C2Tx_Film_Prepared_through_a_Mild_Oxidation.pdf,Small_2022_Guo_Thickness80_90Independent_Capacitive_Performance_of_Holey_Ti3C2Tx_Film_Prepared_through_a_Mild_Oxidation.pdf,10.1002/smll.202205947,2022,Guo et al.,pristine Ti3C2Tx,control,False,Ti3C2Tx,,stated,Ti3C2Tx,,stated,"LiF/HCl etching of Ti3AlC2, followed by Ar-protected ultrasonication/delamination",,stated,few-layer,,stated,,,stated,1–3,µm,stated,,,stated,,,stated,,,stated,25,µm,stated,,,stated,3 M H2SO4 aqueous solution,,derived,,,stated,,,stated,0.5,A g−1,stated,258,F g−1,stated,,,stated,,,stated
Small_2022_Guo_Thickness80_90Independent_Capacitive_Performance_of_Holey_Ti3C2Tx_Film_Prepared_through_a_Mild_Oxidation.pdf,Small_2022_Guo_Thickness80_90Independent_Capacitive_Performance_of_Holey_Ti3C2Tx_Film_Prepared_through_a_Mild_Oxidation.pdf,10.1002/smll.202205947,2022,Guo et al.,H-Ti3C2Tx-10,variant,False,Ti3C2Tx,,stated,H-Ti3C2Tx,,stated,"O2 bubbling/reflux oxidation at 100 °C for 10 min, followed by 10% v/v HF etching for 6 h",,stated,,,stated,,,stated,,,stated,,,stated,4.5,nm,derived,,,stated,25,µm,stated,,,stated,3 M H2SO4 aqueous solution,,derived,,,stated,,,stated,,,stated,,,stated,,,stated,,,stated
Small_2022_Guo_Thickness80_90Independent_Capacitive_Performance_of_Holey_Ti3C2Tx_Film_Prepared_through_a_Mild_Oxidation.pdf,Small_2022_Guo_Thickness80_90Independent_Capacitive_Performance_of_Holey_Ti3C2Tx_Film_Prepared_through_a_Mild_Oxidation.pdf,10.1002/smll.202205947,2022,Guo et al.,H-Ti3C2Tx-25,primary,True,Ti3C2Tx,,stated,H-Ti3C2Tx,,stated,"O2 bubbling/reflux oxidation at 100 °C for 25 min, followed by 10% v/v HF etching for 6 h",,stated,,,stated,,,stated,,,stated,,,stated,4.5,nm,derived,,,stated,84,µm,stated,6.41,mg cm−2,stated,3 M H2SO4 aqueous solution,,derived,,,stated,,,stated,0.5,A g−1,stated,323,F g−1,stated,476,F cm−3,stated,,,stated
Small_2022_Guo_Thickness80_90Independent_Capacitive_Performance_of_Holey_Ti3C2Tx_Film_Prepared_through_a_Mild_Oxidation.pdf,Small_2022_Guo_Thickness80_90Independent_Capacitive_Performance_of_Holey_Ti3C2Tx_Film_Prepared_through_a_Mild_Oxidation.pdf,10.1002/smll.202205947,2022,Guo et al.,H-Ti3C2Tx-40,variant,False,Ti3C2Tx,,stated,H-Ti3C2Tx,,stated,"O2 bubbling/reflux oxidation at 100 °C for 40 min, followed by 10% v/v HF etching for 6 h",,stated,,,stated,,,stated,,,stated,,,stated,4.5,nm,derived,,,stated,25,µm,stated,,,stated,3 M H2SO4 aqueous solution,,derived,,,stated,,,stated,0.5,A g−1,stated,339,F g−1,stated,,,stated,,,stated
Small_2022_Guo_Thickness80_90Independent_Capacitive_Performance_of_Holey_Ti3C2Tx_Film_Prepared_through_a_Mild_Oxidation.pdf,Small_2022_Guo_Thickness80_90Independent_Capacitive_Performance_of_Holey_Ti3C2Tx_Film_Prepared_through_a_Mild_Oxidation.pdf,10.1002/smll.202205947,2022,Guo et al.,Ti3C2Tx sonicated for 2 h,control,False,Ti3C2Tx,,stated,Ti3C2Tx,,stated,LiF/HCl-derived Ti3C2Tx subsequently sonicated at 230 W for 2 h,,stated,,,stated,,,stated,280,nm,stated,,,stated,,,stated,,,stated,10,µm,stated,,,stated,3 M H2SO4 aqueous solution,,derived,,,stated,,,stated,,,stated,,,stated,,,stated,,,stated
Small_2022_Guo_Thickness80_90Independent_Capacitive_Performance_of_Holey_Ti3C2Tx_Film_Prepared_through_a_Mild_Oxidation.pdf,Small_2022_Guo_Thickness80_90Independent_Capacitive_Performance_of_Holey_Ti3C2Tx_Film_Prepared_through_a_Mild_Oxidation.pdf,10.1002/smll.202205947,2022,Guo et al.,Ti3C2Tx sonicated for 3 h,control,False,Ti3C2Tx,,stated,Ti3C2Tx,,stated,LiF/HCl-derived Ti3C2Tx subsequently sonicated at 230 W for 3 h,,stated,,,stated,,,stated,240,nm,stated,,,stated,,,stated,,,stated,10,µm,stated,,,stated,3 M H2SO4 aqueous solution,,derived,,,stated,,,stated,,,stated,,,stated,,,stated,,,stated
smll.201802225.pdf,smll.201802225.pdf,10.1002/smll.201802225,2018,Wang et al.,BMX yarn (69.2 wt. % MXene),variant,False,Ti3C2Tx,,stated,"Ti3C2Tx/CNT, 69.2 wt. % MXene",,stated,LiF/HCl minimally intensive layer delamination (MILD); biscrolling with CNT sheets,,derived,delaminated,,derived,,,uncertain,,,uncertain,,,uncertain,,,uncertain,,,uncertain,,,uncertain,69.2,wt. %,stated,3 M H2SO4,,derived,,,uncertain,,,uncertain,,,uncertain,,,uncertain,,,uncertain,,,uncertain
smll.201802225.pdf,smll.201802225.pdf,10.1002/smll.201802225,2018,Wang et al.,BMX yarn (86.2 wt. % MXene),variant,False,Ti3C2Tx,,stated,"Ti3C2Tx/CNT, 86.2 wt. % MXene",,stated,LiF/HCl minimally intensive layer delamination (MILD); biscrolling with CNT sheets,,derived,delaminated,,derived,,,uncertain,,,uncertain,,,uncertain,,,uncertain,,,uncertain,,,uncertain,86.2,wt. %,stated,3 M H2SO4,,derived,,,uncertain,,,uncertain,,,uncertain,,,uncertain,,,uncertain,,,uncertain
smll.201802225.pdf,smll.201802225.pdf,10.1002/smll.201802225,2018,Wang et al.,BMX yarn (90 wt. % MXene),variant,False,Ti3C2Tx,,stated,"Ti3C2Tx/CNT, 90 wt. % MXene",,stated,LiF/HCl minimally intensive layer delamination (MILD); biscrolling with CNT sheets,,derived,delaminated,,derived,,,uncertain,,,uncertain,,,uncertain,,,uncertain,,,uncertain,,,uncertain,90,wt. %,stated,,,uncertain,,,uncertain,,,uncertain,,,uncertain,,,uncertain,,,uncertain,,,uncertain
smll.201802225.pdf,smll.201802225.pdf,10.1002/smll.201802225,2018,Wang et al.,BMX yarn (97.4 wt. % MXene),primary,True,Ti3C2Tx,,stated,"Ti3C2Tx/CNT, 97.4 wt. % MXene",,stated,LiF/HCl minimally intensive layer delamination (MILD); biscrolling with CNT sheets,,stated,delaminated,,stated,,,uncertain,,,uncertain,,,uncertain,,,uncertain,,,uncertain,,,uncertain,97.4,wt. %,stated,3 M H2SO4,,stated,,,uncertain,,,uncertain,2,mA cm−2,stated,532,F g−1,stated,1083,F cm−3,stated,3188,mF cm−2,stated
smll.201802225.pdf,smll.201802225.pdf,10.1002/smll.201802225,2018,Wang et al.,neat CNT yarn,control,False,,,stated,CNT,,stated,Twisted stacked CNT sheets,,stated,,,uncertain,,,uncertain,9,nm,stated,,,uncertain,,,uncertain,,,uncertain,,,uncertain,,,uncertain,,,uncertain,,,uncertain,,,uncertain,,,uncertain,,,uncertain,,,uncertain,,,uncertain
smll.201802225.pdf,smll.201802225.pdf,10.1002/smll.201802225,2018,Wang et al.,BRU yarn,reference,False,,,stated,RuO2/CNT,,stated,RuO2 prepared from RuCl3·xH2O and biscrolled with CNT sheets,,stated,,,uncertain,,,uncertain,,,uncertain,,,uncertain,,,uncertain,,,uncertain,,,uncertain,,,uncertain,PVA-H2SO4,,derived,,,uncertain,,,uncertain,,,uncertain,,,uncertain,,,uncertain,,,uncertain
smll.201804732.pdf,smll.201804732.pdf,10.1002/smll.201804732,2019,Jizhen Zhang et al.,PEDOT:PSS fiber,control,False,,,stated,PEDOT:PSS,,stated,Wet-spinning in 98 wt. % H2SO4 coagulation bath,,derived,,,stated,,,stated,,,stated,,,stated,,,stated,,,stated,,,stated,,,stated,1 M H2SO4,,derived,,,stated,5,mV s-1,stated,,,stated,,,stated,74.6,F cm-3,stated,,,stated
smll.201804732.pdf,smll.201804732.pdf,10.1002/smll.201804732,2019,Jizhen Zhang et al.,M1P9,variant,False,Ti3C2Tx,,stated,"Ti3C2Tx MXene/PEDOT:PSS, 1:9 mass ratio",,stated,LiF/HCl MILD etching followed by wet-spinning in 98 wt. % H2SO4,,derived,delaminated,,derived,,,stated,~1.3,µm,derived,,,stated,,,stated,,,stated,,,stated,,,stated,1 M H2SO4,,derived,,,stated,,,stated,,,stated,,,stated,,,stated,,,stated
smll.201804732.pdf,smll.201804732.pdf,10.1002/smll.201804732,2019,Jizhen Zhang et al.,M3P7,variant,False,Ti3C2Tx,,stated,"Ti3C2Tx MXene/PEDOT:PSS, 3:7 mass ratio",,stated,LiF/HCl MILD etching followed by wet-spinning in 98 wt. % H2SO4,,derived,delaminated,,derived,,,stated,~1.3,µm,derived,,,stated,,,stated,,,stated,,,stated,,,stated,1 M H2SO4,,derived,,,stated,,,stated,,,stated,,,stated,,,stated,,,stated
smll.201804732.pdf,smll.201804732.pdf,10.1002/smll.201804732,2019,Jizhen Zhang et al.,M5P5,variant,False,Ti3C2Tx,,stated,"Ti3C2Tx MXene/PEDOT:PSS, 5:5 mass ratio",,stated,LiF/HCl MILD etching followed by wet-spinning in 98 wt. % H2SO4,,derived,delaminated,,derived,~39.3,Å,stated,~1.3,µm,derived,,,stated,,,stated,,,stated,,,stated,,,stated,1 M H2SO4,,derived,,,stated,,,stated,,,stated,,,stated,,,stated,,,stated
smll.201804732.pdf,smll.201804732.pdf,10.1002/smll.201804732,2019,Jizhen Zhang et al.,M7P3,primary,True,Ti3C2Tx,,stated,"Ti3C2Tx MXene/PEDOT:PSS, 7:3 mass ratio (~70 wt. % MXene)",,stated,LiF/HCl MILD etching followed by wet-spinning in 98 wt. % H2SO4,,derived,delaminated,,derived,~39.3,Å,stated,~1.3,µm,derived,,,stated,,,stated,,,stated,,,stated,,,stated,1 M H2SO4,,derived,,,stated,5,mV s-1,stated,,,stated,,,stated,614.5,F cm-3,stated,,,stated
ssrn-5211970.pdf,ssrn-5211970.pdf,,,Shi et al.,Ti3C2Tx,control,False,Ti3C2Tx,,stated,"Ti3C2Tx (-OH, -O, -F)",,derived,mild LiF/HCl etching,,derived,delaminated,,derived,1.48,nm,stated,2-3,μm,derived,,,stated,,,stated,,,stated,,,stated,,,uncertain,1 M H2SO4,,derived,,,stated,,,stated,1,A g-1,stated,281,F g-1,stated,,,stated,,,stated
ssrn-5211970.pdf,ssrn-5211970.pdf,,,Shi et al.,Ti3C2Tx-Mn,variant,False,Ti3C2Tx,,stated,Mn-modified Ti3C2Tx,,stated,"mild LiF/HCl etching, KOH pretreatment, Mn2+ ion exchange",,stated,delaminated,,derived,1.35,nm,stated,2-3,μm,derived,,,stated,,,stated,,,stated,,,stated,,,uncertain,1 M H2SO4,,derived,,,stated,,,stated,1,A g-1,stated,298,F g-1,stated,,,stated,,,stated
ssrn-5211970.pdf,ssrn-5211970.pdf,,,Shi et al.,a-Ti3C2Tx-Mn,primary,True,Ti3C2Tx,,stated,annealed Mn-modified Ti3C2Tx,,stated,"mild LiF/HCl etching, KOH pretreatment, Mn2+ ion exchange, annealing at 400 °C under Ar for 2 h",,stated,delaminated,,derived,10.95,Å,stated,2-3,μm,derived,,,stated,,,stated,,,stated,,,stated,,,uncertain,1 M H2SO4,,derived,,,stated,,,stated,1,A g-1,stated,401,F g-1,stated,,,stated,,,stated
ssrn-5211970.pdf,ssrn-5211970.pdf,,,Shi et al.,RuO2/SWCNT,reference,False,,,stated,RuO2/SWCNT,,stated,hydrothermal synthesis and annealing of RuO2; vacuum filtration with SWCNT,,stated,,,stated,,,stated,,,stated,,,stated,,,stated,,,stated,,,stated,,,stated,1 M H2SO4,,stated,,,stated,,,stated,1,A g-1,stated,321.3,F g-1,stated,,,stated,,,stated
SusMat - 2022 - Chu - Boosting the energy density of aqueous MXene‐based supercapacitor by integrating 3D conducting.pdf,SusMat - 2022 - Chu - Boosting the energy density of aqueous MXene‐based supercapacitor by integrating 3D conducting.pdf,10.1002/sus2.61,2022,Chu et al.,CPH,primary,True,,,uncertain,PANI/CA conducting polymer hydrogel (CPH),,stated,Electrochemical polymerization of aniline with citric acid crosslinker/dopant,,stated,3D interconnected nanofiber network,,stated,,,uncertain,,,uncertain,,,uncertain,,,uncertain,,,uncertain,,,uncertain,0.03,mg/cm2,stated,1 M H2SO4,,derived,,,uncertain,,,uncertain,1,A/g,stated,402.5,F/g,stated,,,uncertain,,,uncertain
SusMat - 2022 - Chu - Boosting the energy density of aqueous MXene‐based supercapacitor by integrating 3D conducting.pdf,SusMat - 2022 - Chu - Boosting the energy density of aqueous MXene‐based supercapacitor by integrating 3D conducting.pdf,10.1002/sus2.61,2022,Chu et al.,Ti3C2Tx MXene,control,False,Ti3C2Tx,,stated,Ti3C2Tx,,stated,"HCl/LiF acidic etching (MILD), sonication-assisted delamination",,stated,few-layered,,stated,,,uncertain,<1,μm,stated,,,uncertain,,,uncertain,,,uncertain,,,uncertain,,,uncertain,1 M H2SO4,,derived,,,uncertain,,,uncertain,,,uncertain,213.8,F/g,stated,,,uncertain,,,uncertain
tang2020 (1).pdf,tang2020 (1).pdf,10.1002/aenm.202003025,2020,Jun Tang et al.,L-pristine,control,False,Ti3C2Tx,,stated,"Ti3C2Tx (Tx = -Cl, -F, -OH, and =O)",,stated,"HF/HCl etching of Ti3AlC2, LiCl delamination, vacuum filtration",,stated,single- and few-layer,,stated,,,stated,1.28,µm,stated,,,stated,,,stated,,,stated,,,stated,1,mg cm−2,stated,3 m H2SO4,,derived,,,stated,,,stated,,,stated,,,stated,,,stated,,,stated
tang2020 (1).pdf,tang2020 (1).pdf,10.1002/aenm.202003025,2020,Jun Tang et al.,L-etched,variant,False,Ti3C2Tx,,stated,"H2SO4-etched Ti3C2Tx (Tx = -Cl, -F, -OH, and =O; residual sulfur compounds/carbon species)",,stated,"HF/HCl etching, LiCl delamination, concentrated H2SO4 oxidation/etching, vacuum filtration",,stated,single- and few-layer,,derived,,,stated,1.28,µm,derived,,,stated,,,stated,,,stated,,,stated,,,stated,3 m H2SO4,,derived,,,stated,5,mV s−1,stated,,,stated,324,F g−1,stated,,,stated,,,stated
tang2020 (1).pdf,tang2020 (1).pdf,10.1002/aenm.202003025,2020,Jun Tang et al.,S-pristine,control,False,Ti3C2Tx,,stated,"Ti3C2Tx (Tx = -Cl, -F, -OH, and =O)",,stated,"HF/HCl etching of Ti3AlC2, LiCl delamination, probe sonication, vacuum filtration",,stated,single- and few-layer,,stated,,,stated,150,nm,stated,,,stated,,,stated,,,stated,,,stated,,,stated,3 m H2SO4,,derived,,,stated,,,stated,,,stated,,,stated,,,stated,,,stated
tang2020 (1).pdf,tang2020 (1).pdf,10.1002/aenm.202003025,2020,Jun Tang et al.,S-etched,primary,True,Ti3C2Tx,,stated,"H2SO4-etched Ti3C2Tx (Tx = -Cl, -F, -OH, and =O; residual sulfur compounds/carbon species)",,stated,"HF/HCl etching, LiCl delamination, probe sonication, concentrated H2SO4 oxidation/etching, vacuum filtration",,stated,single- and few-layer,,derived,,,stated,150,nm,derived,,,stated,several,nm,stated,,,stated,1.1,µm,stated,0.4,mg cm−2,stated,3 m H2SO4,,derived,,,stated,5,mV s−1,stated,,,stated,327,F g−1,stated,≈1200,F cm−3,stated,3.2,F cm−2,stated
UmNiN2dEUVBhcGowc2U1aUxJSk9aQT09.pdf,UmNiN2dEUVBhcGowc2U1aUxJSk9aQT09.pdf,10.25259/AJC_264_2024,2025,Yu et al.,Ti3C2Tx,control,False,Ti3C2Tx,,stated,"Ti3C2Tx (-F, -O, -OH)",,stated,LiF/HCl etching,,stated,multilayer,,stated,12.13,Å,stated,,,stated,,,stated,,,stated,,,stated,,,stated,0.5,mg,derived,3 M H2SO4,,derived,29.69,m2 g-1,stated,2,mV s-1,stated,,,stated,315.5,F g-1,stated,,,stated,,,stated
UmNiN2dEUVBhcGowc2U1aUxJSk9aQT09.pdf,UmNiN2dEUVBhcGowc2U1aUxJSk9aQT09.pdf,10.25259/AJC_264_2024,2025,Yu et al.,Ti3C2Tx@C,primary,True,Ti3C2Tx,,stated,"Ti3C2Tx (-F, -O, -OH) with gallic acid-derived carbon dots and Zn2+",,stated,"LiF/HCl etching, Zn2+-assisted GA crosslinking, freeze-drying, and carbonization at 500°C",,stated,multilayer,,stated,13.85,Å,stated,,,stated,,,stated,5–10,μm,stated,,,stated,,,stated,0.5,mg,derived,3 M H2SO4,,derived,35.57,m2 g-1,stated,,,stated,1,A g-1,stated,436,F g-1,stated,,,stated,,,stated
wang2019.pdf,wang2019.pdf,10.1016/j.jallcom.2018.11.172,2019,Wang et al.,Ti3C2Tx film,control,False,Ti3C2Tx,,stated,Ti3C2Tx,,stated,Previously reported Ti3C2Tx suspension preparation and vacuum filtration,,stated,delaminated,,stated,24.4,Å,stated,,,uncertain,,,uncertain,,,uncertain,,,uncertain,,,uncertain,2.31,mg/cm2,stated,1 M H2SO4 aqueous electrolyte,,derived,,,uncertain,2,mV/s,stated,,,uncertain,218,F/g,stated,,,uncertain,506,mF/cm2,stated
wang2019.pdf,wang2019.pdf,10.1016/j.jallcom.2018.11.172,2019,Wang et al.,Ti3C2Tx/PDA-2,composite,False,Ti3C2Tx,,stated,"Ti3C2Tx/PDA, 2% DA",,stated,One-step in situ oxidation polymerization of dopamine,,stated,delaminated,,derived,28.9,Å,stated,,,uncertain,,,uncertain,,,uncertain,,,uncertain,,,uncertain,2.35,mg/cm2,stated,1 M H2SO4 aqueous electrolyte,,derived,,,uncertain,2,mV/s,stated,,,uncertain,220,F/g,stated,,,uncertain,517,mF/cm2,stated
wang2019.pdf,wang2019.pdf,10.1016/j.jallcom.2018.11.172,2019,Wang et al.,Ti3C2Tx/PDA-5,composite,False,Ti3C2Tx,,stated,"Ti3C2Tx/PDA, 5% DA",,stated,One-step in situ oxidation polymerization of dopamine,,stated,delaminated,,derived,31.1,Å,stated,,,uncertain,,,uncertain,,,uncertain,,,uncertain,,,uncertain,2.58,mg/cm2,stated,1 M H2SO4 aqueous electrolyte,,derived,,,uncertain,2,mV/s,stated,,,uncertain,238,F/g,stated,,,uncertain,614,mF/cm2,stated
wang2019.pdf,wang2019.pdf,10.1016/j.jallcom.2018.11.172,2019,Wang et al.,Ti3C2Tx/PDA-10 (2.8 mg/cm2),composite,False,Ti3C2Tx,,stated,"Ti3C2Tx/PDA, 10% DA",,stated,One-step in situ oxidation polymerization of dopamine,,stated,delaminated,,derived,35.5,Å,stated,200 nm to 2 μm,nm to μm,stated,,,uncertain,,,uncertain,,,uncertain,12.6,μm,stated,2.75,mg/cm2,stated,1 M H2SO4 electrolyte,,stated,,,uncertain,2,mV/s,stated,,,uncertain,260,F/g,stated,,,uncertain,715,mF/cm2,stated
wang2019.pdf,wang2019.pdf,10.1016/j.jallcom.2018.11.172,2019,Wang et al.,Ti3C2Tx/PDA-10 (7.3 mg/cm2),composite,False,Ti3C2Tx,,stated,"Ti3C2Tx/PDA, 10% DA",,stated,One-step in situ oxidation polymerization of dopamine,,derived,delaminated,,derived,35.5,Å,derived,200 nm to 2 μm,nm to μm,derived,,,uncertain,,,uncertain,,,uncertain,,,uncertain,7.3,mg/cm2,stated,1 M H2SO4 aqueous electrolyte,,derived,,,uncertain,2,mV/s,stated,,,uncertain,,,uncertain,,,uncertain,1496,mF/cm2,stated
wang2019.pdf,wang2019.pdf,10.1016/j.jallcom.2018.11.172,2019,Wang et al.,Ti3C2Tx/PDA-10 (13.6 mg/cm2),composite,True,Ti3C2Tx,,stated,"Ti3C2Tx/PDA, 10% DA",,stated,One-step in situ oxidation polymerization of dopamine,,derived,delaminated,,derived,35.5,Å,derived,200 nm to 2 μm,nm to μm,derived,,,uncertain,,,uncertain,,,uncertain,,,uncertain,13.6,mg/cm2,stated,1 M H2SO4 aqueous electrolyte,,derived,,,uncertain,2,mV/s,stated,,,uncertain,,,uncertain,,,uncertain,3440,mF/cm2,stated
zhang2018.pdf,zhang2018.pdf,10.1002/adfm.201705506,2018,Zhang et al.,I-Ti3C2Tx,primary,True,Ti3C2Tx,,stated,"Ti3C2Tx (Tx includes -OH, -O, and/or -F)",,stated,LiF/HCl minimally intensive layer delamination (MILD),,derived,mostly single-layered,,derived,,,stated,1.2 ± 0.2,µm,derived,,,stated,,,stated,,,stated,≈0.69 ± 0.16,µm,derived,,,stated,PVA/H2SO4 gel electrolyte,,derived,,,stated,,,stated,25,µA cm−2,stated,,,stated,,,stated,61,mF cm−2,stated
zhang2018.pdf,zhang2018.pdf,10.1002/adfm.201705506,2018,Zhang et al.,Y-Ti3C2Tx,variant,False,Ti3C2Tx,,stated,"Ti3C2Tx (Tx includes -OH, -O, and/or -F)",,stated,LiF/HCl minimally intensive layer delamination (MILD),,derived,mostly single-layered,,derived,,,stated,1.2 ± 0.2,µm,derived,,,stated,,,stated,,,stated,≈0.69,µm,stated,,,stated,PVA/H2SO4 gel electrolyte,,derived,,,stated,,,stated,25,µA cm−2,stated,,,stated,,,stated,34,mF cm−2,stated
zhang2018.pdf,zhang2018.pdf,10.1002/adfm.201705506,2018,Zhang et al.,Y-Ti3CNTx,variant,False,Ti3CNTx,,stated,"Ti3CNTx (Tx includes -OH, -O, and/or -F)",,stated,LiF/HCl etching,,derived,predominantly single-layer flakes,,derived,,,stated,≈2.2,µm,derived,,,stated,,,stated,,,stated,≈0.69,µm,stated,,,stated,PVA/H2SO4 gel electrolyte,,derived,,,stated,5,mV s−1,stated,,,stated,,,stated,,,stated,33.8,mF cm−2,stated
zhang2018.pdf,zhang2018.pdf,10.1002/adfm.201705506,2018,Zhang et al.,S-Ti3C2Tx,variant,False,Ti3C2Tx,,stated,"Ti3C2Tx (Tx includes -OH, -O, and/or -F)",,stated,LiF/HCl minimally intensive layer delamination (MILD),,derived,mostly single-layered,,derived,,,stated,1.2 ± 0.2,µm,derived,,,stated,,,stated,,,stated,≈0.69,µm,derived,,,stated,PVA/H2SO4 gel electrolyte,,derived,,,stated,,,stated,,,stated,,,stated,,,stated,,,stated
zhang2018.pdf,zhang2018.pdf,10.1002/adfm.201705506,2018,Zhang et al.,I-Ti3C2Tx (≈100 nm),variant,False,Ti3C2Tx,,stated,"Ti3C2Tx (Tx includes -OH, -O, and/or -F)",,stated,LiF/HCl minimally intensive layer delamination (MILD),,derived,mostly single-layered,,derived,,,stated,1.2 ± 0.2,µm,derived,,,stated,,,stated,,,stated,≈99 ± 13,nm,stated,,,stated,PVA/H2SO4 gel electrolyte,,derived,,,stated,5,mV s−1,stated,,,stated,,,stated,,,stated,2.5,mF cm−2,stated
zhang2018.pdf,zhang2018.pdf,10.1002/adfm.201705506,2018,Zhang et al.,rolled I-Ti3C2Tx,variant,False,Ti3C2Tx,,stated,"Ti3C2Tx (Tx includes -OH, -O, and/or -F)",,stated,LiF/HCl minimally intensive layer delamination (MILD); cylindrical-stamp rolling,,derived,mostly single-layered,,derived,,,stated,1.2 ± 0.2,µm,derived,,,stated,,,stated,,,stated,,,stated,,,stated,PVA/H2SO4 gel electrolyte,,derived,,,stated,10,mV s−1,stated,,,stated,,,stated,,,stated,56.8,mF cm−2,stated
zhao2014.pdf,zhao2014.pdf,10.1002/adma.201404140,2014,Zhao et al.,Ti3C2Tx,control,False,Ti3C2Tx,,stated,Ti3C2Tx,,stated,"50 wt% aqueous HF etching of Ti3AlC2, DMSO intercalation, sonication delamination",,derived,delaminated,,stated,,,stated,,,stated,,,stated,,,stated,,,stated,,,stated,,,stated,1 M MgSO4 aqueous solution,,derived,,,stated,2,mV s−1,stated,,,stated,,,stated,360,F cm−3,stated,,,stated
zhao2014.pdf,zhao2014.pdf,10.1002/adma.201404140,2014,Zhao et al.,Mixed Ti3C2Tx/SWCNT,composite,False,Ti3C2Tx,,stated,Ti3C2Tx/SWCNT,,stated,"50 wt% aqueous HF etching of Ti3AlC2, DMSO intercalation, sonication delamination; direct mixed vacuum filtration",,derived,delaminated,,derived,,,stated,,,stated,,,stated,,,stated,,,stated,2–3,µm,stated,,,stated,1 M MgSO4 aqueous solution,,derived,,,stated,2,mV s−1,stated,,,stated,,,stated,300,F cm−3,stated,,,stated
zhao2014.pdf,zhao2014.pdf,10.1002/adma.201404140,2014,Zhao et al.,Sandwich-like Ti3C2Tx/SWCNT,composite,False,Ti3C2Tx,,stated,Ti3C2Tx/SWCNT,,stated,"50 wt% aqueous HF etching of Ti3AlC2, DMSO intercalation, sonication delamination; alternating filtration",,derived,6–10 alternating Ti3C2Tx and SWCNT layers,,stated,,,stated,,,stated,,,stated,,,stated,,,stated,2–3,µm,stated,,,stated,1 M MgSO4 aqueous solution,,derived,,,stated,2,mV s−1,stated,5,A g−1,stated,,,stated,390,F cm−3,stated,,,stated
zhao2014.pdf,zhao2014.pdf,10.1002/adma.201404140,2014,Zhao et al.,Mixed Ti3C2Tx/MWCNT,composite,False,Ti3C2Tx,,stated,Ti3C2Tx/MWCNT,,stated,"50 wt% aqueous HF etching of Ti3AlC2, DMSO intercalation, sonication delamination; direct mixed vacuum filtration",,derived,delaminated,,derived,,,stated,,,stated,,,stated,,,stated,,,stated,2–3,µm,stated,,,stated,1 M MgSO4 aqueous solution,,derived,,,stated,2,mV s−1,stated,,,stated,,,stated,366,F cm−3,stated,,,stated
zhao2014.pdf,zhao2014.pdf,10.1002/adma.201404140,2014,Zhao et al.,Sandwich-like Ti3C2Tx/MWCNT,composite,False,Ti3C2Tx,,stated,Ti3C2Tx/MWCNT,,stated,"50 wt% aqueous HF etching of Ti3AlC2, DMSO intercalation, sonication delamination; alternating filtration",,derived,6–10 alternating Ti3C2Tx and MWCNT layers,,stated,,,stated,,,stated,,,stated,,,stated,,,stated,2–3,µm,stated,,,stated,1 M MgSO4 aqueous solution,,derived,,,stated,2,mV s−1,stated,10,A g−1,stated,150,F g−1,uncertain,321,F cm−3,stated,,,stated
zhao2014.pdf,zhao2014.pdf,10.1002/adma.201404140,2014,Zhao et al.,Sandwich-like Ti3C2Tx/OLC,composite,False,Ti3C2Tx,,stated,Ti3C2Tx/OLC,,stated,"50 wt% aqueous HF etching of Ti3AlC2, DMSO intercalation, sonication delamination; alternating filtration",,derived,delaminated,,derived,,,stated,,,stated,,,stated,,,stated,,,stated,,,stated,,,stated,1 M MgSO4 aqueous solution,,derived,,,stated,2,mV s−1,stated,,,stated,,,stated,397,F cm−3,stated,,,stated
zhao2014.pdf,zhao2014.pdf,10.1002/adma.201404140,2014,Zhao et al.,Sandwich-like Ti3C2Tx/rGO,primary,True,Ti3C2Tx,,stated,Ti3C2Tx/rGO,,stated,"50 wt% aqueous HF etching of Ti3AlC2, DMSO intercalation, sonication delamination; alternating filtration",,derived,delaminated,,derived,,,stated,,,stated,,,stated,,,stated,,,stated,,,stated,,,stated,1 M MgSO4 aqueous solution,,derived,,,stated,2,mV s−1,stated,10,A g−1,stated,,,stated,435,F cm−3,stated,,,stated
