source_file,source_path,doi,year,authors,electrode_label,role,is_primary,mxene_formula,mxene_formula__unit,mxene_formula__conf,composition,composition__unit,composition__conf,synthesis_method,synthesis_method__unit,synthesis_method__conf,layer_no,layer_no__unit,layer_no__conf,layer_no__src,interlayer_spacing,interlayer_spacing__unit,interlayer_spacing__conf,interlayer_spacing__src,flake_size,flake_size__unit,flake_size__conf,flake_size__src,porosity,porosity__unit,porosity__conf,porosity__src,pore_diameter,pore_diameter__unit,pore_diameter__conf,pore_diameter__src,tortuosity,tortuosity__unit,tortuosity__conf,electrode_thickness,electrode_thickness__unit,electrode_thickness__conf,electrode_thickness__src,mass_loading,mass_loading__unit,mass_loading__conf,mass_loading__src,electrolyte,electrolyte__unit,electrolyte__conf,ssa,ssa__unit,ssa__conf,ssa__src,scan_rate,scan_rate__unit,scan_rate__conf,scan_rate__src,current_density,current_density__unit,current_density__conf,current_density__src,gravimetric_capacitance,gravimetric_capacitance__unit,gravimetric_capacitance__conf,gravimetric_capacitance__src,volumetric_capacitance,volumetric_capacitance__unit,volumetric_capacitance__conf,volumetric_capacitance__src,areal_capacitance,areal_capacitance__unit,areal_capacitance__conf,areal_capacitance__src,formula_match,formula_reasoning,synthesis_match,synthesis_reasoning,electrolyte_match,electrolyte_reasoning,overall,overall_reasoning
1-s2.0-S0008622325000375-main.pdf,1-s2.0-S0008622325000375-main.pdf,10.1016/j.carbon.2025.120021,2025,Hailong Shen et al.,NS-Ti3C2Tx-P,primary,True,Ti3C2Tx,,stated,"N/S co-doped Ti3C2Tx (Ti, C, O, F, N, S)",,stated,LiF/HCl etching; photothermal-assisted thiourea N/S co-doping under high-pressure mercury lamp,,stated,few-layer,,derived,,1.42,nm,stated,,,,stated,,,,stated,,,,stated,,,,stated,7.00,μm,derived,"[UNVERIFIED] Back-calculated from the paper's own numbers: C_v = C_g x density and density = mass_loading / thickness. Stated: 'The mass load of NS-Ti3C2Tx-P is 1.69 mg cm-2'; 'the specific capacitance of NS-Ti3C2Tx-P can reach 424 F g-1 (1023 F cm-3) at 2 mV s-1'. density = 1023/424 = 2.413 g cm-3; t = 1.69e-3 g cm-2 / 2.413 g cm-3 = 7.00e-4 cm = 7.00 um. The same arithmetic on the two sister samples returns 8.00 and 5.02 um, i.e. the authors used round micrometre thicknesses, which confirms the chain. [+-3%]",1.69,mg cm−2,stated,,2 M H2SO4,,derived,,,stated,,2,mV s−1,stated,,,,stated,,424,F g−1,stated,,1023,F cm−3,stated,,0.717,F cm−2,derived,"[UNVERIFIED] C_areal = C_g x mass loading = 424 F g-1 x 1.69e-3 g cm-2 = 0.7166 F cm-2, at the stated 2 mV s-1. Cross-check with C_v x thickness: 1023 F cm-3 x 7.00e-4 cm = 0.716 F cm-2. [+-2%]",True,Primary formula 'Ti3C2Tx' contains Ti3C2 (Ti3C2Tx or Ti3C2).,True,Synthesis explicitly mentions both LiF and HCl.,True,Electrolyte explicitly mentions H2SO4 (sulfuric acid).,PASS,Passes all criteria.
1-s2.0-S0008622325000375-main.pdf,1-s2.0-S0008622325000375-main.pdf,10.1016/j.carbon.2025.120021,2025,Hailong Shen et al.,NS-Ti3C2Tx-A,variant,False,Ti3C2Tx,,stated,N/S co-doped Ti3C2Tx,,stated,LiF/HCl etching; thiourea N/S co-doping by annealing at 300 °C for 3 h in Ar,,stated,few-layer,,derived,,2.74,,stated,,,,stated,,,,stated,,,,stated,,,,stated,8.00,μm,derived,"[UNVERIFIED] Same chain as NS-Ti3C2Tx-P. Stated: mass load 2.12 mg cm-2; 'the mass capacitance of NS-Ti3C2Tx-A and Ti3C2Tx are only 358 F g-1 and 330 F g-1, and the volume capacitance are 949 F cm-3 and 789 F cm-3' (2 mV s-1). density = 949/358 = 2.651 g cm-3; t = 2.12e-3/2.651 = 8.00e-4 cm = 8.00 um. [+-3%]",2.12,mg cm−2,stated,,2 M H2SO4,,derived,,,stated,,2,mV s−1,stated,,,,stated,,358,F g−1,stated,,949,F cm−3,stated,,0.759,F cm−2,derived,[UNVERIFIED] C_areal = 358 F g-1 x 2.12e-3 g cm-2 = 0.7590 F cm-2 at 2 mV s-1 (both inputs text-stated). [+-2%],True,Primary formula 'Ti3C2Tx' contains Ti3C2 (Ti3C2Tx or Ti3C2).,True,Synthesis explicitly mentions both LiF and HCl.,True,Electrolyte explicitly mentions H2SO4 (sulfuric acid).,PASS,Passes all criteria.
1-s2.0-S0008622325000375-main.pdf,1-s2.0-S0008622325000375-main.pdf,10.1016/j.carbon.2025.120021,2025,Hailong Shen et al.,Ti3C2Tx,control,False,Ti3C2Tx,,stated,Ti3C2Tx,,stated,LiF/HCl etching,,stated,few-layer,,stated,,1.15,nm,stated,,,,stated,,,,stated,,,,stated,,,,stated,5.02,μm,derived,[UNVERIFIED] Same chain. Stated: mass load 1.20 mg cm-2; 330 F g-1 / 789 F cm-3 at 2 mV s-1. density = 789/330 = 2.391 g cm-3; t = 1.20e-3/2.391 = 5.02e-4 cm = 5.02 um. [+-3%],1.20,mg cm−2,stated,,2 M H2SO4,,derived,,,stated,,2,mV s−1,stated,,,,stated,,330,F g−1,stated,,789,F cm−3,stated,,0.396,F cm−2,derived,[UNVERIFIED] C_areal = 330 F g-1 x 1.20e-3 g cm-2 = 0.3960 F cm-2 at 2 mV s-1 (both inputs text-stated). [+-2%],True,Primary formula 'Ti3C2Tx' contains Ti3C2 (Ti3C2Tx or Ti3C2).,True,Synthesis explicitly mentions both LiF and HCl.,True,Electrolyte explicitly mentions H2SO4 (sulfuric acid).,PASS,Passes all criteria.
1-s2.0-S0013468622000433-main.pdf,1-s2.0-S0013468622000433-main.pdf,10.1016/j.electacta.2022.139871,2022,Luo et al.,MP0,control,False,Ti3C2Tx,,stated,Ti3C2Tx,,stated,LiF/HCl etching followed by delamination and vacuum filtration,,stated,multilayer,,stated,,12.58,Å,derived,"[UNVERIFIED] Bragg from the text-stated (002) position: 'the peak of (002) plane of MP0, MP2, MP5 and MP8 gradually shifts to a small angle at 2θ≈7.02, 6.90, 6.72 and 6.86 °'. d = 1.5406/(2 sin(7.02/2)) = 12.582 Å (Cu Kα, XRD stated as 'Rigaku, CuKα'). [+-1%]",,,stated,,,,stated,,1–3,nm,uncertain,,,,stated,19.0–20.0,μm,figure,"[UNVERIFIED] Fig. 2(g) (cross-sectional SEM of MP0) carries the same style of printed full-film arrow, but its annotation reads '19.__ μm' – the two decimal digits are washed out by a bright SEM feature and are not recoverable at the raster resolution of the embedded image. Only the integer part '19' is legible, so the value is bracketed 19.0–20.0 μm. Measuring the arrow against the panel's own 10 μm bar gives ~18.6–20.0 μm, consistent. [+-3%]",,,stated,,1 M H2SO4 aqueous solution,,derived,2.95,m2 g−1,stated,,,,stated,,1.0,A g−1,stated,"[UNVERIFIED] Fig. 4 caption: '(c) GCD of MP0, MP2, MP5 and MP8 at current density of 1.0 A g-1'. Three-electrode cell, 1 M H2SO4 (Section 2.5). Condition for the gravimetric capacitance recorded in this row.",201,F g−1,figure,"[UNVERIFIED] Fig. 4(c), GCD of all four films at 1.0 A g-1 (three-electrode). At fixed I and fixed window (-0.4 to +0.4 V) C is proportional to discharge time, so the curves were read as ratios against MP5, whose value the text states exactly ('at 10.0, 5.0, 3.0, 2.0, 1.0, 0.80, 0.50 A g-1, the specific capacitance is 136.3, 197.5, 224.6, 242.5, 272.5, 288.9 and 304.8 F g-1'). Pixel discharge widths (apex-to-end) on the embedded raster: MP0 194 px, MP2 231, MP5 263, MP8 235. C(MP0) = 272.5 x 194/263 = 201 F g-1. Anchoring to the stated MP5 value removes any time-axis calibration error. [+-8%]",,,stated,,,,stated,,True,Primary formula 'Ti3C2Tx' contains Ti3C2 (Ti3C2Tx or Ti3C2).,True,Synthesis explicitly mentions both LiF and HCl.,True,Electrolyte explicitly mentions H2SO4 (sulfuric acid).,PASS,Passes all criteria.
1-s2.0-S0013468622000433-main.pdf,1-s2.0-S0013468622000433-main.pdf,10.1016/j.electacta.2022.139871,2022,Luo et al.,MP2,composite,False,Ti3C2Tx,,stated,Ti3C2Tx/PANI nanoﬁbers (10 mL MXene dispersion + 2 mL PANI dispersion),,stated,"LiF/HCl etching, PANI physical mixing, and vacuum filtration",,stated,multilayer,,stated,,12.80,Å,derived,[UNVERIFIED] Bragg from text-stated 2θ = 6.90° for MP2 (same sentence as MP0): d = 1.5406/(2 sin 3.45°) = 12.800 Å. [+-1%],,,stated,,,,stated,,,,stated,,,,stated,19.88,μm,figure,"[UNVERIFIED] Fig. 2(h) (cross-sectional SEM of MP2) carries a printed yellow double-headed arrow spanning the whole film with the annotation '19.88 μm'. Read directly from the annotation, not measured. [+-2%]",,,stated,,1 M H2SO4 aqueous solution,,derived,,,stated,,,,stated,,1.0,A g−1,stated,"[UNVERIFIED] Fig. 4 caption: '(c) GCD of MP0, MP2, MP5 and MP8 at current density of 1.0 A g-1'. Three-electrode cell, 1 M H2SO4.",239,F g−1,figure,"[UNVERIFIED] Fig. 4(c) at 1.0 A g-1, ratio-to-MP5 method (see MP0 entry): C = 272.5 x 231/263 = 239 F g-1. NOTE: MP2 (231 px) and MP8 (235 px) differ by only 1.7%, i.e. they are equal within reading precision – the ordering between MP2 and MP8 should not be treated as resolved. [+-8%]",,,stated,,,,stated,,True,Primary formula 'Ti3C2Tx' contains Ti3C2 (Ti3C2Tx or Ti3C2).,True,Synthesis explicitly mentions both LiF and HCl.,True,Electrolyte explicitly mentions H2SO4 (sulfuric acid).,PASS,Passes all criteria.
1-s2.0-S0013468622000433-main.pdf,1-s2.0-S0013468622000433-main.pdf,10.1016/j.electacta.2022.139871,2022,Luo et al.,MP5,primary,True,Ti3C2Tx,,stated,Ti3C2Tx/PANI nanoﬁbers (10 mL MXene dispersion + 5 mL PANI dispersion),,stated,"LiF/HCl etching, PANI physical mixing, and vacuum filtration",,stated,multilayer,,stated,,13.14,Å,derived,[UNVERIFIED] Bragg from text-stated 2θ = 6.72° for MP5: d = 1.5406/(2 sin 3.36°) = 13.143 Å. [+-1%],,,stated,,,,stated,,5–20,nm,uncertain,,,,stated,30.76,μm,figure,"[UNVERIFIED] Fig. 2(i) (cross-sectional SEM of MP5): printed yellow full-film arrow annotated '30.76 μm' (last digit could conceivably be 0 rather than 6; immaterial at 0.2%). Independent check by measuring the arrow against the panel's own 30 μm scale bar gives 30.4 μm, consistent. [+-3%]",,,stated,,1 M H2SO4 aqueous solution,,derived,5.97,m2 g−1,uncertain,,10,mV s−1,stated,,,,stated,,425.7,F g−1,stated,,,,stated,,,,stated,,True,Primary formula 'Ti3C2Tx' contains Ti3C2 (Ti3C2Tx or Ti3C2).,True,Synthesis explicitly mentions both LiF and HCl.,True,Electrolyte explicitly mentions H2SO4 (sulfuric acid).,PASS,Passes all criteria.
1-s2.0-S0013468622000433-main.pdf,1-s2.0-S0013468622000433-main.pdf,10.1016/j.electacta.2022.139871,2022,Luo et al.,MP8,composite,False,Ti3C2Tx,,stated,Ti3C2Tx/PANI nanoﬁbers (10 mL MXene dispersion + 8 mL PANI dispersion),,stated,"LiF/HCl etching, PANI physical mixing, and vacuum filtration",,stated,multilayer,,stated,,12.88,Å,derived,[UNVERIFIED] Bragg from text-stated 2θ = 6.86° for MP8: d = 1.5406/(2 sin 3.43°) = 12.875 Å. [+-1%],,,stated,,,,stated,,,,stated,,,,stated,31.73,μm,figure,"[UNVERIFIED] Fig. 2(j) (cross-sectional SEM of MP8): printed yellow full-film arrow annotated '31.73 μm'. Arrow-vs-30 μm-scale-bar measurement gives 31.9 μm, consistent. [+-3%]",,,stated,,1 M H2SO4 aqueous solution,,derived,,,stated,,,,stated,,1.0,A g−1,stated,"[UNVERIFIED] Fig. 4 caption: '(c) GCD of MP0, MP2, MP5 and MP8 at current density of 1.0 A g-1'. Three-electrode cell, 1 M H2SO4.",243,F g−1,figure,"[UNVERIFIED] Fig. 4(c) at 1.0 A g-1, ratio-to-MP5 method (see MP0 entry): C = 272.5 x 235/263 = 243 F g-1. NOTE: equal to MP2 within reading precision (1.7% apart); do not treat MP8 > MP2 as resolved. [+-8%]",,,stated,,,,stated,,True,Primary formula 'Ti3C2Tx' contains Ti3C2 (Ti3C2Tx or Ti3C2).,True,Synthesis explicitly mentions both LiF and HCl.,True,Electrolyte explicitly mentions H2SO4 (sulfuric acid).,PASS,Passes all criteria.
1-s2.0-S0144861722014242-main.pdf,1-s2.0-S0144861722014242-main.pdf,10.1016/j.carbpol.2022.120519,2023,Yuan et al.,MXene,control,False,Ti3C2Tx,,stated,Ti3C2Tx,,stated,LiF/HCl (MILD) etching,,stated,exfoliated,,stated,,,,stated,,,,stated,,,,stated,,,,stated,,,,stated,,,stated,,,,stated,,1 M H2SO4,,derived,,,stated,,5-100,mV s−1,derived,"Methods (Section 2.5): ""Cyclic voltammetry (CV) tests were recorded from −0.3–0.3 V at scan rates range of 5–100 mV s−1"" for the three-electrode (1 M H2SO4) tests of all three films; Fig. 4b compares MXene, MXene/CNF and MXene/CNF/PANI at 50 mV s−1. Series-level measurement range, not per-sample. NOTE: the capacitance values already in this row are GCD-derived (at 1 mA cm−2 / 1 A g−1), so this scan rate is NOT the condition of those capacitances - no CV-based capacitance is reported.",1,mA cm−2,stated,,221,F g−1,stated,,,,stated,,630.2,mF cm−2,stated,,True,Primary formula 'Ti3C2Tx' contains Ti3C2 (Ti3C2Tx or Ti3C2).,True,Synthesis explicitly mentions both LiF and HCl.,True,Electrolyte explicitly mentions H2SO4 (sulfuric acid).,PASS,Passes all criteria.
1-s2.0-S0144861722014242-main.pdf,1-s2.0-S0144861722014242-main.pdf,10.1016/j.carbpol.2022.120519,2023,Yuan et al.,MXene/CNF,variant,False,Ti3C2Tx,,stated,Ti3C2Tx/CNF,,stated,LiF/HCl (MILD) etching and vacuum filtration,,derived,exfoliated,-,derived,"[UNCONFIRMED] Section 2.2: the MXene used in all films is the delaminated supernatant from LiF/HCl etching (""the supernatant and precipitate were ultrasonicated for 15 min, then centrifuged the mixture at 3000 rpm for 1 h and collected the required upper dispersion... The resulting super liquid was the solution of MXene""), and Section 2.3 states this same MXene dispersion (40 mg) is used for the composite films. Raman (Fig. 2b) is assigned to ""Ti-C bond vibrations within the exfoliated Ti3C2Tx... confirms the successful etching and exfoliation of Al"" for all films. Same descriptor as the already-filled MXene control row; no layer count is ever quoted.",,,stated,,,,stated,,,,stated,,,,stated,,,,stated,,,stated,,,,stated,,1 M H2SO4,,derived,,,stated,,5-100,mV s−1,derived,"Methods (Section 2.5): ""CV tests were recorded from −0.3–0.3 V at scan rates range of 5–100 mV s−1""; Fig. 4b shows all three electrodes at 50 mV s−1 and Fig. S7a the MXene/CNF CV. Series-level range covering all three electrodes; the row's capacitances come from GCD at 1 mA cm−2, not from CV.",1,mA cm−2,stated,,122,F g−1,stated,,,,stated,,967,mF cm−2,stated,,True,Primary formula 'Ti3C2Tx' contains Ti3C2 (Ti3C2Tx or Ti3C2).,True,Synthesis explicitly mentions both LiF and HCl.,True,Electrolyte explicitly mentions H2SO4 (sulfuric acid).,PASS,Passes all criteria.
1-s2.0-S0144861722014242-main.pdf,1-s2.0-S0144861722014242-main.pdf,10.1016/j.carbpol.2022.120519,2023,Yuan et al.,MXene/CNF/PANI,primary,True,Ti3C2Tx,,stated,Ti3C2Tx/CNF/PANI (CNF:MXene:PANI = 1:4:4),,stated,"LiF/HCl (MILD) etching, in situ polymerization, and vacuum filtration",,stated,exfoliated,-,derived,"[UNCONFIRMED] Same delaminated (exfoliated) MXene dispersion is used for this film - Section 2.3: ""A total of 40 mg of the prepared MXene was then added to the dispersion""; Section 2.2 describes collection of the delaminated upper dispersion. Raman discussion refers to ""exfoliated Ti3C2Tx"" in all films. No numeric layer count is reported anywhere.",,,stated,,,,stated,,,,stated,,,,stated,,,,stated,,,stated,,,,stated,,1 M H2SO4,,derived,,,stated,,5-100,mV s−1,derived,"Methods (Section 2.5): ""CV tests were recorded from −0.3–0.3 V at scan rates range of 5–100 mV s−1"", confirmed by ""Fig. 4e shows the CV curves of the MXene/CNF/PANI composite at 5, 10, 25, 50, 100 mV s−1"". This is the three-electrode CV range; the tabulated capacitances are GCD values at 1 mA cm−2 / 1 A g−1. (The 5-200 mV s−1 range mentioned later belongs to the symmetric DEVICE, not this electrode.)",1,mA cm−2,stated,,356,F g−1,stated,,,,stated,,2935,mF cm−2,stated,,True,Primary formula 'Ti3C2Tx' contains Ti3C2 (Ti3C2Tx or Ti3C2).,True,Synthesis explicitly mentions both LiF and HCl.,True,Electrolyte explicitly mentions H2SO4 (sulfuric acid).,PASS,Passes all criteria.
1-s2.0-S0169433219330661-main.pdf,1-s2.0-S0169433219330661-main.pdf,10.1016/j.apsusc.2019.144250,2020,Fu et al.,Ti3C2Tx film,primary,True,Ti3C2Tx,,stated,"Ti3C2Tx (T = O, OH, F)",,stated,LiF/HCl etching followed by mechanical sonication and vacuum filtration,,stated,delaminated,,stated,,12.54,Å,stated,,200–1000,nm,stated,,,,stated,,,,stated,,,,stated,4.6,μm,stated,,1.67,mg cm−2,derived,[UNVERIFIED] Stated: 'the mass of the Ti3C2Tx film was approximately 21 mg. The diameter and thickness were approximately 40 mm and 4.6 μm'. Areal loading = 21 mg / (π x (2 cm)^2 = 12.566 cm2) = 1.671 mg cm-2. Independent cross-check with the paper's own stated density: 3.63 g cm-3 x 4.6e-4 cm = 1.670 mg cm-2. [+-3%],3 M H2SO4 + 0.3 M KI,,stated,,,stated,,,,stated,,1,A g−1,stated,,166,F g−1,stated,,601,F cm−3,stated,,,,stated,,True,Primary formula 'Ti3C2Tx' contains Ti3C2 (Ti3C2Tx or Ti3C2).,True,Synthesis explicitly mentions both LiF and HCl.,True,Electrolyte explicitly mentions H2SO4 (sulfuric acid).,PASS,Passes all criteria.
1-s2.0-S0272884220315613-main.pdf,1-s2.0-S0272884220315613-main.pdf,10.1016/j.ceramint.2020.05.247,2020,Tianze Zhang et al.,Ti3C2Tx film,control,False,Ti3C2Tx,,stated,Ti3C2Tx film,,stated,"LiF/HCl selective etching of Ti3AlC2, followed by delamination and vacuum filtration",,stated,,,stated,,,,stated,,,,stated,,,,stated,,,,stated,,,,stated,,,stated,,1.35,mg cm−2,stated,,1 M H2SO4,,stated,,,stated,,2,mV s−1,stated,,,,stated,,234,F g−1,stated,,,,stated,,0.316,F cm−2,derived,"[UNVERIFIED] C_areal = C_g x mass loading = 234 F g-1 x 1.35e-3 g cm-2 = 0.3159 F cm-2, at 2 mV s-1. Both inputs text-stated: 'At 2 mV s-1, the specific capacitance of the N-Ti3C2Tx film electrode is 340 F g-1 with a mass loading up to 1.35 mg cm-2, which is more than that of the Ti3C2Tx film electrode (234 F g-1) with the same mass loading'. [+-2%]",True,Primary formula 'Ti3C2Tx' contains Ti3C2 (Ti3C2Tx or Ti3C2).,True,Synthesis explicitly mentions both LiF and HCl.,True,Electrolyte explicitly mentions H2SO4 (sulfuric acid).,PASS,Passes all criteria.
1-s2.0-S0272884220315613-main.pdf,1-s2.0-S0272884220315613-main.pdf,10.1016/j.ceramint.2020.05.247,2020,Tianze Zhang et al.,N–Ti3C2Tx film,primary,True,Ti3C2Tx,,stated,N-doped Ti3C2Tx film (N–Ti3C2Tx); N 4.58 atomic %,,stated,"LiF/HCl selective etching of Ti3AlC2, followed by hydrazine-hydrate treatment at 75 °C for 15 h and vacuum filtration",,stated,orderly stacked layers,,stated,,,,stated,,,,stated,,,,stated,,,,stated,,,,stated,approximately 5,μm,stated,,1.35,mg cm−2,stated,,1 M H2SO4,,stated,,,stated,,2,mV s−1,stated,,,,stated,,340,F g−1,stated,,918,F cm−3,derived,"[UNVERIFIED] C_v = C_g x density. density = mass loading / thickness = 1.35e-3 g cm-2 / 5.0e-4 cm = 2.70 g cm-3, from 'The average thickness of N-Ti3C2Tx was approximately 5 μm' (cross-section SEM, Fig. 1c) and mass loading 1.35 mg cm-2. C_v = 340 x 2.70 = 918 F cm-3 at 2 mV s-1. Larger uncertainty because the thickness is only given as 'approximately 5 μm'. [+-15%]",0.459,F cm−2,derived,"[UNVERIFIED] C_areal = 340 F g-1 x 1.35e-3 g cm-2 = 0.459 F cm-2 at 2 mV s-1 (both inputs text-stated, same sentence as above). [+-2%]",True,Primary formula 'Ti3C2Tx' contains Ti3C2 (Ti3C2Tx or Ti3C2).,True,Synthesis explicitly mentions both LiF and HCl.,True,Electrolyte explicitly mentions H2SO4 (sulfuric acid).,PASS,Passes all criteria.
1-s2.0-S0925838821027134-main.pdf,1-s2.0-S0925838821027134-main.pdf,10.1016/j.jallcom.2021.161304,2021,Lee et al.,pristine Ti3C2Tx,control,False,Ti3C2Tx,,stated,Ti3C2Tx,,stated,LiF/HCl (MILD) etching and exfoliation,,stated,,,stated,,10.9,A,stated,"""the 2th values of the (002) peak for pristine MXene, C-MXene, and OC-MXene were left-shifted slightly (from 8.1 deg to 6.8 deg), i.e., the c-lattice parameter was expanded from 10.9 to 13.0 A"" -> the low end (8.1 deg / 10.9 A) is pristine MXene. Bragg check: d = 1.5406/(2*sin(4.05 deg)) = 10.91 A, exactly the printed 10.9 A, so the quoted number IS the (002) d-spacing.",,,stated,,,,stated,,,,stated,,,,stated,,,stated,,,,stated,,1 M H2SO4,,derived,14,m2/g,stated,,2,mV/s,figure,"Condition paired with the 227 F/g read above: leftmost x-axis point of Fig. 5c is exactly the 2 mV/s decade tick; Fig. 5 caption also states ""(a) CV curves of Ti3C2Tx samples at 2 mV/s"".",,,stated,,227,F/g,figure,"[UNCONFIRMED] Fig. 5c (specific capacitance vs scan rate, 1 M H2SO4, 3-electrode), black 'MXene' curve, leftmost point at 2 mV/s. Axis calibrated on the y tick marks (0,50,...,300 F/g -> 5.095 px per F/g at 900 dpi); marker centre at y=591.5 px gives 227.3 F/g. Calibration validated on the same panel: the red OC-MXene point at 2 mV/s reads 307.1 F/g vs the text-stated 307 F/g (0.03% agreement). [+-2%]",,,stated,,,,stated,,True,Primary formula 'Ti3C2Tx' contains Ti3C2 (Ti3C2Tx or Ti3C2).,True,Synthesis explicitly mentions both LiF and HCl.,True,Electrolyte explicitly mentions H2SO4 (sulfuric acid).,PASS,Passes all criteria.
1-s2.0-S0925838821027134-main.pdf,1-s2.0-S0925838821027134-main.pdf,10.1016/j.jallcom.2021.161304,2021,Lee et al.,C-MXene,variant,False,Ti3C2Tx,,stated,Ti3C2Tx,,stated,"LiF/HCl (MILD) etching, exfoliation, and H2SO4-induced flocculation",,stated,,,stated,,10.9-13.0,A,derived,"SERIES-LEVEL, not per-sample: the paper gives only the bracket for the three-sample series ""pristine MXene, C-MXene, and OC-MXene ... (from 8.1 deg to 6.8 deg) ... expanded from 10.9 to 13.0 A"". C-MXene is the intermediate member, so its d(002) lies between 10.9 and 13.0 A but no individual value is stated. Fig. 4e is a full-range 5-80 deg XRD, too compressed to read the (002) position for C-MXene reliably, so no per-sample read was attempted. [+-10%]",,,stated,,,,stated,,,,stated,,,,stated,,,stated,,,,stated,,1 M H2SO4,,derived,,,stated,,2,mV/s,figure,Condition paired with the 238 F/g read above: leftmost x-axis point of Fig. 5c is the 2 mV/s decade tick.,,,stated,,238,F/g,figure,"[UNCONFIRMED] Fig. 5c, blue 'C-MXene' curve, leftmost point at 2 mV/s. Same y-axis calibration (5.095 px per F/g); marker centre at y=536 px gives 238.2 F/g. Same-panel check against the stated 307 F/g for OC-MXene gave 307.1 F/g, so the scale is correct. Black (227) and blue (238) markers are cleanly separated (~11 F/g = ~55 px apart, marker diameter ~40 px), so the ordering C-MXene > pristine is real, not a reading artefact. [+-2%]",,,stated,,,,stated,,True,Primary formula 'Ti3C2Tx' contains Ti3C2 (Ti3C2Tx or Ti3C2).,True,Synthesis explicitly mentions both LiF and HCl.,True,Electrolyte explicitly mentions H2SO4 (sulfuric acid).,PASS,Passes all criteria.
1-s2.0-S0925838821027134-main.pdf,1-s2.0-S0925838821027134-main.pdf,10.1016/j.jallcom.2021.161304,2021,Lee et al.,OC-MXene,primary,True,Ti3C2Tx,,stated,oxidized-co-crumpled Ti3C2Tx,,stated,"LiF/HCl (MILD) etching, exfoliation, H2O2 partial oxidation, and H2SO4-induced flocculation",,stated,,,stated,,13.0,A,stated,"Same sentence: ""(from 8.1 deg to 6.8 deg), i.e., the c-lattice parameter was expanded from 10.9 to 13.0 A"" -> the high end (6.8 deg / 13.0 A) is OC-MXene, the last sample in the listed sequence. Bragg check: d = 1.5406/(2*sin(3.4 deg)) = 12.99 A, matching the printed 13.0 A.",,,stated,,,,stated,,2–20,nm,stated,,,,stated,,,stated,,,,stated,,1 M H2SO4,,derived,72,m2/g,stated,,2,mV/s,stated,,,,stated,,307,F/g,stated,,,,stated,,,,stated,,True,Primary formula 'Ti3C2Tx' contains Ti3C2 (Ti3C2Tx or Ti3C2).,True,Synthesis explicitly mentions both LiF and HCl.,True,Electrolyte explicitly mentions H2SO4 (sulfuric acid).,PASS,Passes all criteria.
1-s2.0-S0925838821027134-main.pdf,1-s2.0-S0925838821027134-main.pdf,10.1016/j.jallcom.2021.161304,2021,Lee et al.,OO-MXene,variant,False,Ti3C2Tx,,stated,over-oxidized Ti3C2Tx (TiO2 particles and carbide agglomerates),,stated,"LiF/HCl (MILD) etching, exfoliation, excessive H2O2 oxidation, and H2SO4-induced flocculation",,stated,,,stated,,,,stated,,,,stated,,,,stated,,,,stated,,,,stated,,,stated,,,,stated,,1 M H2SO4,,derived,178,m2/g,stated,,2,mV/s,stated,,,,stated,,,,stated,,,,stated,,,,stated,,True,Primary formula 'Ti3C2Tx' contains Ti3C2 (Ti3C2Tx or Ti3C2).,True,Synthesis explicitly mentions both LiF and HCl.,True,Electrolyte explicitly mentions H2SO4 (sulfuric acid).,PASS,Passes all criteria.
1-s2.0-S0925838822030389-main.pdf,1-s2.0-S0925838822030389-main.pdf,10.1016/j.jallcom.2022.166647,2022,Guozhen Guan et al.,original Ti3C2Tx,control,False,Ti3C2Tx,,stated,Ti3C2Tx (-O/-OH/-F surface groups),,stated,"LiF/HCl etching of Ti3AlC2, delamination, and vacuum filtration",,derived,few-layer or single-layer,,stated,,13.09,A,derived,"Text: '(002) plane ... strong peak at 6.75 deg' -> Bragg d=lambda/(2 sin th), lambda=1.5406 A",500 nm to 1.5 µm,nm–µm,stated,,,,stated,,,,stated,,,,stated,,,stated,,3,mg cm-2,derived,"Experimental: 'film ... with a surface area of 1 x 1 cm2 and mass about 3 mg' -> 3 mg/cm2; method-level, applies to all electrodes in this paper",1 M H2SO4,,derived,,,stated,,,,stated,,1,A/g,figure,"Fig. 6b/6d x-axis: the capacitance value above was read at the first data point, which sits on the 1 A/g tick (same current-density series 1, 2, 4, 6, 8, 10 A/g that the text lists for T-40).",311,F/g,figure,"[UNCONFIRMED] Fig. 6b and 6d, first point (1 A/g), black square Ti3C2Tx curve. Y axis calibrated on the 450 (top frame) and 50 (bottom frame) tick lines; Fig. 6b gives 311.5 F/g and Fig. 6d independently gives 310.1 F/g for the same sample. Calibration check on the same panels: the C-0.1/T-40 point reads 384.5-385.1 F/g against the text-stated 385 F/g at 1 A/g (<0.2 % error). [+-3%]",,,stated,,,,stated,,True,Primary formula 'Ti3C2Tx' contains Ti3C2 (Ti3C2Tx or Ti3C2).,True,Synthesis explicitly mentions both LiF and HCl.,True,Electrolyte explicitly mentions H2SO4 (sulfuric acid).,PASS,Passes all criteria.
1-s2.0-S0925838822030389-main.pdf,1-s2.0-S0925838822030389-main.pdf,10.1016/j.jallcom.2022.166647,2022,Guozhen Guan et al.,C-0.05,variant,False,Ti3C2Tx,,stated,porous Ti3C2Tx,,stated,"LiF/HCl-etched Ti3C2Tx; 0.05 M H2O2 oxidation for 40 min, followed by 3 M HCl etching and vacuum filtration",,stated,few-layer or single-layer,,derived,,,,stated,,,,stated,,,,stated,,,,uncertain,,,,stated,,,stated,,3,mg cm-2,derived,"Experimental: 'film ... with a surface area of 1 x 1 cm2 and mass about 3 mg' -> 3 mg/cm2; method-level, applies to all electrodes in this paper",1 M H2SO4,,derived,,,stated,,,,stated,,1,A/g,figure,"Fig. 6b x-axis; the capacitance above is the first data point, on the 1 A/g tick.",,,stated,,,,stated,,,,stated,,True,Primary formula 'Ti3C2Tx' contains Ti3C2 (Ti3C2Tx or Ti3C2).,True,Synthesis explicitly mentions both LiF and HCl.,True,Electrolyte explicitly mentions H2SO4 (sulfuric acid).,PASS,Passes all criteria.
1-s2.0-S0925838822030389-main.pdf,1-s2.0-S0925838822030389-main.pdf,10.1016/j.jallcom.2022.166647,2022,Guozhen Guan et al.,C-0.1 (T-40),primary,True,Ti3C2Tx,,stated,porous Ti3C2Tx,,stated,"LiF/HCl-etched Ti3C2Tx; 0.1 M H2O2 oxidation for 40 min, followed by 3 M HCl etching and vacuum filtration",,stated,few-layer or single-layer,,derived,,14.24,A,derived,"[UNCONFIRMED] Fig. 4a inset (zoomed 5-10.5 deg (002) panel, page 5) prints the peak position label ""6.2 deg"" on the purple T-40 curve. Bragg: d = 1.5406/(2*sin(3.1 deg)) = 1.5406/0.10817 = 14.24 A. Calibration check: the same inset labels the black Ti3C2Tx curve 6.75 deg, which gives 1.5406/(2*sin(3.375)) = 13.085 A, matching the already-filled 13.09 A for the original row exactly. [+-1%]",,,stated,,,,stated,,3,nm,stated,,,,stated,,,stated,,3,mg cm-2,derived,"Experimental: 'film ... with a surface area of 1 x 1 cm2 and mass about 3 mg' -> 3 mg/cm2; method-level, applies to all electrodes in this paper",1 M H2SO4,,derived,48.3,m2/g,stated,,,,stated,,1,A/g,stated,,385,F/g,stated,,,,stated,,,,stated,,True,Primary formula 'Ti3C2Tx' contains Ti3C2 (Ti3C2Tx or Ti3C2).,True,Synthesis explicitly mentions both LiF and HCl.,True,Electrolyte explicitly mentions H2SO4 (sulfuric acid).,PASS,Passes all criteria.
1-s2.0-S0925838822030389-main.pdf,1-s2.0-S0925838822030389-main.pdf,10.1016/j.jallcom.2022.166647,2022,Guozhen Guan et al.,C-0.15,variant,False,Ti3C2Tx,,stated,porous Ti3C2Tx,,stated,"LiF/HCl-etched Ti3C2Tx; 0.15 M H2O2 oxidation for 40 min, followed by 3 M HCl etching and vacuum filtration",,stated,few-layer or single-layer,,derived,,,,stated,,,,stated,,,,stated,,,,uncertain,,,,stated,,,stated,,3,mg cm-2,derived,"Experimental: 'film ... with a surface area of 1 x 1 cm2 and mass about 3 mg' -> 3 mg/cm2; method-level, applies to all electrodes in this paper",1 M H2SO4,,derived,,,stated,,,,stated,,1,A/g,figure,"Fig. 6b x-axis; the capacitance above is the first data point, on the 1 A/g tick.",,,stated,,,,stated,,,,stated,,True,Primary formula 'Ti3C2Tx' contains Ti3C2 (Ti3C2Tx or Ti3C2).,True,Synthesis explicitly mentions both LiF and HCl.,True,Electrolyte explicitly mentions H2SO4 (sulfuric acid).,PASS,Passes all criteria.
1-s2.0-S0925838822030389-main.pdf,1-s2.0-S0925838822030389-main.pdf,10.1016/j.jallcom.2022.166647,2022,Guozhen Guan et al.,C-0.2,variant,False,Ti3C2Tx,,stated,porous Ti3C2Tx,,stated,"LiF/HCl-etched Ti3C2Tx; 0.2 M H2O2 oxidation for 40 min, followed by 3 M HCl etching and vacuum filtration",,stated,few-layer or single-layer,,derived,,,,stated,,,,stated,,,,stated,,,,uncertain,,,,stated,,,stated,,3,mg cm-2,derived,"Experimental: 'film ... with a surface area of 1 x 1 cm2 and mass about 3 mg' -> 3 mg/cm2; method-level, applies to all electrodes in this paper",1 M H2SO4,,derived,,,stated,,,,stated,,1,A/g,figure,"Fig. 6b x-axis; the capacitance above is the first data point, on the 1 A/g tick.",303,F/g,figure,"[UNCONFIRMED] Fig. 6b (page 6), light-blue diamond C-0.2 marker at 1 A/g; centroid maps to 302.8 F/g on the 450/50 frame calibration. Same-panel check: red C-0.1 reads 384.5 F/g vs text-stated 385 F/g. [+-3%]",,,stated,,,,stated,,True,Primary formula 'Ti3C2Tx' contains Ti3C2 (Ti3C2Tx or Ti3C2).,True,Synthesis explicitly mentions both LiF and HCl.,True,Electrolyte explicitly mentions H2SO4 (sulfuric acid).,PASS,Passes all criteria.
1-s2.0-S0925838822030389-main.pdf,1-s2.0-S0925838822030389-main.pdf,10.1016/j.jallcom.2022.166647,2022,Guozhen Guan et al.,T-20,variant,False,Ti3C2Tx,,stated,porous Ti3C2Tx,,stated,"LiF/HCl-etched Ti3C2Tx; 0.1 M H2O2 oxidation for 20 min, followed by 3 M HCl etching and vacuum filtration",,stated,few-layer or single-layer,,derived,,13.67,A,derived,"[UNCONFIRMED] Fig. 4a inset (page 5) prints ""6.46 deg"" on the pink T-20 curve. d = 1.5406/(2*sin(3.23 deg)) = 13.67 A. Same Bragg method that reproduces the already-filled 13.09 A for the original Ti3C2Tx (6.75 deg). [+-1%]",,,stated,,,,stated,,3-5,nm,stated,"Text: 'pore sizes of films based on porous Ti3C2Tx nanosheets (Fig. 5b) mainly distribute in range of 3-5 nm' (series-level, not per-sample)",,,stated,,,stated,,3,mg cm-2,derived,"Experimental: 'film ... with a surface area of 1 x 1 cm2 and mass about 3 mg' -> 3 mg/cm2; method-level, applies to all electrodes in this paper",1 M H2SO4,,derived,42.5,m2/g,stated,,,,stated,,1,A/g,figure,"Fig. 6d x-axis; the capacitance above is the first data point, on the 1 A/g tick (series 1, 2, 4, 6, 8, 10 A/g).",340,F/g,figure,"[UNCONFIRMED] Fig. 6d (page 6), magenta circle T-20 marker at 1 A/g; centroid maps to 340.4 F/g on the 450 (top frame) / 50 (bottom frame) calibration. Same-panel check: purple T-40 marker reads 385.1 F/g vs text-stated 385 F/g at 1 A/g. [+-3%]",,,stated,,,,stated,,True,Primary formula 'Ti3C2Tx' contains Ti3C2 (Ti3C2Tx or Ti3C2).,True,Synthesis explicitly mentions both LiF and HCl.,True,Electrolyte explicitly mentions H2SO4 (sulfuric acid).,PASS,Passes all criteria.
1-s2.0-S0925838822030389-main.pdf,1-s2.0-S0925838822030389-main.pdf,10.1016/j.jallcom.2022.166647,2022,Guozhen Guan et al.,T-30,variant,False,Ti3C2Tx,,stated,porous Ti3C2Tx,,stated,"LiF/HCl-etched Ti3C2Tx; 0.1 M H2O2 oxidation for 30 min, followed by 3 M HCl etching and vacuum filtration",,stated,few-layer or single-layer,,derived,,,,stated,,,,stated,,,,stated,,3-5,nm,stated,Text: series-level range 3-5 nm (Fig. 5b),,,stated,,,stated,,3,mg cm-2,derived,"Experimental: 'film ... with a surface area of 1 x 1 cm2 and mass about 3 mg' -> 3 mg/cm2; method-level, applies to all electrodes in this paper",1 M H2SO4,,derived,46.3,m2/g,stated,,,,stated,,1,A/g,figure,"Fig. 6d x-axis; the capacitance above is the first data point, on the 1 A/g tick.",353,F/g,figure,"[UNCONFIRMED] Fig. 6d (page 6), green up-triangle T-30 marker at 1 A/g; centroid maps to 352.1 F/g, corrected to ~353 F/g for the ~1 F/g up-triangle centroid bias. Same-panel check: T-40 reads 385.1 F/g vs text-stated 385 F/g. [+-3%]",,,stated,,,,stated,,True,Primary formula 'Ti3C2Tx' contains Ti3C2 (Ti3C2Tx or Ti3C2).,True,Synthesis explicitly mentions both LiF and HCl.,True,Electrolyte explicitly mentions H2SO4 (sulfuric acid).,PASS,Passes all criteria.
1-s2.0-S0925838822030389-main.pdf,1-s2.0-S0925838822030389-main.pdf,10.1016/j.jallcom.2022.166647,2022,Guozhen Guan et al.,T-60,variant,False,Ti3C2Tx,,stated,porous Ti3C2Tx,,stated,"LiF/HCl-etched Ti3C2Tx; 0.1 M H2O2 oxidation for 60 min, followed by 3 M HCl etching and vacuum filtration",,stated,few-layer or single-layer,,derived,,14.72,A,derived,"[UNCONFIRMED] Fig. 4a inset (page 5) prints ""6 deg"" on the orange T-60 curve. d = 1.5406/(2*sin(3.0 deg)) = 14.72 A. Same Bragg method that reproduces the already-filled 13.09 A for the original Ti3C2Tx (6.75 deg). [+-1%]",,,stated,,,,stated,,3-5,nm,stated,Text: series-level range 3-5 nm (Fig. 5b),,,stated,,,stated,,3,mg cm-2,derived,"Experimental: 'film ... with a surface area of 1 x 1 cm2 and mass about 3 mg' -> 3 mg/cm2; method-level, applies to all electrodes in this paper",1 M H2SO4,,derived,77.7,m2/g,stated,,,,stated,,1,A/g,figure,"Fig. 6d x-axis; the capacitance above is the first data point, on the 1 A/g tick.",325,F/g,figure,"[UNCONFIRMED] Fig. 6d (page 6), orange diamond T-60 marker at 1 A/g; marker bounding-box centre maps to 324.4 F/g and its intensity centroid to 325.8 F/g. NOTE: at 1 A/g the T-60 diamond and the T-80 left-triangle physically overlap (blue triangle drawn on top of the orange diamond), so T-60 and T-80 are indistinguishable at this point within my reading precision - I report the same value for both rather than inventing an ordering. Same-panel check: T-40 reads 385.1 F/g vs text-stated 385 F/g. [+-4%]",,,stated,,,,stated,,True,Primary formula 'Ti3C2Tx' contains Ti3C2 (Ti3C2Tx or Ti3C2).,True,Synthesis explicitly mentions both LiF and HCl.,True,Electrolyte explicitly mentions H2SO4 (sulfuric acid).,PASS,Passes all criteria.
1-s2.0-S0925838822030389-main.pdf,1-s2.0-S0925838822030389-main.pdf,10.1016/j.jallcom.2022.166647,2022,Guozhen Guan et al.,T-80,variant,False,Ti3C2Tx,,stated,porous Ti3C2Tx,,stated,"LiF/HCl-etched Ti3C2Tx; 0.1 M H2O2 oxidation for 80 min, followed by 3 M HCl etching and vacuum filtration",,stated,few-layer or single-layer,,derived,,,,stated,,,,stated,,,,stated,,3-5,nm,stated,Text: series-level range 3-5 nm (Fig. 5b),,,stated,,,stated,,3,mg cm-2,derived,"Experimental: 'film ... with a surface area of 1 x 1 cm2 and mass about 3 mg' -> 3 mg/cm2; method-level, applies to all electrodes in this paper",1 M H2SO4,,derived,79.8,m2/g,stated,,,,stated,,1,A/g,figure,"Fig. 6d x-axis; the capacitance above is the first data point, on the 1 A/g tick.",325,F/g,figure,"[UNCONFIRMED] Fig. 6d (page 6), light-blue left-triangle T-80 marker at 1 A/g; bounding-box centre maps to 324.8 F/g. NOTE: this marker overlaps the orange T-60 diamond at 1 A/g, so T-60 and T-80 cannot be separated at this point - same value reported for both, no ordering inferred. Same-panel check: T-40 reads 385.1 F/g vs text-stated 385 F/g. [+-4%]",,,stated,,,,stated,,True,Primary formula 'Ti3C2Tx' contains Ti3C2 (Ti3C2Tx or Ti3C2).,True,Synthesis explicitly mentions both LiF and HCl.,True,Electrolyte explicitly mentions H2SO4 (sulfuric acid).,PASS,Passes all criteria.
1-s2.0-S0925838823046583-main.pdf,1-s2.0-S0925838823046583-main.pdf,10.1016/j.jallcom.2023.173355,2024,Yangyang Luo et al.,pure Ti3C2,control,False,Ti3C2Tx,,stated,"Ti3C2Tx with -OH, -O and -F terminations",,stated,LiF/HCl etching followed by ultrasonication delamination,,stated,single/few-layer,,stated,,1.26,nm,stated,,,,stated,,,,stated,,,,stated,,,,stated,,,stated,,,,stated,,3 M H2SO4,,derived,,,stated,,2,mV s-1,stated,,,,stated,,489.3,F g-1,stated,,2064.3,F cm-3,stated,,,,stated,,True,Primary formula 'Ti3C2Tx' contains Ti3C2 (Ti3C2Tx or Ti3C2).,True,Synthesis explicitly mentions both LiF and HCl.,True,Electrolyte explicitly mentions H2SO4 (sulfuric acid).,PASS,Passes all criteria.
1-s2.0-S0925838823046583-main.pdf,1-s2.0-S0925838823046583-main.pdf,10.1016/j.jallcom.2023.173355,2024,Yangyang Luo et al.,0.5 N-Ti3C2,variant,False,N-Ti3C2,,stated,N-doped Ti3C2Tx,,stated,"LiF/HCl etching, delamination, then urea solvothermal treatment",,stated,single/few-layer,,derived,,1.34,nm,stated,,,,stated,,,,stated,,,,stated,,,,stated,,,stated,,,,stated,,3 M H2SO4,,derived,,,stated,,2,mV s-1,stated,,,,stated,,,,stated,,2086.2,F cm-3,stated,,,,stated,,True,Primary formula 'N-Ti3C2' contains Ti3C2 (Ti3C2Tx or Ti3C2).,True,Synthesis explicitly mentions both LiF and HCl.,True,Electrolyte explicitly mentions H2SO4 (sulfuric acid).,PASS,Passes all criteria.
1-s2.0-S0925838823046583-main.pdf,1-s2.0-S0925838823046583-main.pdf,10.1016/j.jallcom.2023.173355,2024,Yangyang Luo et al.,1.5 N-Ti3C2,variant,False,N-Ti3C2,,stated,N-doped Ti3C2Tx,,stated,"LiF/HCl etching, delamination, then urea solvothermal treatment",,stated,single/few-layer,,derived,,1.34,nm,stated,,,,stated,,,,stated,,,,stated,,,,stated,,,stated,,,,stated,,3 M H2SO4,,derived,,,stated,,2,mV s-1,stated,,,,stated,,,,stated,,1820.5,F cm-3,stated,,,,stated,,True,Primary formula 'N-Ti3C2' contains Ti3C2 (Ti3C2Tx or Ti3C2).,True,Synthesis explicitly mentions both LiF and HCl.,True,Electrolyte explicitly mentions H2SO4 (sulfuric acid).,PASS,Passes all criteria.
1-s2.0-S0925838823046583-main.pdf,1-s2.0-S0925838823046583-main.pdf,10.1016/j.jallcom.2023.173355,2024,Yangyang Luo et al.,2.0 N-Ti3C2,primary,True,N-Ti3C2,,stated,N-doped Ti3C2Tx,,stated,"LiF/HCl etching, delamination, then urea solvothermal treatment",,stated,single/few-layer,,derived,,1.27,nm,stated,,,,stated,,,,stated,,,,stated,,,,stated,,,stated,,,,stated,,3 M H2SO4,,stated,,,stated,,2,mV s-1,stated,,,,stated,,1609.5,F g-1,stated,,2898.5,F cm-3,stated,,,,stated,,True,Primary formula 'N-Ti3C2' contains Ti3C2 (Ti3C2Tx or Ti3C2).,True,Synthesis explicitly mentions both LiF and HCl.,True,Electrolyte explicitly mentions H2SO4 (sulfuric acid).,PASS,Passes all criteria.
1-s2.0-S0925838823046583-main.pdf,1-s2.0-S0925838823046583-main.pdf,10.1016/j.jallcom.2023.173355,2024,Yangyang Luo et al.,3.0 N-Ti3C2,variant,False,N-Ti3C2,,stated,N-doped Ti3C2Tx,,stated,"LiF/HCl etching, delamination, then urea solvothermal treatment",,stated,single/few-layer,,derived,,1.38,nm,stated,,,,stated,,,,stated,,,,stated,,,,stated,,,stated,,,,stated,,3 M H2SO4,,derived,,,stated,,2,mV s-1,figure,"Condition attached to the volumetric_capacitance value above: Fig. 3e x-axis is scan rate (mV s-1) and the value read is the first point of the series. Text confirms the series starts at 2 mV s-1 ('CV curves at 2-500 mV s-1', Fig. 3c caption) and quotes the companion 2.0N/0.5N/1.5N/pure values from this same panel 'at 2 mV s-1'.",,,stated,,,,stated,,2289,F cm-3,figure,"[UNCONFIRMED] Fig. 3e (page 5), 'Volumetric capacitances of all film electrodes', purple 3.0N-Ti3C2 series, first (leftmost) data point = 2 mV s-1. Panel cropped and rendered at 1600 dpi; y-axis calibrated on the 3000/2400/1800/1200/600 F cm-3 tick labels. Calibration was validated against the three values the text states for this same panel: dark-red 2.0N read 2898-2903 (text 2898.5), orange 0.5N read 2085 (text 2086.2), blue 1.5N read 1827 (text 1820.5) - all within <0.5%. Two independent readings (marker centroid and marker apex, both linearly fit through the 2.0N and 1.5N stated values) gave 2289.2 and 2288.2 F cm-3 for the purple 3.0N point. The paper never states this number in text. [+-2%]",,,stated,,True,Primary formula 'N-Ti3C2' contains Ti3C2 (Ti3C2Tx or Ti3C2).,True,Synthesis explicitly mentions both LiF and HCl.,True,Electrolyte explicitly mentions H2SO4 (sulfuric acid).,PASS,Passes all criteria.
1-s2.0-S2352940719303622-main.pdf,1-s2.0-S2352940719303622-main.pdf,10.1016/j.apmt.2019.06.013,2019,Zhang et al.,Ti3C2Tx-film,control,False,Ti3C2Tx,,stated,Ti3C2Tx,,stated,LiF/HCl etching; vacuum filtration and air drying; annealed under Ar at 673 K,,stated,monolayer,,derived,,1.28,nm,figure,"[UNVERIFIED] Fig. 2(b), the zoomed (002) panel (4-12° 2θ). Axis calibrated on its own tick marks (4,5,...,12° at 72.25 px/deg in the embedded raster); green Ti3C2Tx-film curve apex at 2θ = 6.92°, so d = 1.5406/(2 sin 3.46°) = 12.76 Å = 1.28 nm. Calibration validated against three values the paper states: blue Ti3C2Tx read 6.57° (text: 6.6°, 1.3 nm), red Ti3AlC2 read 9.54° (text: 9.5°), and 3d-film / aerogel read 7.92° / 8.24° = 1.11 / 1.06 nm (text: 'about 1.1 nm'). Value sits correctly between Ti3C2Tx (1.3 nm) and the rapid-frozen films (1.1 nm), as the text describes. [+-3%]",,,stated,,,,stated,,,,stated,,,,stated,about 12,μm,stated,,,,stated,,3 M H2SO4,,derived,8.2,m2 g−1,stated,,1,mV s−1,stated,,1,A g−1,stated,"[UNVERIFIED] 'the corresponding volumetric capacitance values at current density of 1 A g-1 are 1068 F cm-3 (274 F g-1), 1355 F cm-3 (372 F g-1), and 1293 F cm-3 (404 F g-1), respectively' – this is the condition of the 1068 F cm-3 already recorded in this row. Three-electrode, 3 M H2SO4.",278,F g−1,stated,,1068,F cm−3,stated,,,,stated,,True,Primary formula 'Ti3C2Tx' contains Ti3C2 (Ti3C2Tx or Ti3C2).,True,Synthesis explicitly mentions both LiF and HCl.,True,Electrolyte explicitly mentions H2SO4 (sulfuric acid).,PASS,Passes all criteria.
1-s2.0-S2352940719303622-main.pdf,1-s2.0-S2352940719303622-main.pdf,10.1016/j.apmt.2019.06.013,2019,Zhang et al.,3d-Ti3C2Tx-film,primary,True,Ti3C2Tx,,stated,Ti3C2Tx,,stated,LiF/HCl etching; vacuum filtration; liquid nitrogen rapid freezing; freeze drying; annealed under Ar at 673 K,,stated,monolayer,,derived,,about 1.1,nm,stated,,,,stated,,,,stated,,approximately 1–2,μm,stated,,,,stated,74,μm,stated,,,,stated,,3 M H2SO4,,derived,45.1,m2 g−1,stated,,1,mV s−1,stated,,1,A g−1,stated,"[UNVERIFIED] Same sentence: 1355 F cm-3 (372 F g-1) at 1 A g-1 for 3d-Ti3C2Tx-film – the condition of the 1355 F cm-3 already in this row. Three-electrode, 3 M H2SO4.",378,F g−1,stated,,1355,F cm−3,stated,,,,stated,,True,Primary formula 'Ti3C2Tx' contains Ti3C2 (Ti3C2Tx or Ti3C2).,True,Synthesis explicitly mentions both LiF and HCl.,True,Electrolyte explicitly mentions H2SO4 (sulfuric acid).,PASS,Passes all criteria.
1-s2.0-S2352940719303622-main.pdf,1-s2.0-S2352940719303622-main.pdf,10.1016/j.apmt.2019.06.013,2019,Zhang et al.,aerogel,variant,False,Ti3C2Tx,,stated,Ti3C2Tx,,stated,LiF/HCl etching; liquid nitrogen rapid freezing; freeze drying; annealed under Ar at 673 K,,stated,monolayer,,derived,,about 1.1,nm,stated,,,,stated,,,,stated,,,,stated,,,,stated,,,stated,,,,stated,,3 M H2SO4,,derived,177.6,m2 g−1,stated,,1,mV s−1,stated,,1,A g−1,stated,"[UNVERIFIED] Same sentence: 1293 F cm-3 (404 F g-1) at 1 A g-1 for the aerogel – the condition of the 1293 F cm-3 already in this row. Three-electrode, 3 M H2SO4.",414,F g−1,stated,,1293,F cm−3,stated,,,,stated,,True,Primary formula 'Ti3C2Tx' contains Ti3C2 (Ti3C2Tx or Ti3C2).,True,Synthesis explicitly mentions both LiF and HCl.,True,Electrolyte explicitly mentions H2SO4 (sulfuric acid).,PASS,Passes all criteria.
1-s2.0-S2369969821000785-main.pdf,1-s2.0-S2369969821000785-main.pdf,10.1016/j.jobab.2021.10.001,2022,Wei et al.,CPCM/MXene,primary,True,Ti3C2Tx,,stated,"MXene-hybrid chitosan-based porous carbon microsphere (CPCM/MXene), HCS:Ti3C2Tx = 20:1",,stated,"LiF/HCl etching of Ti3AlC2, electrostatic HCS/MXene assembly, KOH activation/carbonization at 800°C",,stated,few-layer or single-layer,,stated,"[UNVERIFIED] 'After etching and sonicating, the obtained Ti3C2Tx presents a few-layer or single-layer nanosheet, which stacks to form a wrinkled morphology'; corroborated by 'there is no characteristic peak at 2θ = 20° related to the (004) crystal plane, owing to the prepared MXene is single or few layers'. Describes the Ti3C2Tx component used to build the CPCM/MXene composite.",,,stated,,,,stated,,,,stated,,,,stated,,,,stated,,,stated,,,,stated,,1 mol/L H2SO4,,stated,1649,m2/g,stated,,,,stated,,0.5,A/g,stated,,362,F/g,stated,,,,stated,,,,stated,,True,Primary formula 'Ti3C2Tx' contains Ti3C2 (Ti3C2Tx or Ti3C2).,True,Synthesis explicitly mentions both LiF and HCl.,True,Electrolyte explicitly mentions H2SO4 (sulfuric acid).,PASS,Passes all criteria.
1-s2.0-S2405829723005251-main.pdf,1-s2.0-S2405829723005251-main.pdf,10.1016/j.ensm.2023.103148,2024,Spurling et al.,AMX-4D-200,variant,False,Ti3C2Tx,,stated,Ti3C2Tx,,stated,LiF/HCl minimally intensive layer delamination (MILD); sacrificial t-ZnO-template assembly,,stated,delaminated,,derived,,5.3,Å,derived,,micrometer-sized,,derived,,,,stated,,,,stated,,,,stated,200,µm,stated,,2.1,mg cm−2,stated,,0.5 M H2SO4,,derived,,,stated,,100,mV s−1,stated,,,,stated,,~280,F g−1,stated,,29,F cm−3,derived,"C_v = C_g x density. Row's own stated values: 280 F g−1 at 100 mV s−1 (""at 100 mV s-1 the gravimetric capacitance of AMX-4D-200 is around 280 F g-1"") and density = 2.1 mg cm−2 / 200 µm = 105 mg cm−3 = 0.105 g cm−3 -> 280 x 0.105 = 29.4 F cm−3. Cross-checked against Fig. 5b (teal AMX-4D-200 series spans ~13-30 F cm−3); this geometric-density route reproduces the paper's own numbers (e.g. AMX-8D-100: 3.2 mg cm−2/100 µm = 320 mg cm−3 vs paper's stated 323 mg cm−3). [+-5%]",~1.4,F cm−2,stated,,True,Primary formula 'Ti3C2Tx' contains Ti3C2 (Ti3C2Tx or Ti3C2).,True,Synthesis explicitly mentions both LiF and HCl.,True,Electrolyte explicitly mentions H2SO4 (sulfuric acid).,PASS,Passes all criteria.
1-s2.0-S2405829723005251-main.pdf,1-s2.0-S2405829723005251-main.pdf,10.1016/j.ensm.2023.103148,2024,Spurling et al.,AMX-8D-2000,variant,False,Ti3C2Tx,,stated,Ti3C2Tx,,stated,LiF/HCl minimally intensive layer delamination (MILD); sacrificial t-ZnO-template assembly,,stated,delaminated,,derived,,5.3,Å,derived,,micrometer-sized,,derived,,~99.8,%,stated,,,,stated,,,,stated,2000,µm,stated,,3.2,mg cm−2,derived,,0.5 M H2SO4,,derived,,,stated,,5,mV s−1,figure,Fig. 4d/4f x-axis: lowest measured scan rate of the rate-performance series (5 mV s−1); chosen as the anchor condition for the capacitance values reported for this row.,,,stated,,292,F g−1,figure,"[UNCONFIRMED] Fig. 4d (Gravimetric Capacitance vs Scan Rate, AMX-8D-2000 = dark-teal curve). Pixel calibration on y major ticks 350 F g−1 (row 284) to 0 F g−1 (row 1059) and x log ticks 10/100/1000 mV s−1; curve at 5 mV s−1 -> 292 F g−1. Consistency check: 292 x 0.016 g cm−3 = 4.7 F cm−3, matching the paper's stated ""AMX-8D-2000 ~5 F cm-3"". [+-3%]",~5,F cm−3,stated,,0.93,F cm−2,derived,"[UNCONFIRMED] C_a = C_g x mass loading = 292 F g−1 (Fig. 4d at 5 mV s−1) x 3.2 mg cm−2 = 0.93 F cm−2. Route validated: for AMX-16D-200 the same arithmetic gives 242 F g−1 x 5.8 mg cm−2 = 1.40 F cm−2, matching the paper's stated ""~1.4 F cm-2 (at 200 mV s-1)""; the two orange AMX curves in Fig. 6b sit at ~0.93 and ~1.6 F cm−2 at low rate. [+-5%]",True,Primary formula 'Ti3C2Tx' contains Ti3C2 (Ti3C2Tx or Ti3C2).,True,Synthesis explicitly mentions both LiF and HCl.,True,Electrolyte explicitly mentions H2SO4 (sulfuric acid).,PASS,Passes all criteria.
1-s2.0-S2405829723005251-main.pdf,1-s2.0-S2405829723005251-main.pdf,10.1016/j.ensm.2023.103148,2024,Spurling et al.,AMX-8D-500,variant,False,Ti3C2Tx,,stated,Ti3C2Tx,,stated,LiF/HCl minimally intensive layer delamination (MILD); sacrificial t-ZnO-template assembly,,stated,delaminated,,derived,,5.3,Å,derived,,micrometer-sized,,derived,,,,stated,,,,stated,,,,stated,500,µm,stated,,3.2,mg cm−2,derived,,0.5 M H2SO4,,derived,,,stated,,5,mV s−1,figure,"Fig. 4d/4f: lowest measured scan rate (5 mV s−1), the condition for the capacitances given in this row.",,,stated,,289,F g−1,figure,"[UNCONFIRMED] Fig. 4d, AMX-8D-500 (light-cyan) curve at 5 mV s−1, read after pixel calibration on the 350->0 F g−1 y ticks and 10/100/1000 mV s−1 log x ticks. Note the AMX-8D-2000 (292) and AMX-8D-500 (289) curves overlap within ~1% at low scan rate, i.e. within reading precision. [+-3%]",19,F cm−3,figure,"[UNCONFIRMED] Fig. 4f (Volumetric Capacitance vs Scan Rate, log y). Calibrated on y decade ticks 10 (row 780) and 100 (row 443); AMX-8D-500 curve at 5 mV s−1 -> 18.8 F cm−3. Calibration verified on the same panel by AMX-8D-50, which reads 179 F cm−3 at 50 mV s−1 vs the text's ""even at 50 mV s-1, volumetric capacitance of 180 F cm-3 is achieved in the AMX-8D-50 sample"". Also equals 289 F g−1 x (3.2 mg cm−2/500 µm = 0.064 g cm−3) = 18.5. [+-4%]",0.92,F cm−2,derived,"[UNCONFIRMED] C_a = C_g x mass loading = 289 F g−1 (Fig. 4d, 5 mV s−1) x 3.2 mg cm−2 = 0.92 F cm−2. [+-5%]",True,Primary formula 'Ti3C2Tx' contains Ti3C2 (Ti3C2Tx or Ti3C2).,True,Synthesis explicitly mentions both LiF and HCl.,True,Electrolyte explicitly mentions H2SO4 (sulfuric acid).,PASS,Passes all criteria.
1-s2.0-S2405829723005251-main.pdf,1-s2.0-S2405829723005251-main.pdf,10.1016/j.ensm.2023.103148,2024,Spurling et al.,AMX-8D-200,variant,False,Ti3C2Tx,,stated,Ti3C2Tx,,stated,LiF/HCl minimally intensive layer delamination (MILD); sacrificial t-ZnO-template assembly,,stated,delaminated,,derived,,5.3,Å,derived,,micrometer-sized,,derived,,,,stated,,,,stated,,,,stated,200,µm,stated,,3.2,mg cm−2,stated,,0.5 M H2SO4,,derived,,,stated,,5,mV s−1,figure,"Fig. 3d / Fig. 4d: lowest measured scan rate (5 mV s−1), the condition for the capacitances given in this row.",,,stated,,300,F g−1,figure,"[UNCONFIRMED] Fig. 4d, AMX-8D-200 (yellow, top curve) at 5 mV s−1 -> 300 F g−1; independently the same electrode in Fig. 3d (light-cyan AMX-8D-200 curve) reads 303 F g−1 at 5 mV s−1, so 300 +/- 5. Retention check confirms curve identity: 244/300 = 81%, vs the text's ""80% for AMX-8D-200"" at 500 mV s−1. [+-3%]",49,F cm−3,figure,"[UNCONFIRMED] Fig. 4f (log y, calibrated on the 10 and 100 F cm−3 decade ticks), AMX-8D-200 curve at 5 mV s−1 -> 48.6 F cm−3. Agrees with 300 F g−1 x (3.2 mg cm−2/200 µm = 0.160 g cm−3) = 48.0 F cm−3. [+-4%]",0.96,F cm−2,derived,"[UNCONFIRMED] C_a = C_g x mass loading = 300 F g−1 (Fig. 4d, 5 mV s−1) x 3.2 mg cm−2 = 0.96 F cm−2; matches the lower orange (star) AMX curve in Fig. 6b at ~0.93-0.96 F cm−2 at low scan rate. [+-5%]",True,Primary formula 'Ti3C2Tx' contains Ti3C2 (Ti3C2Tx or Ti3C2).,True,Synthesis explicitly mentions both LiF and HCl.,True,Electrolyte explicitly mentions H2SO4 (sulfuric acid).,PASS,Passes all criteria.
1-s2.0-S2405829723005251-main.pdf,1-s2.0-S2405829723005251-main.pdf,10.1016/j.ensm.2023.103148,2024,Spurling et al.,AMX-8D-100,variant,False,Ti3C2Tx,,stated,Ti3C2Tx,,stated,LiF/HCl minimally intensive layer delamination (MILD); sacrificial t-ZnO-template assembly,,stated,delaminated,,derived,,5.3,Å,derived,,micrometer-sized,,derived,,,,stated,,,,stated,,,,stated,100,µm,stated,,3.2,mg cm−2,derived,,0.5 M H2SO4,,derived,,,stated,,5,mV s−1,figure,"Fig. 4d/4f: lowest measured scan rate (5 mV s−1), the condition for the capacitances given in this row.",,,stated,,277,F g−1,figure,"[UNCONFIRMED] Fig. 4d, AMX-8D-100 (orange) curve at 5 mV s−1 -> 277 F g−1. Curve identity confirmed by the text's retention statement: read 259 F g−1 at 500 mV s−1, i.e. 259/277 = 93%, matching ""AMX-8D-100 ... retains 93% of its maximum capacitance at 500 mV s-1"". [+-3%]",90,F cm−3,figure,"[UNCONFIRMED] Fig. 4f (log y), AMX-8D-100 curve at 5 mV s−1 -> 90.0 F cm−3. Cross-check with the paper's own stated density for this sample (""an AMX-8D-100 with a density 323 mg cm-3""): 277 F g−1 x 0.323 g cm−3 = 89.5 F cm−3. [+-4%]",0.89,F cm−2,derived,"[UNCONFIRMED] C_a = C_g x mass loading = 277 F g−1 (Fig. 4d, 5 mV s−1) x 3.2 mg cm−2 = 0.89 F cm−2. [+-5%]",True,Primary formula 'Ti3C2Tx' contains Ti3C2 (Ti3C2Tx or Ti3C2).,True,Synthesis explicitly mentions both LiF and HCl.,True,Electrolyte explicitly mentions H2SO4 (sulfuric acid).,PASS,Passes all criteria.
1-s2.0-S2405829723005251-main.pdf,1-s2.0-S2405829723005251-main.pdf,10.1016/j.ensm.2023.103148,2024,Spurling et al.,AMX-8D-50,variant,False,Ti3C2Tx,,stated,Ti3C2Tx,,stated,LiF/HCl minimally intensive layer delamination (MILD); sacrificial t-ZnO-template assembly,,stated,delaminated,,derived,,5.3,Å,derived,,micrometer-sized,,derived,,,,stated,,,,stated,,,,stated,50,µm,stated,,3.2,mg cm−2,derived,,0.5 M H2SO4,,stated,,,stated,,5,mV s−1,stated,,,,stated,,100,F g−1,stated,,180,F cm−3,stated,,0.90,F cm−2,derived,[UNCONFIRMED] Two independent routes agree. (1) From this row's already-filled volumetric capacitance: 180 F cm−3 x 50 µm = 180 x 0.0050 cm = 0.90 F cm−2. (2) From Fig. 4d gravimetric read (282 F g−1 at 5 mV s−1) x 3.2 mg cm−2 = 0.90 F cm−2. [+-5%],True,Primary formula 'Ti3C2Tx' contains Ti3C2 (Ti3C2Tx or Ti3C2).,True,Synthesis explicitly mentions both LiF and HCl.,True,Electrolyte explicitly mentions H2SO4 (sulfuric acid).,PASS,Passes all criteria.
1-s2.0-S2405829723005251-main.pdf,1-s2.0-S2405829723005251-main.pdf,10.1016/j.ensm.2023.103148,2024,Spurling et al.,AMX-12D-200,variant,False,Ti3C2Tx,,stated,Ti3C2Tx,,stated,LiF/HCl minimally intensive layer delamination (MILD); sacrificial t-ZnO-template assembly,,stated,delaminated,,derived,,5.3,Å,derived,,micrometer-sized,,derived,,,,stated,,,,stated,,,,stated,200,µm,stated,,4.4,mg cm−2,stated,,0.5 M H2SO4,,derived,,,stated,,5,mV s−1,figure,"Fig. 3d: lowest measured scan rate (5 mV s−1), the condition for the capacitances given in this row.",,,stated,,286,F g−1,figure,"[UNCONFIRMED] Fig. 3d (Gravimetric Capacitance vs Scan Rate), AMX-12D-200 = yellow curve (legend swatch colour RGB ~236,224,26 matched pixel-wise). Calibrated on y major ticks 350 F g−1 (row 182) to 0 F g−1 (row 983) and x log ticks 10/100/1000 mV s−1; value at 5 mV s−1 -> 286 F g−1. Panel calibration checked against the text: read AMX-4D-200 = 275 F g−1 at 100 mV s−1 vs stated ""around 280 F g-1"" (2% low) and AMX-16D-200 = 257 vs stated ""around 250"". [+-3%]",63,F cm−3,derived,"[UNCONFIRMED] C_v = C_g x density = 286 F g−1 (Fig. 3d, 5 mV s−1) x (4.4 mg cm−2 / 200 µm = 220 mg cm−3 = 0.220 g cm−3) = 62.9 F cm−3. Matches the top (5 mV s−1) point of the yellow AMX-12D-200 series in Fig. 5b at ~62 F cm−3. [+-5%]",1.26,F cm−2,derived,"[UNCONFIRMED] C_a = C_g x mass loading = 286 F g−1 (Fig. 3d, 5 mV s−1) x 4.4 mg cm−2 = 1.26 F cm−2. [+-5%]",True,Primary formula 'Ti3C2Tx' contains Ti3C2 (Ti3C2Tx or Ti3C2).,True,Synthesis explicitly mentions both LiF and HCl.,True,Electrolyte explicitly mentions H2SO4 (sulfuric acid).,PASS,Passes all criteria.
1-s2.0-S2405829723005251-main.pdf,1-s2.0-S2405829723005251-main.pdf,10.1016/j.ensm.2023.103148,2024,Spurling et al.,AMX-16D-200,variant,False,Ti3C2Tx,,stated,Ti3C2Tx,,stated,LiF/HCl minimally intensive layer delamination (MILD); sacrificial t-ZnO-template assembly,,stated,delaminated,,derived,,5.3,Å,derived,,micrometer-sized,,derived,,,,stated,,,,stated,,,,stated,200,µm,stated,,5.8,mg cm−2,stated,,0.5 M H2SO4,,derived,,,stated,,,,stated,,20,A g−1,stated,,261,F g−1,stated,,76,F cm−3,derived,"C_v = C_g x density, using this row's own already-recorded value (261 F g−1 at 20 A g−1, from ""a specific capacitance of 261 F g-1 at the beginning"") and density = 5.8 mg cm−2 / 200 µm = 290 mg cm−3 = 0.290 g cm−3 -> 261 x 0.290 = 75.7 F cm−3. Same geometric-density route that reproduces Fig. 5b's AMX-16D-200 series (top point ~84 F cm−3 at 5 mV s−1, i.e. 286 F g−1 x 0.29). [+-5%]",1.51,F cm−2,derived,"C_a = C_g x mass loading = 261 F g−1 (row's own value at 20 A g−1) x 5.8 mg cm−2 = 1.51 F cm−2. Route validated on the same electrode at CV conditions: 242 F g−1 read from Fig. 3d at 200 mV s−1 x 5.8 mg cm−2 = 1.40 F cm−2, matching the paper's stated ""~1.4 F cm-2 (at 200 mV s-1)"". [+-5%]",True,Primary formula 'Ti3C2Tx' contains Ti3C2 (Ti3C2Tx or Ti3C2).,True,Synthesis explicitly mentions both LiF and HCl.,True,Electrolyte explicitly mentions H2SO4 (sulfuric acid).,PASS,Passes all criteria.
1-s2.0-S2405829723005251-main.pdf,1-s2.0-S2405829723005251-main.pdf,10.1016/j.ensm.2023.103148,2024,Spurling et al.,AMX-20D-200,primary,True,Ti3C2Tx,,stated,Ti3C2Tx,,stated,LiF/HCl minimally intensive layer delamination (MILD); sacrificial t-ZnO-template assembly,,stated,delaminated,,derived,,5.3,Å,derived,,micrometer-sized,,derived,,,,stated,,,,stated,,,,stated,200,µm,stated,,7.2,mg cm−2,stated,,0.5 M H2SO4,,derived,,,stated,,200,mV s−1,stated,,,,stated,,240,F g−1,uncertain,,140,F cm−3,uncertain,,~1.4,F cm−2,uncertain,,True,Primary formula 'Ti3C2Tx' contains Ti3C2 (Ti3C2Tx or Ti3C2).,True,Synthesis explicitly mentions both LiF and HCl.,True,Electrolyte explicitly mentions H2SO4 (sulfuric acid).,PASS,Passes all criteria.
10.1002@batt.201800014.pdf,10.1002@batt.201800014.pdf,10.1002/batt.201800014,2018,Navarro-Suárez et al.,d-Ti3C2Tx,control,False,Ti3C2Tx,,stated,d-Ti3C2Tx,,stated,"LiF/HCl etching of Ti3AlC2 at 35 °C for 24 h, followed by bath-sonication delamination",,stated,single- to few-layer,,stated,,12.5,Å,stated,,,,stated,,,,stated,,,,stated,,,,stated,10.0,mm,stated,,,,stated,,1 M H2SO4,,derived,,,stated,,2,mV s−1,figure,"[UNVERIFIED] Condition of the Figure 5b point read above: the leftmost x-axis tick of Figure 5b is 2 mV s−1, and the Experimental Section states 'Cyclic voltammetry (CV) measurements at different scan rates ranging from 2 to 100 mV·s-1'.",,,stated,,234,F g−1,figure,"[UNVERIFIED] Figure 5b (page 4), 'evolution of the capacitance with scan rate'. Purple left-pointing-triangle series labelled Ti3C2Tx, first (lowest scan rate) point at 2 mV s−1. Pixel calibration on the y-axis major ticks (0/50/100/150/200/250 F g−1 at y=2532/2100/1669.5/1237.5/804.5/374.5 px); marker centre y=516 -> (2532-516)/431.5*50 = 233.6 F g−1. Calibration validated on the same panel: the rGO:Ti3C2Tx (1:99) point reads 256.3 F g−1 vs the text-stated 'capacitance values up to 256 ... F g-1 at 2 mV s-1 for 1 wt.% of rGO' (0.1% error). NOTE: the 238 F g−1 quoted in the intro is a CITED literature value (refs 28,29) and was not used. [+-2%]",,,stated,,,,stated,,True,Primary formula 'Ti3C2Tx' contains Ti3C2 (Ti3C2Tx or Ti3C2).,True,Synthesis explicitly mentions both LiF and HCl.,True,Electrolyte explicitly mentions H2SO4 (sulfuric acid).,PASS,Passes all criteria.
1399231.pdf,1399231.pdf,10.1002/adma.201701264,2016,Yan et al.,MXene,control,False,Ti3C2Tx,,stated,Ti3C2Tx,,stated,LiF/HCl etching followed by sonication delamination,,derived,delaminated,,derived,,1.31,nm,stated,,,,uncertain,,,,uncertain,,,,uncertain,,,,uncertain,,,uncertain,,,,uncertain,,3 M H2SO4 aqueous electrolyte,,derived,19.6,m2 g-1,stated,,2,mV s-1,stated,,,,uncertain,,330.2,F g-1,stated,,1221.6,F cm-3,stated,,,,uncertain,,True,Primary formula 'Ti3C2Tx' contains Ti3C2 (Ti3C2Tx or Ti3C2).,True,Synthesis explicitly mentions both LiF and HCl.,True,Electrolyte explicitly mentions H2SO4 (sulfuric acid).,PASS,Passes all criteria.
1399231.pdf,1399231.pdf,10.1002/adma.201701264,2016,Yan et al.,M/G-1%,composite,False,Ti3C2Tx,,stated,99 wt.% Ti3C2Tx / 1 wt.% rGO (G-PDDA),wt. %,stated,"LiF/HCl etching, sonication delamination, and electrostatic self-assembly with G-PDDA",,derived,MXene:rGO = 18.2:1,,stated,,1.46,nm,stated,,,,uncertain,,,,uncertain,,,,uncertain,,,,uncertain,,,uncertain,,,,uncertain,,3 M H2SO4 aqueous electrolyte,,derived,,,uncertain,,2,mV s-1,stated,,,,uncertain,,308.0,F g-1,stated,,1047.2,F cm-3,derived,"Paper's own Eq. (5): ""The volumetric capacitance (Cv) was calculated according to the following equation: Cv = Cg*rho"". Table 1 (""Composition and properties of the materials under study. Sample ... Density (g cm-3) ... MXene 100 0 3.7 4556; M/G-1% 99 1 3.4 3326; M/G-5% 95 5 3.1 2261; M/G-10% 90 10 2.7 1231"") gives rho(M/G-1%) = 3.4 g cm-3. Arithmetic: 308.0 F g-1 (row's Cg at 2 mV s-1) x 3.4 g cm-3 = 1047.2 F cm-3. Method validated against the paper's own stated numbers: MXene 330.2 x 3.7 = 1221.7 vs stated 1221.6 F cm-3, and M/G-5% 335.4 x 3.1 = 1039.7 vs stated 1040 F cm-3 (Table S2 lists 1039.7). Same scan rate (2 mV s-1) as the Cg used. [+-2%]",,,uncertain,,True,Primary formula 'Ti3C2Tx' contains Ti3C2 (Ti3C2Tx or Ti3C2).,True,Synthesis explicitly mentions both LiF and HCl.,True,Electrolyte explicitly mentions H2SO4 (sulfuric acid).,PASS,Passes all criteria.
1399231.pdf,1399231.pdf,10.1002/adma.201701264,2016,Yan et al.,M/G-5%,primary,True,Ti3C2Tx,,stated,95 wt.% Ti3C2Tx / 5 wt.% rGO (G-PDDA),wt. %,stated,"LiF/HCl etching, sonication delamination, and electrostatic self-assembly with G-PDDA",,derived,MXene:rGO = 3.5:1,,stated,,1.51,nm,stated,,,,uncertain,,,,uncertain,,,,uncertain,,,,uncertain,,,uncertain,,,,uncertain,,3 M H2SO4 aqueous electrolyte,,derived,68.1,m2 g-1,stated,,2,mV s-1,stated,,,,uncertain,,335.4,F g-1,stated,,1040,F cm-3,stated,,,,uncertain,,True,Primary formula 'Ti3C2Tx' contains Ti3C2 (Ti3C2Tx or Ti3C2).,True,Synthesis explicitly mentions both LiF and HCl.,True,Electrolyte explicitly mentions H2SO4 (sulfuric acid).,PASS,Passes all criteria.
1399231.pdf,1399231.pdf,10.1002/adma.201701264,2016,Yan et al.,M/G-10%,composite,False,Ti3C2Tx,,stated,90 wt.% Ti3C2Tx / 10 wt.% rGO (G-PDDA),wt. %,stated,"LiF/HCl etching, sonication delamination, and electrostatic self-assembly with G-PDDA",,derived,MXene:rGO = 1.7:1,,stated,,1.67,nm,stated,,,,uncertain,,,,uncertain,,,,uncertain,,,,uncertain,,,uncertain,,,,uncertain,,3 M H2SO4 aqueous electrolyte,,derived,,,uncertain,,2,mV s-1,stated,,,,uncertain,,329.9,F g-1,stated,,890.7,F cm-3,derived,"Paper's own Eq. (5) Cv = Cg*rho, with rho(M/G-10%) = 2.7 g cm-3 from Table 1 (""M/G-10% 90 10 2.7 1231""). Arithmetic: 329.9 F g-1 (row's Cg at 2 mV s-1) x 2.7 g cm-3 = 890.7 F cm-3. Same derivation reproduces the paper's stated Cv for MXene (330.2 x 3.7 = 1221.7 vs stated 1221.6) and M/G-5% (335.4 x 3.1 = 1039.7 vs stated 1040), so the method is verified against text. Same scan rate (2 mV s-1). [+-2%]",,,uncertain,,True,Primary formula 'Ti3C2Tx' contains Ti3C2 (Ti3C2Tx or Ti3C2).,True,Synthesis explicitly mentions both LiF and HCl.,True,Electrolyte explicitly mentions H2SO4 (sulfuric acid).,PASS,Passes all criteria.
201807260933092014.pdf,201807260933092014.pdf,10.1002/aelm.201800179,2018,Huang et al.,Ti3C2Tx film (1.0 ± 0.1 µm),variant,False,Ti3C2Tx,,stated,"Ti3C2Tx (T = H, O, F)",,stated,"LiF/HCl chemical etching followed by sonication, centrifugation, and vacuum-assisted filtration",,derived,two-layer,,derived,,2.04,nm,derived,,several,µm,derived,,,,stated,,,,stated,,,,stated,1.0 ± 0.1,µm,stated,,,,stated,,PVA/H2SO4 gel electrolyte,,derived,,,stated,,,,stated,,,,uncertain,,,,stated,,,,uncertain,,,,uncertain,,True,Primary formula 'Ti3C2Tx' contains Ti3C2 (Ti3C2Tx or Ti3C2).,True,Synthesis explicitly mentions both LiF and HCl.,True,Electrolyte explicitly mentions H2SO4 (sulfuric acid).,PASS,Passes all criteria.
201807260933092014.pdf,201807260933092014.pdf,10.1002/aelm.201800179,2018,Huang et al.,Ti3C2Tx film (4.0 ± 0.1 µm),variant,False,Ti3C2Tx,,stated,"Ti3C2Tx (T = H, O, F)",,stated,"LiF/HCl chemical etching followed by sonication, centrifugation, and vacuum-assisted filtration",,derived,two-layer,,derived,,2.04,nm,derived,,several,µm,derived,,,,stated,,,,stated,,,,stated,4.0 ± 0.1,µm,stated,,,,stated,,PVA/H2SO4 gel electrolyte,,derived,,,stated,,5,mV s−1,stated,"Figure 4 caption: ""e) The corresponding CV curves at 5 mV s−1 with different MXene film thicknesses."" The zoomed Fig 4e/4f/4g legends (p.6 crop) show the compared thicknesses are exactly 4, 11, and 21 µm, so 5 mV s−1 is the stated CV scan rate for this 4 µm sample. This is the CV condition; the capacitance value in this row is GCD-derived at 0.25 mA cm−2, not from this scan rate.",0.25,mA cm−2,derived,"Text: ""The areal capacitances of up to 73, 134, and 340 mF cm−2 can be achieved by using GCD curves when the thickness of the MXene films are 4, 11, and 21 µm, respectively (Figure 4f)."" The already-recorded 73 mF cm−2 / 183 F cm−3 for this 4 µm film are the 'up to' (maximum) values, which the paper explicitly ties to 0.25 mA cm−2 for the other thicknesses (""340 mF cm−2 at 0.25 mA cm−2""; ""134, 123, 118, 103, and 90 mF cm−2 at 0.25, 0.5, 1.0, 2.5, and 5.0 mA cm−2""). Verified on the zoomed Fig 4f panel (p.6, 900 dpi crop): the leftmost point of every series sits at 0.25 mA cm−2 on the x-axis, and the green 4 µm point there reads ~72 mF cm−2, matching the stated 73 (within 2%). Same 0.25 mA cm−2 already filled for the 11 and 21 µm rows. Note this is the device (two-electrode MSC) test condition, as are the capacitances already in this row.",,,stated,,183,F cm−3,stated,,73,mF cm−2,stated,,True,Primary formula 'Ti3C2Tx' contains Ti3C2 (Ti3C2Tx or Ti3C2).,True,Synthesis explicitly mentions both LiF and HCl.,True,Electrolyte explicitly mentions H2SO4 (sulfuric acid).,PASS,Passes all criteria.
201807260933092014.pdf,201807260933092014.pdf,10.1002/aelm.201800179,2018,Huang et al.,Ti3C2Tx film (11.0 ± 0.1 µm),variant,False,Ti3C2Tx,,stated,"Ti3C2Tx (T = H, O, F)",,stated,"LiF/HCl chemical etching followed by sonication, centrifugation, and vacuum-assisted filtration",,derived,two-layer,,derived,,2.04,nm,derived,,several,µm,derived,,,,stated,,,,stated,,,,stated,11.0 ± 0.1,µm,stated,,,,stated,,PVA/H2SO4 gel electrolyte,,derived,,,stated,,5,mV s−1,stated,"Figure 4 caption: ""e) The corresponding CV curves at 5 mV s−1 with different MXene film thicknesses"" (legend of the zoomed panel confirms 4/11/21 µm). Consistent with text: ""The as-fabricated micro-supercapacitors with MXene thickness of 11 µm were tested by cyclic voltammetry (CV) at various scan rates ranging from 5 to 100 mV s−1 (Figure 4b)"" — 5 mV s−1 is the low end of that sweep. CV condition only; the capacitance in this row is GCD-derived at 0.25 mA cm−2.",0.25,mA cm−2,stated,,,,stated,,122,F cm−3,stated,,134,mF cm−2,stated,,True,Primary formula 'Ti3C2Tx' contains Ti3C2 (Ti3C2Tx or Ti3C2).,True,Synthesis explicitly mentions both LiF and HCl.,True,Electrolyte explicitly mentions H2SO4 (sulfuric acid).,PASS,Passes all criteria.
201807260933092014.pdf,201807260933092014.pdf,10.1002/aelm.201800179,2018,Huang et al.,Ti3C2Tx film (21.0 ± 0.1 µm),primary,True,Ti3C2Tx,,stated,"Ti3C2Tx (T = H, O, F)",,stated,"LiF/HCl chemical etching followed by sonication, centrifugation, and vacuum-assisted filtration",,derived,two-layer,,derived,,2.04,nm,derived,,several,µm,derived,,,,stated,,,,stated,,,,stated,21.0 ± 0.1,µm,stated,,,,stated,,PVA/H2SO4 gel electrolyte,,derived,,,stated,,5,mV s−1,stated,"Figure 4 caption: ""e) The corresponding CV curves at 5 mV s−1 with different MXene film thicknesses."" Zoomed Fig 4e legend confirms the 21 µm film is one of the three curves. CV condition only; the capacitance in this row is GCD-derived at 0.25 mA cm−2.",0.25,mA cm−2,stated,,,,stated,,162,F cm−3,stated,,340,mF cm−2,stated,,True,Primary formula 'Ti3C2Tx' contains Ti3C2 (Ti3C2Tx or Ti3C2).,True,Synthesis explicitly mentions both LiF and HCl.,True,Electrolyte explicitly mentions H2SO4 (sulfuric acid).,PASS,Passes all criteria.
acsnano.9b10066.pdf,acsnano.9b10066.pdf,10.1021/acsnano.9b10066,2020,Zhou et al.,pure Ti3C2Tx MXene electrode,control,False,Ti3C2Tx,,stated,Ti3C2Tx,,stated,"LiF/HCl etching of Ti3AlC2, followed by sonication and centrifugation delamination",,derived,single- or double-layer flakes,,derived,,,,uncertain,,0.116±0.047,µm,derived,,,,uncertain,,,,uncertain,,,,uncertain,~0.6,µm,stated,,,,uncertain,,1 M H2SO4,,derived,,,uncertain,,,,uncertain,,1,A/g,stated,,,,uncertain,,464,F/cm3,stated,,49,mF/cm2,stated,,True,Primary formula 'Ti3C2Tx' contains Ti3C2 (Ti3C2Tx or Ti3C2).,True,Synthesis explicitly mentions both LiF and HCl.,True,Electrolyte explicitly mentions H2SO4 (sulfuric acid).,PASS,Passes all criteria.
acsnano.9b10066.pdf,acsnano.9b10066.pdf,10.1021/acsnano.9b10066,2020,Zhou et al.,Ti3C2Tx MXene/RGO composite electrode (50 wt% RGO),primary,True,Ti3C2Tx,,stated,"Ti3C2Tx/RGO, 50 wt% RGO (1:1 weight ratio)",,stated,LiF/HCl-etched Ti3C2Tx mixed with hydrazine-reduced graphene oxide; vacuum-assisted filtration and dry transfer,,stated,single- or double-layer MXene flakes,,stated,,,,uncertain,,MXene: 0.116±0.047; RGO: 1.74±0.68,µm,stated,,,,uncertain,,,,uncertain,,,,uncertain,~1,µm,stated,,0.35,mg/cm2,derived,"[UNVERIFIED] Text: 'exhibiting a specific areal capacitance of 49 mF/cm2 (volumetric capacitance of ~490 F/cm3 and gravimetric capacitance of ~140 F/g)'. Areal mass = C_areal/C_grav = 0.049 F cm-2 / 140 F g-1 = 3.5e-4 g cm-2 = 0.35 mg cm-2. Independent check with the stated film thickness: density = 490/140 = 3.5 g cm-3, x 1 um ('The thickness of the film electrode is ~1 um') = 0.35 mg cm-2. Values are quoted with '~' in the paper, hence the uncertainty. [+-10%]",1 M H2SO4,,stated,,,uncertain,,,,uncertain,,1,A/g,stated,,~140,F/g,stated,,~490,F/cm3,stated,,49,mF/cm2,stated,,True,Primary formula 'Ti3C2Tx' contains Ti3C2 (Ti3C2Tx or Ti3C2).,True,Synthesis explicitly mentions both LiF and HCl.,True,Electrolyte explicitly mentions H2SO4 (sulfuric acid).,PASS,Passes all criteria.
Advanced Materials - 2023 - Arslanoglu - 3D Assembly of MXene Networks using a Ceramic Backbone with Controlled Porosity.pdf,Advanced Materials - 2023 - Arslanoglu - 3D Assembly of MXene Networks using a Ceramic Backbone with Controlled Porosity.pdf,10.1002/adma.202304757,2023,Arslanoglu et al.,"MX-PS electrodes with 60% longitudinal porosity, 180 mg mL−1 MXene",primary,True,Ti3C2Tx,,stated,Ti3C2Tx MXene-infiltrated porous silica,,stated,"LiF/HCl minimally intensive layer delamination (MILD), followed by capillary infiltration into freeze-cast silica",,stated,single-layer and delaminated multilayer,,stated,,,,stated,,≈1,μm,stated,"[UNVERIFIED] 'For our system (e.g., 1 μm flake size, 1 nm flake thickness, and 3.7 g cm-3 Ti3C2Tx MXene density), ref. [51] gives the critical MXene concentration...'. Corroborated by Figure 1d (DLS hydrodynamic-diameter distribution of the as-synthesized Ti3C2Tx), whose main peak sits at ≈900 nm. Material-level: one MXene dispersion is used for every MX-PS sample in the paper.",60,%,stated,,≈50,μm,stated,,,,stated,about 1,mm,derived,,2.43,mg cm−2,stated,,3 m poly(vinyl alcohol) (PVA)/H2SO4,,derived,,,stated,,10,mV s−1,stated,,,,uncertain,,7.26,F g−1,stated,,,,stated,,7.24,F cm−2,stated,,True,Primary formula 'Ti3C2Tx' contains Ti3C2 (Ti3C2Tx or Ti3C2).,True,Synthesis explicitly mentions both LiF and HCl.,True,Electrolyte explicitly mentions H2SO4 (sulfuric acid).,PASS,Passes all criteria.
Advanced Materials - 2023 - Arslanoglu - 3D Assembly of MXene Networks using a Ceramic Backbone with Controlled Porosity.pdf,Advanced Materials - 2023 - Arslanoglu - 3D Assembly of MXene Networks using a Ceramic Backbone with Controlled Porosity.pdf,10.1002/adma.202304757,2023,Arslanoglu et al.,MX-PS supercapacitor prepared with 90 mg mL−1 MXene concentration,variant,False,Ti3C2Tx,,derived,Ti3C2Tx MXene-infiltrated porous silica,,stated,"LiF/HCl MILD, followed by capillary infiltration into freeze-cast silica",,derived,single-layer and delaminated multilayer,,derived,,,,stated,,≈1,μm,stated,"[UNVERIFIED] 'For our system (e.g., 1 μm flake size, 1 nm flake thickness, and 3.7 g cm-3 Ti3C2Tx MXene density)...'; corroborated by the Figure 1d DLS distribution peaking at ≈900 nm. Material-level value (same MXene dispersion, only its concentration differs between samples).",60,%,derived,"[UNVERIFIED] The 90 mg mL−1 device is the same standard backbone as the 180 mg mL−1 primary device, differing only in dispersion concentration: 'the effect of MXene concentration on the electrochemical performance is briefly evaluated by comparing these results with the ones of a supercapacitor prepared with a reduced MXene concentration of 90 mg mL-1'. The standard backbone is described as 'The resulting porous silica backbones exhibit ≈60% porosity with ≈50 μm average pore size'. [+-5%]",≈50,μm,derived,"[UNVERIFIED] Same reasoning as the porosity entry: the 90 mg mL−1 device uses the standard freeze-cast backbone, 'The resulting porous silica backbones exhibit ≈60% porosity with ≈50 μm average pore size'. Not a per-sample measurement. [+-5%]",,,stated,about 1,mm,derived,,,,stated,,3 m poly(vinyl alcohol) (PVA)/H2SO4,,derived,,,stated,,10,mV s−1,stated,,,,uncertain,,,,stated,,,,stated,,3.13,F cm−2,stated,,True,Primary formula 'Ti3C2Tx' contains Ti3C2 (Ti3C2Tx or Ti3C2).,True,Synthesis explicitly mentions both LiF and HCl.,True,Electrolyte explicitly mentions H2SO4 (sulfuric acid).,PASS,Passes all criteria.
Advanced Materials - 2023 - Arslanoglu - 3D Assembly of MXene Networks using a Ceramic Backbone with Controlled Porosity.pdf,Advanced Materials - 2023 - Arslanoglu - 3D Assembly of MXene Networks using a Ceramic Backbone with Controlled Porosity.pdf,10.1002/adma.202304757,2023,Arslanoglu et al.,"MX-PS electrodes with 40% longitudinal porosity, 180 mg mL−1 MXene",variant,False,Ti3C2Tx,,stated,Ti3C2Tx MXene-infiltrated porous silica,,stated,"LiF/HCl MILD, followed by capillary infiltration into freeze-cast silica",,stated,single-layer and delaminated multilayer,,derived,,,,stated,,≈1,μm,stated,"[UNVERIFIED] 'For our system (e.g., 1 μm flake size, 1 nm flake thickness, and 3.7 g cm-3 Ti3C2Tx MXene density)...'; corroborated by the Figure 1d DLS distribution peaking at ≈900 nm. Material-level value (same MXene dispersion for all MX-PS samples).",40,%,stated,,≈20,μm,stated,,,,stated,about 1,mm,derived,,,,stated,,3 m poly(vinyl alcohol) (PVA)/H2SO4,,derived,,,stated,,10,mV s−1,stated,,,,uncertain,,,,stated,,,,stated,,1.85,F cm−2,figure,"[UNVERIFIED] Figure 4f (page 10), blue solid bar (left y-axis, Areal Capacitance) in the 40% porosity / longitudinal column. Pixel calibration on the left-axis ticks (0/2/4/6/8 F cm−2 at y=1764/1413/1062/709.5/360 px); bar top y=1439 -> 1.852 F cm−2. Calibration check on the 60% longitudinal blue bar: reads 7.27 vs the text-stated 7.24 F cm−2 (+0.4%), so the value above is scaled down by that offset. Consistency: text says 'The capacitance was seen to increase four folds when using electrodes with 60% porosity than with 40% porosity' (7.24/1.85 = 3.9). Condition: CV at 10 mV s−1 (already in the row). [+-3%]",True,Primary formula 'Ti3C2Tx' contains Ti3C2 (Ti3C2Tx or Ti3C2).,True,Synthesis explicitly mentions both LiF and HCl.,True,Electrolyte explicitly mentions H2SO4 (sulfuric acid).,PASS,Passes all criteria.
Advanced Materials - 2023 - Arslanoglu - 3D Assembly of MXene Networks using a Ceramic Backbone with Controlled Porosity.pdf,Advanced Materials - 2023 - Arslanoglu - 3D Assembly of MXene Networks using a Ceramic Backbone with Controlled Porosity.pdf,10.1002/adma.202304757,2023,Arslanoglu et al.,"MX-PS electrodes with 60% lateral porosity, 180 mg mL−1 MXene",variant,False,Ti3C2Tx,,stated,Ti3C2Tx MXene-infiltrated porous silica,,stated,"LiF/HCl MILD, followed by capillary infiltration into freeze-cast silica",,stated,single-layer and delaminated multilayer,,derived,,,,stated,,≈1,μm,stated,"[UNVERIFIED] 'For our system (e.g., 1 μm flake size, 1 nm flake thickness, and 3.7 g cm-3 Ti3C2Tx MXene density)...'; corroborated by the Figure 1d DLS distribution peaking at ≈900 nm. Material-level value (same MXene dispersion for all MX-PS samples).",60,%,stated,,≈50,μm,derived,,,,stated,about 1,mm,derived,,,,stated,,3 m poly(vinyl alcohol) (PVA)/H2SO4,,derived,,,stated,,10,mV s−1,stated,,,,uncertain,,,,stated,,,,stated,,2.69,F cm−2,figure,"[UNVERIFIED] Figure 4f, blue solid bar (left y-axis) in the 60% porosity / lateral column; bar top y=1292 with the same axis calibration -> 2.690 F cm−2 (2.68 after the +0.4% offset correction validated on the 60% longitudinal bar, 7.27 read vs 7.24 stated). Consistency: 'the electrodes with longitudinal porosity ... produced nearly three times higher capacitance than those with lateral porosity' (7.24/2.69 = 2.7). Condition: CV at 10 mV s−1. [+-3%]",True,Primary formula 'Ti3C2Tx' contains Ti3C2 (Ti3C2Tx or Ti3C2).,True,Synthesis explicitly mentions both LiF and HCl.,True,Electrolyte explicitly mentions H2SO4 (sulfuric acid).,PASS,Passes all criteria.
Advanced Science - 2023 - He - Wide Temperature All‐Solid‐State Ti3C2Tx Quantum Dots L‐Ti3C2Tx Fiber Supercapacitor with.pdf,Advanced Science - 2023 - He - Wide Temperature All‐Solid‐State Ti3C2Tx Quantum Dots L‐Ti3C2Tx Fiber Supercapacitor with.pdf,10.1002/advs.202305991,2024,He et al.,pure L-Ti3C2Tx fiber,control,False,Ti3C2Tx,,stated,L-Ti3C2Tx NSs,,stated,"Natural-sedimentation size selection, LiF/HCl etching, mechanical delamination, wet spinning in 5 wt.% chitosan",,derived,delaminated,,derived,,,,uncertain,,7.6–9.5,μm,derived,,,,uncertain,,,,uncertain,,,,uncertain,,,uncertain,,,,uncertain,,1 M H2SO4,,derived,,,uncertain,,,,uncertain,,1,A cm−3,derived,,,,uncertain,,1158,F cm−3,stated,,,,uncertain,,True,Primary formula 'Ti3C2Tx' contains Ti3C2 (Ti3C2Tx or Ti3C2).,True,Synthesis explicitly mentions both LiF and HCl.,True,Electrolyte explicitly mentions H2SO4 (sulfuric acid).,PASS,Passes all criteria.
Advanced Science - 2023 - He - Wide Temperature All‐Solid‐State Ti3C2Tx Quantum Dots L‐Ti3C2Tx Fiber Supercapacitor with.pdf,Advanced Science - 2023 - He - Wide Temperature All‐Solid‐State Ti3C2Tx Quantum Dots L‐Ti3C2Tx Fiber Supercapacitor with.pdf,10.1002/advs.202305991,2024,He et al.,Q1M9 fiber,variant,False,Ti3C2Tx,,stated,Ti3C2Tx QDs/L-Ti3C2Tx NSs (1:9),,stated,"LiF/HCl etching, mechanical delamination, Ti3C2Tx-QD ultrasonication, wet spinning in 5 wt.% chitosan",,derived,delaminated,,derived,,,,uncertain,,7.6–9.5,μm,derived,,,,uncertain,,,,uncertain,,,,uncertain,,,uncertain,,,,uncertain,,1 M H2SO4,,derived,,,uncertain,,,,uncertain,,1,A cm−3,derived,,,,uncertain,,1395,F cm-3,figure,"[UNCONFIRMED] Figure 4d (p.6), 'Specific capacitance (F cm-3) vs Current density (A cm-3)', blue Q1M9 curve, first data point at 1 A cm-3. Axis calibrated on y-ticks 1500/1200/900/600 (px 376.5/714/1057.5/1401 at 900 dpi) and x-ticks 0/5/10/15/20. Calibration check: red Q3M7 first point reads 1563 vs the panel's printed callout '1560 F cm-3' (0.2% error). Independent check: Q1M9 last point (20 A cm-3) reads 979 F cm-3; text states Q1M9 retention 'about 70%' -> 979/0.70 = 1399, agreeing with the direct read to ~0.3%. [+-3%]",,,uncertain,,True,Primary formula 'Ti3C2Tx' contains Ti3C2 (Ti3C2Tx or Ti3C2).,True,Synthesis explicitly mentions both LiF and HCl.,True,Electrolyte explicitly mentions H2SO4 (sulfuric acid).,PASS,Passes all criteria.
Advanced Science - 2023 - He - Wide Temperature All‐Solid‐State Ti3C2Tx Quantum Dots L‐Ti3C2Tx Fiber Supercapacitor with.pdf,Advanced Science - 2023 - He - Wide Temperature All‐Solid‐State Ti3C2Tx Quantum Dots L‐Ti3C2Tx Fiber Supercapacitor with.pdf,10.1002/advs.202305991,2024,He et al.,Q2M8 fiber,variant,False,Ti3C2Tx,,stated,Ti3C2Tx QDs/L-Ti3C2Tx NSs (2:8),,stated,"LiF/HCl etching, mechanical delamination, Ti3C2Tx-QD ultrasonication, wet spinning in 5 wt.% chitosan",,derived,delaminated,,derived,,,,uncertain,,7.6–9.5,μm,derived,,,,uncertain,,,,uncertain,,,,uncertain,,,uncertain,,,,uncertain,,1 M H2SO4,,derived,,,uncertain,,,,uncertain,,1,A cm−3,derived,,,,uncertain,,1450,F cm-3,figure,"[UNCONFIRMED] Figure 4d (p.6), purple Q2M8 curve, first data point at 1 A cm-3; same axis calibration and same red-callout check (1563 read vs 1560 printed). Direct marker-centroid read 1447 F cm-3. Independent check: Q2M8 last point (20 A cm-3) reads 1097 F cm-3; text states Q2M8 retention '75%' -> 1097/0.75 = 1463. Reported 1450 as the midpoint of 1447-1463. [+-3%]",,,uncertain,,True,Primary formula 'Ti3C2Tx' contains Ti3C2 (Ti3C2Tx or Ti3C2).,True,Synthesis explicitly mentions both LiF and HCl.,True,Electrolyte explicitly mentions H2SO4 (sulfuric acid).,PASS,Passes all criteria.
Advanced Science - 2023 - He - Wide Temperature All‐Solid‐State Ti3C2Tx Quantum Dots L‐Ti3C2Tx Fiber Supercapacitor with.pdf,Advanced Science - 2023 - He - Wide Temperature All‐Solid‐State Ti3C2Tx Quantum Dots L‐Ti3C2Tx Fiber Supercapacitor with.pdf,10.1002/advs.202305991,2024,He et al.,Q3M7 fiber,primary,True,Ti3C2Tx,,stated,Ti3C2Tx QDs/L-Ti3C2Tx NSs (3:7),,stated,"Natural-sedimentation size selection, LiF/HCl etching, mechanical delamination, Ti3C2Tx-QD ultrasonication, wet spinning in 5 wt.% chitosan",,stated,delaminated,,derived,,,,uncertain,,7.6–9.5,μm,derived,,,,uncertain,,,,uncertain,,,,uncertain,,,uncertain,,,,uncertain,,1 M H2SO4,,stated,,,uncertain,,,,uncertain,,1,A cm−3,stated,,,,uncertain,,1560,F cm−3,stated,,,,uncertain,,True,Primary formula 'Ti3C2Tx' contains Ti3C2 (Ti3C2Tx or Ti3C2).,True,Synthesis explicitly mentions both LiF and HCl.,True,Electrolyte explicitly mentions H2SO4 (sulfuric acid).,PASS,Passes all criteria.
Advanced Science - 2023 - He - Wide Temperature All‐Solid‐State Ti3C2Tx Quantum Dots L‐Ti3C2Tx Fiber Supercapacitor with.pdf,Advanced Science - 2023 - He - Wide Temperature All‐Solid‐State Ti3C2Tx Quantum Dots L‐Ti3C2Tx Fiber Supercapacitor with.pdf,10.1002/advs.202305991,2024,He et al.,Q4M6 fiber,variant,False,Ti3C2Tx,,stated,Ti3C2Tx QDs/L-Ti3C2Tx NSs (4:6),,stated,"LiF/HCl etching, mechanical delamination, Ti3C2Tx-QD ultrasonication, wet spinning in 5 wt.% chitosan",,derived,delaminated,,derived,,,,uncertain,,7.6–9.5,μm,derived,,,,uncertain,,,,uncertain,,,,uncertain,,,uncertain,,,,uncertain,,1 M H2SO4,,derived,,,uncertain,,,,uncertain,,1,A cm−3,derived,,,,uncertain,,1260,F cm-3,figure,"[UNCONFIRMED] Figure 4d (p.6), green Q4M6 curve, first data point at 1 A cm-3; same axis calibration and same red-callout check (1563 read vs 1560 printed). Direct marker-centroid read 1264 F cm-3. Independent check: Q4M6 last point (20 A cm-3) reads 806 F cm-3; text states Q4M6 retention '64%' -> 806/0.64 = 1259, agreeing to ~0.4%. [+-3%]",,,uncertain,,True,Primary formula 'Ti3C2Tx' contains Ti3C2 (Ti3C2Tx or Ti3C2).,True,Synthesis explicitly mentions both LiF and HCl.,True,Electrolyte explicitly mentions H2SO4 (sulfuric acid).,PASS,Passes all criteria.
Advanced Science - 2023 - He - Wide Temperature All‐Solid‐State Ti3C2Tx Quantum Dots L‐Ti3C2Tx Fiber Supercapacitor with.pdf,Advanced Science - 2023 - He - Wide Temperature All‐Solid‐State Ti3C2Tx Quantum Dots L‐Ti3C2Tx Fiber Supercapacitor with.pdf,10.1002/advs.202305991,2024,He et al.,Q3M7 fiber prepared in MgSO4/EtOH,variant,False,Ti3C2Tx,,stated,Ti3C2Tx QDs/L-Ti3C2Tx NSs (3:7),,stated,"LiF/HCl etching, mechanical delamination, Ti3C2Tx-QD ultrasonication, wet spinning in MgSO4/EtOH",,stated,delaminated,,derived,,,,uncertain,,7.6–9.5,μm,derived,,,,uncertain,,,,uncertain,,,,uncertain,,,uncertain,,,,uncertain,,1 M H2SO4,,derived,,,uncertain,,,,uncertain,,1,A g−1,derived,,,,uncertain,,805,F cm−3,stated,,,,uncertain,,True,Primary formula 'Ti3C2Tx' contains Ti3C2 (Ti3C2Tx or Ti3C2).,True,Synthesis explicitly mentions both LiF and HCl.,True,Electrolyte explicitly mentions H2SO4 (sulfuric acid).,PASS,Passes all criteria.
Advanced Science - 2023 - He - Wide Temperature All‐Solid‐State Ti3C2Tx Quantum Dots L‐Ti3C2Tx Fiber Supercapacitor with.pdf,Advanced Science - 2023 - He - Wide Temperature All‐Solid‐State Ti3C2Tx Quantum Dots L‐Ti3C2Tx Fiber Supercapacitor with.pdf,10.1002/advs.202305991,2024,He et al.,Q3M7 fiber prepared in NH4Cl/NH4OH,variant,False,Ti3C2Tx,,stated,Ti3C2Tx QDs/L-Ti3C2Tx NSs (3:7),,stated,"LiF/HCl etching, mechanical delamination, Ti3C2Tx-QD ultrasonication, wet spinning in NH4Cl/NH4OH",,stated,delaminated,,derived,,,,uncertain,,7.6–9.5,μm,derived,,,,uncertain,,,,uncertain,,,,uncertain,,,uncertain,,,,uncertain,,1 M H2SO4,,derived,,,uncertain,,,,uncertain,,1,A g−1,derived,,,,uncertain,,878,F cm−3,stated,,,,uncertain,,True,Primary formula 'Ti3C2Tx' contains Ti3C2 (Ti3C2Tx or Ti3C2).,True,Synthesis explicitly mentions both LiF and HCl.,True,Electrolyte explicitly mentions H2SO4 (sulfuric acid).,PASS,Passes all criteria.
Advanced Science - 2023 - He - Wide Temperature All‐Solid‐State Ti3C2Tx Quantum Dots L‐Ti3C2Tx Fiber Supercapacitor with.pdf,Advanced Science - 2023 - He - Wide Temperature All‐Solid‐State Ti3C2Tx Quantum Dots L‐Ti3C2Tx Fiber Supercapacitor with.pdf,10.1002/advs.202305991,2024,He et al.,Q3M7 fiber prepared in CaCl2/IPA,variant,False,Ti3C2Tx,,stated,Ti3C2Tx QDs/L-Ti3C2Tx NSs (3:7),,stated,"LiF/HCl etching, mechanical delamination, Ti3C2Tx-QD ultrasonication, wet spinning in CaCl2/IPA",,stated,delaminated,,derived,,,,uncertain,,7.6–9.5,μm,derived,,,,uncertain,,,,uncertain,,,,uncertain,,,uncertain,,,,uncertain,,1 M H2SO4,,derived,,,uncertain,,,,uncertain,,1,A g−1,derived,,,,uncertain,,912,F cm−3,stated,,,,uncertain,,True,Primary formula 'Ti3C2Tx' contains Ti3C2 (Ti3C2Tx or Ti3C2).,True,Synthesis explicitly mentions both LiF and HCl.,True,Electrolyte explicitly mentions H2SO4 (sulfuric acid).,PASS,Passes all criteria.
an4c01912.pdf,an4c01912.pdf,10.1021/acsanm.4c01912,2024,Yao et al.,N−Ti3C2Tx−350 °C,primary,True,Ti3C2Tx,,stated,N−Ti3C2Tx,,stated,LiF/HCl etched Ti3C2Tx film annealed with urea at 350 °C under Ar for 3 h,,stated,few-layer,,derived,,1.33,nm,stated,,,,stated,,,,stated,,,,stated,,,,stated,,,stated,,,,stated,,1 M H2SO4,,stated,19.5,m2 g−1,stated,,,,stated,,1,A g−1,stated,,390,F g−1,stated,,,,stated,,,,stated,,True,Primary formula 'Ti3C2Tx' contains Ti3C2 (Ti3C2Tx or Ti3C2).,True,Synthesis explicitly mentions both LiF and HCl.,True,Electrolyte explicitly mentions H2SO4 (sulfuric acid).,PASS,Passes all criteria.
boota2015.pdf,boota2015.pdf,10.1002/adma.201504705,2016,Boota et al.,pristine Ti3C2Tx films,control,False,Ti3C2Tx,,stated,Ti3C2Tx,,stated,"LiF/HCl etching (MILD), followed by delamination",,stated,delaminated,,stated,,13.8,A,derived,"[UNVERIFIED] Text (p1): 'the pristine Ti3C2Tx paper and the PPy/Ti3C2Tx (1:2) exhibited a clear downshift in the (0002) peak from ~6.4 deg to ~3.6 deg, indicating an increase of ~10 A in the spacing'. Bragg on the pristine peak: d = 1.5406/(2 sin 3.2 deg) = 13.80 A. Self-check: 3.6 deg -> 24.5 A, difference 10.7 A ~ the stated ~10 A increase. [+-3%]",,,stated,,,,stated,,,,stated,,,,stated,,,stated,,,,stated,,1 M H2SO4,,derived,,,stated,,5,mV/s,stated,"[UNVERIFIED] Figure 4b caption: 'Effect of pyrrole loading on volumetric (left side y-axis) and gravemetric (right side y-axis) capacitance measured at 5 mV s-1'. This is the condition of the 1:0 (pristine, no pyrrole) point read below.",,,stated,,245,F/g,figure,"[UNVERIFIED] Figure 4b, x = '1:0' (Ti3C2Tx:pyrrole = no pyrrole = pristine film), grey star on the RIGHT axis. Axis calibrated on ticks 420 (y=398.5 px) and 240 (y=1656 px) of a 1100 dpi render; star centroid y=1624 px -> 244.6 F/g. Cross-check: the circle for the same sample on the LEFT axis reads 881 F/cm3, and 881/244.6 = 3.60 g/cm3 = exactly the paper's stated Ti3C2Tx film density (3.6 g cm-3). The 2:1 point on the same axes reads 416-418 F/g, matching the text-stated 416 F g-1, which validates the calibration. (Text separately quotes 238 F g-1 for pristine but with citation [10]; that cited curve reads ~238 in Fig 4c, i.e. it is a different, lower point than this 1:0 measurement.) [+-3%]",880,F/cm3,figure,"[UNVERIFIED] Figure 4b, x = '1:0', black circle on the LEFT axis. Axis calibrated on ticks 1000 (y=478.5 px) and 500 (y=1726.5 px); circle centroid y=775.5 px -> 881 F/cm3. Calibration validated because the 2:1 circle reads 995-1007, matching the text-stated 1000 F cm-3. Cross-check: 881 / 3.6 g cm-3 (stated film density) = 245 F/g = the star read on the right axis. [+-3%]",,,stated,,True,Primary formula 'Ti3C2Tx' contains Ti3C2 (Ti3C2Tx or Ti3C2).,True,Synthesis explicitly mentions both LiF and HCl.,True,Electrolyte explicitly mentions H2SO4 (sulfuric acid).,PASS,Passes all criteria.
boota2015.pdf,boota2015.pdf,10.1002/adma.201504705,2016,Boota et al.,PPy/Ti3C2Tx (1:2),primary,True,Ti3C2Tx,,stated,"PPy/Ti3C2Tx (1:2), 8 wt% PPy",,stated,"LiF/HCl etching (MILD), delamination, and oxidant-free in situ pyrrole polymerization",,stated,delaminated,,stated,,≈10,Å,stated,,,,stated,,,,stated,,,,stated,,,,stated,≈13,µm,stated,,0.93,mg cm−2,stated,,1 M H2SO4,,stated,,,stated,,5,mV s−1,stated,,,,stated,,416,F g−1,stated,,1000,F cm−3,stated,,,,stated,,True,Primary formula 'Ti3C2Tx' contains Ti3C2 (Ti3C2Tx or Ti3C2).,True,Synthesis explicitly mentions both LiF and HCl.,True,Electrolyte explicitly mentions H2SO4 (sulfuric acid).,PASS,Passes all criteria.
boota2015.pdf,boota2015.pdf,10.1002/adma.201504705,2016,Boota et al.,PPy/Ti3C2Tx (1:1),variant,False,Ti3C2Tx,,stated,PPy/Ti3C2Tx (1:1),,stated,"LiF/HCl etching (MILD), delamination, and oxidant-free in situ pyrrole polymerization",,stated,delaminated,,stated,,,,stated,,,,stated,,,,stated,,,,stated,,,,stated,,,stated,,,,stated,,1 M H2SO4,,derived,,,stated,,5,mV s−1,stated,,,,stated,,249,F/g,figure,"[UNVERIFIED] Figure 4b, x = '1:1' (Ti3C2Tx:pyrrole 1:1), grey star on the RIGHT axis; centroid y=1590 px -> 249.4 F/g (same calibration as above, validated by the 416 F/g point). Cross-check: paired circle reads 601 F/cm3 and 601/249.4 = 2.41 g/cm3, matching the stated composite density 2.4 g cm-3. Condition is 5 mV s-1 (already recorded in this row). [+-3%]",600,F/cm3,figure,"[UNVERIFIED] Figure 4b, x = '1:1', black circle on the LEFT axis; centroid y=1474.5 px -> 601 F/cm3 (calibration validated by the 2:1 circle = 1000 F/cm3 stated in text). Cross-check: 601 / 249 F/g = 2.41 g/cm3 = stated composite density 2.4 g cm-3. [+-3%]",,,stated,,True,Primary formula 'Ti3C2Tx' contains Ti3C2 (Ti3C2Tx or Ti3C2).,True,Synthesis explicitly mentions both LiF and HCl.,True,Electrolyte explicitly mentions H2SO4 (sulfuric acid).,PASS,Passes all criteria.
c8dt04374d.pdf,c8dt04374d.pdf,10.1039/c8dt04374d,2019,Li et al.,Ti3C2Tx,control,False,Ti3C2Tx,,stated,Ti3C2Tx,,stated,LiF/HCl etching,,stated,,,stated,,12.8,Å,stated,,,,stated,,,,stated,,,,stated,,,,stated,,,stated,,,,derived,,1 M H2SO4,,derived,16.2,m2 g−1,stated,,2,mV s−1,stated,,,,stated,,241,F g−1,stated,,952,F cm−3,stated,,,,stated,,True,Primary formula 'Ti3C2Tx' contains Ti3C2 (Ti3C2Tx or Ti3C2).,True,Synthesis explicitly mentions both LiF and HCl.,True,Electrolyte explicitly mentions H2SO4 (sulfuric acid).,PASS,Passes all criteria.
c8dt04374d.pdf,c8dt04374d.pdf,10.1039/c8dt04374d,2019,Li et al.,Ti3C2Tx-H,variant,False,Ti3C2Tx,,stated,Ti3C2Tx,,stated,LiF/HCl etching followed by concentrated H2SO4 treatment,,stated,,,stated,,,,stated,,,,stated,,,,stated,,,,stated,,,,stated,,,stated,,,,derived,,1 M H2SO4,,derived,,,stated,,,,stated,,,,stated,,,,stated,,,,stated,,,,stated,,True,Primary formula 'Ti3C2Tx' contains Ti3C2 (Ti3C2Tx or Ti3C2).,True,Synthesis explicitly mentions both LiF and HCl.,True,Electrolyte explicitly mentions H2SO4 (sulfuric acid).,PASS,Passes all criteria.
c8dt04374d.pdf,c8dt04374d.pdf,10.1039/c8dt04374d,2019,Li et al.,Ti3C2Tx/P-50,composite,False,Ti3C2Tx,,stated,Ti3C2Tx/PEDOT:PSS,,stated,LiF/HCl etching and filtration with PEDOT:PSS,,stated,,,stated,,,,stated,,,,stated,,,,stated,,,,stated,,,,stated,,,stated,,,,derived,,1 M H2SO4,,derived,,,stated,,,,stated,,,,stated,,,,stated,,,,stated,,,,stated,,True,Primary formula 'Ti3C2Tx' contains Ti3C2 (Ti3C2Tx or Ti3C2).,True,Synthesis explicitly mentions both LiF and HCl.,True,Electrolyte explicitly mentions H2SO4 (sulfuric acid).,PASS,Passes all criteria.
c8dt04374d.pdf,c8dt04374d.pdf,10.1039/c8dt04374d,2019,Li et al.,Ti3C2Tx/P-50-H,composite,False,Ti3C2Tx,,stated,Ti3C2Tx/PEDOT:PSS,,stated,"LiF/HCl etching, PEDOT:PSS blending, and concentrated H2SO4 treatment",,stated,,,stated,,,,stated,,,,stated,,,,stated,,,,stated,,,,stated,,,stated,,,,derived,,1 M H2SO4,,derived,,,stated,,,,stated,,,,stated,,,,stated,,,,stated,,,,stated,,True,Primary formula 'Ti3C2Tx' contains Ti3C2 (Ti3C2Tx or Ti3C2).,True,Synthesis explicitly mentions both LiF and HCl.,True,Electrolyte explicitly mentions H2SO4 (sulfuric acid).,PASS,Passes all criteria.
c8dt04374d.pdf,c8dt04374d.pdf,10.1039/c8dt04374d,2019,Li et al.,Ti3C2Tx/P-100,composite,False,Ti3C2Tx,,stated,Ti3C2Tx/PEDOT:PSS,,stated,LiF/HCl etching and filtration with PEDOT:PSS,,stated,,,stated,,14.24,A,derived,"Text: '(002) peak position ... downshift from 6.9deg to 6.2deg' -> Bragg d=lambda/(2 sin th), lambda=1.5406 A",,,stated,,,,stated,,,,stated,,,,stated,,,stated,,,,derived,,1 M H2SO4,,derived,,,stated,,2,mV s−1,stated,,,,stated,,216,F g−1,stated,,712,F cm−3,stated,,,,stated,,True,Primary formula 'Ti3C2Tx' contains Ti3C2 (Ti3C2Tx or Ti3C2).,True,Synthesis explicitly mentions both LiF and HCl.,True,Electrolyte explicitly mentions H2SO4 (sulfuric acid).,PASS,Passes all criteria.
c8dt04374d.pdf,c8dt04374d.pdf,10.1039/c8dt04374d,2019,Li et al.,Ti3C2Tx/P-100-H,primary,True,Ti3C2Tx,,stated,Ti3C2Tx/PEDOT:PSS,,stated,"LiF/HCl etching, PEDOT:PSS blending, and concentrated H2SO4 treatment",,stated,,,stated,,15.1,Å,stated,,,,stated,,,,stated,,,,stated,,,,stated,,,stated,,,,derived,,1 M H2SO4,,stated,73.7,m2 g−1,stated,,2,mV s−1,stated,,2,mA cm−2,stated,"[UNCONFIRMED] Fig. 4b legend, lowest GCD current density listed for the Ti3C2Tx/P-100-H electrode ('2 mA/cm2'; series runs 2, 5, 7, 10, 15, 20, 30 mA/cm2). This is the condition paired with the areal_capacitance reported above; it is NOT the condition for the already-filled 286 F g-1 / 1065 F cm-3, which the text gives at 2 mV s-1.",286,F g−1,stated,,1065,F cm−3,stated,,425,mF cm−2,figure,"[UNCONFIRMED] Fig. 4b (p.1751), GCD curves of Ti3C2Tx/P-100-H, black 2 mA/cm2 curve. Panel rendered at 1200 dpi and calibrated on the x-axis frame (0 s = left axis col 281 px, 250 s = right axis col 2153 px, 7.488 px/s) and on the y labels (+0.3 V = row 566, -0.3 V = bottom frame row 1764). Measured charge/discharge apex of the black curve at row 563 (= +0.30 V, confirming the y calibration) at t = 112 s; the discharge branch decays asymptotically and merges with the -0.3 V axis at t = 240 s (resolvable band 232-246 s). Discharge time dt = 240 - 112 = 128 +/- 8 s. C_areal = I*dt/dV = 2 mA cm-2 * 128 s / 0.6 V = 427 mF cm-2, reported as 425 mF cm-2. Consistency check (not used as the value): with C_vol ~ 1020 F cm-3 read from Fig. 4c at the equivalent ~4.7 mV s-1, this implies a film ~4.2 um thick and ~1.6 mg cm-2 at the stated density 3.72 g cm-3 - both physically sensible for a filtered film. Single-electrode (three-electrode cell, 1 M H2SO4), not the ASC device. [+-10%]",True,Primary formula 'Ti3C2Tx' contains Ti3C2 (Ti3C2Tx or Ti3C2).,True,Synthesis explicitly mentions both LiF and HCl.,True,Electrolyte explicitly mentions H2SO4 (sulfuric acid).,PASS,Passes all criteria.
c8dt04374d.pdf,c8dt04374d.pdf,10.1039/c8dt04374d,2019,Li et al.,Ti3C2Tx/P-200,composite,False,Ti3C2Tx,,stated,Ti3C2Tx/PEDOT:PSS,,stated,LiF/HCl etching and filtration with PEDOT:PSS,,stated,,,stated,,,,stated,,,,stated,,,,stated,,,,stated,,,,stated,,,stated,,,,derived,,1 M H2SO4,,derived,,,stated,,,,stated,,,,stated,,,,stated,,,,stated,,,,stated,,True,Primary formula 'Ti3C2Tx' contains Ti3C2 (Ti3C2Tx or Ti3C2).,True,Synthesis explicitly mentions both LiF and HCl.,True,Electrolyte explicitly mentions H2SO4 (sulfuric acid).,PASS,Passes all criteria.
c8dt04374d.pdf,c8dt04374d.pdf,10.1039/c8dt04374d,2019,Li et al.,Ti3C2Tx/P-200-H,composite,False,Ti3C2Tx,,stated,Ti3C2Tx/PEDOT:PSS,,stated,"LiF/HCl etching, PEDOT:PSS blending, and concentrated H2SO4 treatment",,stated,,,stated,,,,stated,,,,stated,,,,stated,,,,stated,,,,stated,,,stated,,,,derived,,1 M H2SO4,,derived,,,stated,,,,stated,,,,stated,,,,stated,,,,stated,,,,stated,,True,Primary formula 'Ti3C2Tx' contains Ti3C2 (Ti3C2Tx or Ti3C2).,True,Synthesis explicitly mentions both LiF and HCl.,True,Electrolyte explicitly mentions H2SO4 (sulfuric acid).,PASS,Passes all criteria.
c8nr01550c.pdf,c8nr01550c.pdf,10.1039/c8nr01550c,2018,Fan et al.,pure MXene film,control,False,Ti3C2Tx,,stated,"Ti3C2Tx (-OH, -O, -F)",,stated,HCl/LiF minimally intensive layer delamination (MILD),,stated,monolayer nanosheets,,derived,,1.24,nm,stated,,up to several micrometers,,derived,,,,stated,,,,stated,,,,stated,13,μm,stated,,1.0,mg/cm2,figure,"[UNVERIFIED] Figure 5e ('Effects of areal mass loading on the volumetric capacitance of the MXene film and MP-MX1.5'), left-most red 'MXene film' marker. x-axis calibrated on the 14 inward ticks (0 at x=448.5 px, 14 mg cm-2 at x=1880.5 px, 800 dpi render); marker centre x=555 px -> 1.04 mg cm-2. Identified as the standard electrode because its y value (1089 F cm-3) equals the stated 288 F g-1 x 3.8 g cm-3 = 1094 F cm-3. NOTE: this is inconsistent with a 13 um film (13 um x 3.8 g cm-3 would be 4.9 mg cm-2), so the 13 um figure quoted elsewhere in the paper is not the tested electrode. [+-10%]",3 M H2SO4 aqueous electrolyte,,derived,1.5,m2 g−1,stated,,,,stated,,0.5,A g−1,stated,,288,F g−1,stated,,1094,F/cm3,derived,"[UNVERIFIED] C_v = C_g x density, the paper's own formula ('Cvol (F cm-3) = rho x Cs'). Stated: 'the pure MXene film (288 F g-1)' at 0.5 A g-1, and 'The density of the as-prepared pure MXene film reached 3.8 g cm-3'. 288 x 3.8 = 1094 F cm-3. Cross-check: the left-most point of the 'MXene film' curve in Fig. 5e reads 1089 F cm-3 (0.5% agreement). [+-2%]",300,mF/cm2,derived,"[UNVERIFIED] C_areal = C_g x areal mass = 288 F g-1 (stated, at 0.5 A g-1) x 1.04 mg cm-2 (Fig. 5e read, see mass_loading entry) = 0.300 F cm-2 = 300 mF cm-2. Equivalent route: 1094 F cm-3 x (1.04e-3/3.8) cm = 0.30 F cm-2. Condition: 0.5 A g-1 (already recorded in this row). [+-12%]",True,Primary formula 'Ti3C2Tx' contains Ti3C2 (Ti3C2Tx or Ti3C2).,True,Synthesis explicitly mentions both LiF and HCl.,True,Electrolyte explicitly mentions H2SO4 (sulfuric acid).,PASS,Passes all criteria.
c8nr06014b.pdf,c8nr06014b.pdf,10.1039/c8nr06014b,2018,Wang et al.,Ti3C2Tx aerogel,primary,True,Ti3C2Tx,,stated,N-doped Ti3C2Tx aerogel,,stated,LiF/HCl mild etching followed by thiourea dioxide/ammonia-assisted thermal gelation and freeze-drying,,stated,,,stated,,,,stated,,,,stated,,,,stated,,∼3.9,nm,stated,,,,stated,,,stated,,0.14,mg cm−2,stated,,3 M H2SO4 aqueous solution,,derived,108,m2 g−1,stated,,10,mV s−1,stated,,,,stated,,438,F g−1,stated,,11.8,F cm-3,derived,"[UNVERIFIED] Density stated in text: ""a free-standing and ultralight porous Ti3C2Tx aerogel with a density of ~27 mg cm-3 is obtained"" (p.3). C_v = C_g x density = 438 F g-1 x 0.027 g cm-3 = 11.83 F cm-3, at the same condition as the row's gravimetric value (10 mV s-1). Paper itself never reports a volumetric capacitance. [+-5%]",61,mF cm-2,derived,"[UNVERIFIED] C_a = C_g x mass loading = 438 F g-1 (10 mV s-1) x 0.14 mg cm-2 = 61.3 mF cm-2. Mass loading is stated (""the electrode with a low mass loading (0.14 mg cm-2)"") and is consistent with the Experimental section (~0.01 mg of aerogel on a 3 mm GCE = 0.0707 cm2 -> 0.141 mg cm-2). Condition = 10 mV s-1, same as the row's scan_rate. Paper never reports an areal capacitance. [+-5%]",True,Primary formula 'Ti3C2Tx' contains Ti3C2 (Ti3C2Tx or Ti3C2).,True,Synthesis explicitly mentions both LiF and HCl.,True,Electrolyte explicitly mentions H2SO4 (sulfuric acid).,PASS,Passes all criteria.
c8nr06014b.pdf,c8nr06014b.pdf,10.1039/c8nr06014b,2018,Wang et al.,pure Ti3C2Tx electrode,control,False,Ti3C2Tx,,stated,pure Ti3C2Tx,,stated,LiF/HCl mild etching,,derived,,,stated,,,,stated,,,,stated,,,,stated,,,,stated,,,,stated,,,stated,,,,stated,,3 M H2SO4 aqueous solution,,derived,,,stated,,10,mV s−1,stated,,,,stated,,231,F g−1,stated,,,,stated,,,,stated,,True,Primary formula 'Ti3C2Tx' contains Ti3C2 (Ti3C2Tx or Ti3C2).,True,Synthesis explicitly mentions both LiF and HCl.,True,Electrolyte explicitly mentions H2SO4 (sulfuric acid).,PASS,Passes all criteria.
ChemElectroChem - 2021 - Abdolhosseinzadeh - Coating Porous MXene Films with Tunable Porosity for High‐Performance.pdf,ChemElectroChem - 2021 - Abdolhosseinzadeh - Coating Porous MXene Films with Tunable Porosity for High‐Performance.pdf,10.1002/celc.202100558,2021,Abdolhosseinzadeh et al.,Pristine MXene film (2.11 g/cm3),control,False,Ti3C2Tx,,stated,Ti3C2Tx,,stated,LiF/HCl MILD etching; vortex delamination,,stated,single/few-layer,,stated,,12.1,Å,derived,"[UNVERIFIED] Bragg's law applied to the text-stated (002) position: 'As shown in figure 2a, the characteristic peaks of Ti3AlC2 MAX phase have disappeared and a strong peak at about 7.3° has evolved, which is attributed to the (002) plane of Ti3C2Tx MXene'. d = 1.5406/(2*sin(3.65°)) = 12.10 Å. Material-level: a single XRD of the delaminated Ti3C2Tx used to make all four films; no per-film (002) is reported. [+-3%]",,,uncertain,,59,%,derived,"[UNVERIFIED] Authors' own convention: 'The lowest achievable density was 1.15 g/cm3, which corresponds to ~80% porosity (considering the theoretical density of the -OH terminated Ti3C2; 5.2 g/cm3)'. Applying 1 - rho/5.2 to this film: 1 - 2.11/5.2 = 0.594 = 59.4%. The same formula reproduces the paper's stated 72% for the 1.44 g/cm3 film (1 - 1.44/5.2 = 72.3%). [+-4%]",10–70,nm,stated,"[UNVERIFIED] 'The hysteresis loops in type IV physisorption isotherms (Figure 3i) suggest a mesoporous structure with pore sizes mainly ranging from 10-70 nm (Figure 3i-inset).' SERIES-LEVEL: one range quoted for the BET set covering all four films (Figure 3i legend lists 95.6/62.1/24.3/10.5 m2/g), not a per-sample value.",,,uncertain,,,uncertain,,1.26,mg/cm2,derived,"[UNVERIFIED] C_areal / C_gravimetric from the three text-stated pairs: 193 mF/cm2 / 153 F/g = 1.261; 241/192 = 1.255; 138/110 = 1.255 mg/cm2 - i.e. the authors normalised every device with the same areal MXene mass. Supported by 'The thickness of the wet films was adjusted to deposit similar amounts of MXene to ensure a fair comparison' and Figure 4e caption 'note that all films have similar amounts of MXene'. This is MXene mass per device footprint area (1 cm2 footprint), the quantity used for the paper's own gravimetric normalisation. [+-5%]",H2SO4-PVA gel electrolyte,,derived,10.5,m2/g,stated,,5,mV/s,stated,,,,stated,,153,F/g,stated,,323,F/cm3,derived,"[UNVERIFIED] C_v = C_g * film density = 153 F/g (text-stated, 5 mV/s) * 2.11 g/cm3 (film density printed in the sample label and in the text) = 322.8 F/cm3. [+-3%]",193,mF/cm2,stated,,True,Primary formula 'Ti3C2Tx' contains Ti3C2 (Ti3C2Tx or Ti3C2).,True,Synthesis explicitly mentions both LiF and HCl.,True,Electrolyte explicitly mentions H2SO4 (sulfuric acid).,PASS,Passes all criteria.
ChemElectroChem - 2021 - Abdolhosseinzadeh - Coating Porous MXene Films with Tunable Porosity for High‐Performance.pdf,ChemElectroChem - 2021 - Abdolhosseinzadeh - Coating Porous MXene Films with Tunable Porosity for High‐Performance.pdf,10.1002/celc.202100558,2021,Abdolhosseinzadeh et al.,Porous MXene film (1.78 g/cm3),variant,False,Ti3C2Tx,,stated,Ti3C2Tx,,stated,LiF/HCl MILD etching; vortex delamination; 3.5 wt.% urea space-holder,,stated,single/few-layer,,stated,,12.1,Å,derived,"[UNVERIFIED] Bragg's law on the text-stated (002) of the delaminated Ti3C2Tx: 'a strong peak at about 7.3° ... attributed to the (002) plane of Ti3C2Tx MXene' (Figure 2a). d = 1.5406/(2*sin(3.65°)) = 12.10 Å. Material-level, not per-film. [+-3%]",,,uncertain,,66,%,derived,"[UNVERIFIED] 1 - 1.78/5.2 = 0.658 = 65.8%, using the authors' theoretical density of 5.2 g/cm3 for -OH terminated Ti3C2 (same formula that reproduces their stated 72% for 1.44 g/cm3 and ~80% for 1.15 g/cm3). [+-4%]",10–70,nm,stated,"[UNVERIFIED] '... a mesoporous structure with pore sizes mainly ranging from 10-70 nm (Figure 3i-inset).' SERIES-LEVEL: quoted once for the whole BET set of four films, not per-sample.",,,uncertain,,,uncertain,,1.26,mg/cm2,derived,"[UNVERIFIED] Same single areal mass used for all four devices, obtained as C_areal/C_gravimetric on the three text-stated pairs (193/153 = 1.261; 241/192 = 1.255; 138/110 = 1.255 mg/cm2); 'all films have similar amounts of MXene' (Figure 4e caption). MXene mass per device footprint area, not per-electrode geometric area. [+-5%]",H2SO4-PVA gel electrolyte,,derived,24.3,m2/g,stated,,5,mV/s,uncertain,,,,uncertain,,169,F/g,derived,"[UNVERIFIED] 212.8 mF/cm2 (Figure 4c read above, 5 mV/s) divided by the 1.255 mg/cm2 areal mass common to all four devices = 169.6 F/g. Cross-checked independently on Figure 4d (specific capacitance vs film density, 5 mV/s trace): raw read at 1.78 g/cm3 = 177 F/g, but that panel reads uniformly +4.6% high against its own three text-anchored points (reads 115.2/200.8/160.8 vs stated 110/192/153); applying that correction gives 169 F/g. The two routes agree. [+-4%]",301,F/cm3,derived,"[UNVERIFIED] C_v = C_g * film density = 169 F/g (derived above from Figure 4c areal / areal mass, 5 mV/s) * 1.78 g/cm3 = 300.8 F/cm3. [+-5%]",213,mF/cm2,figure,"[UNVERIFIED] Figure 4c (areal capacitance vs scan rate), purple 1.78 g/cm3 curve, first point at 5 mV/s. Pixel calibration on the y-axis ticks (250 at y=320, 75 at y=1325 px); marker centre y=533.5 -> 212.8 mF/cm2. Calibration exactly validated on the same panel and same scan rate: 2.11 g/cm3 reads 192.8 (text 193), 1.15 g/cm3 reads 138.0 (text 138), 1.44 g/cm3 matches 241. [+-2%]",True,Primary formula 'Ti3C2Tx' contains Ti3C2 (Ti3C2Tx or Ti3C2).,True,Synthesis explicitly mentions both LiF and HCl.,True,Electrolyte explicitly mentions H2SO4 (sulfuric acid).,PASS,Passes all criteria.
ChemElectroChem - 2021 - Abdolhosseinzadeh - Coating Porous MXene Films with Tunable Porosity for High‐Performance.pdf,ChemElectroChem - 2021 - Abdolhosseinzadeh - Coating Porous MXene Films with Tunable Porosity for High‐Performance.pdf,10.1002/celc.202100558,2021,Abdolhosseinzadeh et al.,Porous MXene film (1.44 g/cm3),primary,True,Ti3C2Tx,,stated,Ti3C2Tx,,stated,LiF/HCl MILD etching; vortex delamination; 4.5 wt.% urea space-holder,,stated,single/few-layer,,stated,,12.1,Å,derived,"[UNVERIFIED] Bragg's law on the text-stated (002) of the delaminated Ti3C2Tx: 'a strong peak at about 7.3° ... attributed to the (002) plane of Ti3C2Tx MXene' (Figure 2a). d = 1.5406/(2*sin(3.65°)) = 12.10 Å. Material-level, not per-film. [+-3%]",,,uncertain,,72,%,stated,,10–70,nm,stated,"[UNVERIFIED] '... a mesoporous structure with pore sizes mainly ranging from 10-70 nm (Figure 3i-inset).' SERIES-LEVEL: quoted once for the whole BET set of four films, not per-sample.",,,uncertain,,,uncertain,,1.26,mg/cm2,derived,"[UNVERIFIED] 241 mF/cm2 / 192 F/g = 1.255 mg/cm2 directly for this film; the same ratio holds for the other two text-stated pairs (193/153, 138/110), consistent with 'all films have similar amounts of MXene'. MXene mass per device footprint area. [+-5%]",H2SO4-PVA gel electrolyte,,derived,62.1,m2/g,stated,,5,mV/s,stated,,,,stated,,192,F/g,stated,,276,F/cm3,derived,"[UNVERIFIED] C_v = C_g * film density = 192 F/g (text-stated, 5 mV/s) * 1.44 g/cm3 = 276.5 F/cm3. [+-3%]",241,mF/cm2,stated,,True,Primary formula 'Ti3C2Tx' contains Ti3C2 (Ti3C2Tx or Ti3C2).,True,Synthesis explicitly mentions both LiF and HCl.,True,Electrolyte explicitly mentions H2SO4 (sulfuric acid).,PASS,Passes all criteria.
ChemElectroChem - 2021 - Abdolhosseinzadeh - Coating Porous MXene Films with Tunable Porosity for High‐Performance.pdf,ChemElectroChem - 2021 - Abdolhosseinzadeh - Coating Porous MXene Films with Tunable Porosity for High‐Performance.pdf,10.1002/celc.202100558,2021,Abdolhosseinzadeh et al.,Porous MXene film (1.15 g/cm3),variant,False,Ti3C2Tx,,stated,Ti3C2Tx,,stated,LiF/HCl MILD etching; vortex delamination; 6.5 wt.% urea space-holder,,stated,single/few-layer,,stated,,12.1,Å,derived,"[UNVERIFIED] Bragg's law on the text-stated (002) of the delaminated Ti3C2Tx: 'a strong peak at about 7.3° ... attributed to the (002) plane of Ti3C2Tx MXene' (Figure 2a). d = 1.5406/(2*sin(3.65°)) = 12.10 Å. Material-level, not per-film. [+-3%]",,,uncertain,,80,%,stated,,10–70,nm,stated,"[UNVERIFIED] '... a mesoporous structure with pore sizes mainly ranging from 10-70 nm (Figure 3i-inset).' SERIES-LEVEL: quoted once for the whole BET set of four films, not per-sample.",,,uncertain,,,uncertain,,1.26,mg/cm2,derived,"[UNVERIFIED] 138 mF/cm2 / 110 F/g = 1.255 mg/cm2 directly for this film; the same ratio holds for the other two text-stated pairs, consistent with 'all films have similar amounts of MXene'. MXene mass per device footprint area. [+-5%]",H2SO4-PVA gel electrolyte,,derived,95.6,m2/g,stated,,5,mV/s,stated,,,,stated,,110,F/g,stated,,127,F/cm3,derived,"[UNVERIFIED] C_v = C_g * film density = 110 F/g (text-stated, 5 mV/s) * 1.15 g/cm3 = 126.5 F/cm3. [+-3%]",138,mF/cm2,stated,,True,Primary formula 'Ti3C2Tx' contains Ti3C2 (Ti3C2Tx or Ti3C2).,True,Synthesis explicitly mentions both LiF and HCl.,True,Electrolyte explicitly mentions H2SO4 (sulfuric acid).,PASS,Passes all criteria.
couly2017.pdf,couly2017.pdf,10.1002/aelm.201700339,2017,Couly et al.,asymmetric interdigitated MSC,primary,True,Ti3C2Tx,,stated,Ti3C2Tx MXene (negative electrode) and rGO (positive electrode),,stated,LiF/HCl minimally intensive layer delamination (MILD); sequential spray coating,,stated,delaminated Ti3C2Tx; restacked graphene layers,,derived,,12.62 (Ti3C2Tx); 3.88 (rGO),Å,derived,,,,stated,,,,stated,,,,stated,,,,stated,≈300,nm,derived,,around 100,µg cm−2,uncertain,,1 M PVA/H2SO4 gel electrolyte,,derived,,,stated,,2,mV s−1,stated,,,,uncertain,,,,stated,,80,F cm−3,stated,,2.4,mF cm−2,stated,,True,Primary formula 'Ti3C2Tx' contains Ti3C2 (Ti3C2Tx or Ti3C2).,True,Synthesis explicitly mentions both LiF and HCl.,True,Electrolyte explicitly mentions H2SO4 (sulfuric acid).,PASS,Passes all criteria.
couly2017.pdf,couly2017.pdf,10.1002/aelm.201700339,2017,Couly et al.,asymmetric sandwich MSC,variant,False,Ti3C2Tx,,stated,rGO//Ti3C2Tx MXene,,stated,LiF/HCl minimally intensive layer delamination (MILD); spray coating,,derived,delaminated Ti3C2Tx; restacked graphene layers,,derived,,12.62 (Ti3C2Tx); 3.88 (rGO),Å,derived,,,,stated,,,,stated,,,,stated,,,,stated,≈300,nm,stated,,around 100,µg cm−2,uncertain,,1 M PVA/H2SO4 gel electrolyte,,derived,,,stated,,,,stated,,,,stated,,,,stated,,,,stated,,,,stated,,True,Primary formula 'Ti3C2Tx' contains Ti3C2 (Ti3C2Tx or Ti3C2).,True,Synthesis explicitly mentions both LiF and HCl.,True,Electrolyte explicitly mentions H2SO4 (sulfuric acid).,PASS,Passes all criteria.
couly2017.pdf,couly2017.pdf,10.1002/aelm.201700339,2017,Couly et al.,all-MXene symmetric interdigitated MSC,control,False,Ti3C2Tx,,stated,Ti3C2Tx MXene,,stated,LiF/HCl minimally intensive layer delamination (MILD); sequential Ti3C2Tx spray coating,,stated,delaminated,,derived,,12.62,Å,derived,,,,stated,,,,stated,,,,stated,,,,stated,≈300,nm,derived,,around 100,µg cm−2,uncertain,,1 M PVA/H2SO4 gel electrolyte,,derived,,,stated,,2,mV s−1,stated,,,,stated,,,,stated,,76,F cm-3,figure,[UNVERIFIED] Same panel (Figure 4c) carries a right-hand Volumetric Capacitance axis locked to the left axis at 33.3 F cm-3 per mF cm-2 (i.e. division by the 300 nm film thickness; check: the stated pair 2.4 mF cm-2 <-> 80 F cm-3 gives the same ratio). 2.27 mF cm-2 x 33.3 = 75.6 -> 76 F cm-3 at 2 mV s-1. [+-10%],2.3,mF cm-2,figure,"[UNVERIFIED] Figure 4c (p.5), blue ""Symmetric"" CV at 2 mV s-1; the y-axis of this panel is already normalised as Areal Capacitance (mF/cm2). Axes calibrated on the printed ticks (y: 4..-3 at 8 ticks, 238.9 px/unit; x: 0.0-1.0 V). Device capacitance taken as (1/2dV) * closed-loop integral: raw 2.37 mF cm-2. Same procedure applied to the black ""Asymmetric"" loop in the same panel gives 2.51 vs the text-stated 2.4 mF cm-2, so a 0.958 bias factor (line/marker half-width) was applied: 2.37 x 0.958 = 2.27 -> 2.3 mF cm-2. Device (2-electrode) value, matching the row, which is itself a device. [+-10%]",True,Primary formula 'Ti3C2Tx' contains Ti3C2 (Ti3C2Tx or Ti3C2).,True,Synthesis explicitly mentions both LiF and HCl.,True,Electrolyte explicitly mentions H2SO4 (sulfuric acid).,PASS,Passes all criteria.
d5ta06789h.pdf,d5ta06789h.pdf,10.1039/d5ta06789h,2026,Duong et al.,pristine MXene electrode,control,False,Ti3C2Tx,,stated,Ti3C2Tx,,stated,"LiF/HCl etching (MILD), followed by delamination and DMSO solvent exchange",,stated,single- or few-layered,,stated,,13.7,Å,stated,,,,stated,,,,stated,,,,stated,,,,stated,,,stated,,1,mg cm−2,derived,,1 M H2SO4,,derived,,,stated,,5,mV s-1,stated,"[UNVERIFIED] ""The maximum gravimetric specific capacitances of the pure MXene, PVDF-MXene, and AFAO-MXene electrodes, achieved at a low scan rate of 5 mV s-1, were 202.7 F g-1, 138.8 F g-1 and 219.1 F g-1, respectively."" (p.6). Also ""All the scan rates of CV were tested from 5 mV s-1 to 150 mV s-1"".",1,A g−1,stated,,234.5,F g−1,stated,,,,stated,,234.5,mF cm-2,derived,"[UNVERIFIED] C_a = C_g x mass loading = 234.5 F g-1 (at 1 A g-1) x 1 mg cm-2 = 0.2345 F cm-2 = 234.5 mF cm-2. Loading stated: ""The mass loading was maintained at 1 mg cm-2"" and ""drop-casting the dispersion onto a PET substrate with the same mass loading as the PVDF-MXene and AFAO-MXene electrodes"" (Experimental). Condition = 1 A g-1, the row's current_density. Paper never reports areal capacitance.",True,Primary formula 'Ti3C2Tx' contains Ti3C2 (Ti3C2Tx or Ti3C2).,True,Synthesis explicitly mentions both LiF and HCl.,True,Electrolyte explicitly mentions H2SO4 (sulfuric acid).,PASS,Passes all criteria.
d5ta06789h.pdf,d5ta06789h.pdf,10.1039/d5ta06789h,2026,Duong et al.,PVDF-MXene electrode,control,False,Ti3C2Tx,,derived,PVDF-MXene (PVDF:Ti3C2Tx = 1:10 mass ratio),,stated,"LiF/HCl etching (MILD), delamination, DMSO dispersion, and PVDF mixing",,derived,single- or few-layered,,derived,,13.3,A,figure,"[UNVERIFIED] Fig. 3a (p.3) XRD: each trace carries a printed d-spacing label next to its (002) peak. Reading the labels top-to-bottom: AFAO-MXene (magenta) 1.60 nm, PVDF-MXene (green) 1.33 nm, exfoliated MXene (blue) 1.37 nm, multilayer MXene (red) 1.08 nm, MAX (black) 0.93 nm. Two of these labels reproduce the text exactly (16.0 A for AFAO, 13.7 A for exfoliated), confirming the assignment; PVDF-MXene = 1.33 nm = 13.3 A. Consistent with the text statement that for PVDF-MXene ""the interlayer d-spacing remains nearly unchanged compared to the exfoliated MXene"". [+-1%]",,,stated,,,,stated,,,,stated,,,,stated,,,stated,,1,mg cm−2,derived,,1 M H2SO4,,derived,,,stated,,5,mV s-1,stated,"[UNVERIFIED] Same sentence: ""...achieved at a low scan rate of 5 mV s-1, were 202.7 F g-1, 138.8 F g-1 and 219.1 F g-1, respectively."" (p.6).",1,A g−1,stated,,146.9,F g−1,stated,,,,stated,,146.9,mF cm-2,derived,"[UNVERIFIED] C_a = 146.9 F g-1 (at 1 A g-1) x 1 mg cm-2 = 146.9 mF cm-2. Loading from ""The mass loading was maintained at 1 mg cm-2"". Extra uncertainty flagged because for this sample the 1 mg cm-2 may include the 1:10 PVDF binder while C_g is per active mass. [+-5%]",True,Primary formula 'Ti3C2Tx' contains Ti3C2 (Ti3C2Tx or Ti3C2).,True,Synthesis explicitly mentions both LiF and HCl.,True,Electrolyte explicitly mentions H2SO4 (sulfuric acid).,PASS,Passes all criteria.
d5ta06789h.pdf,d5ta06789h.pdf,10.1039/d5ta06789h,2026,Duong et al.,AFAO-MXene electrode,primary,True,Ti3C2Tx,,stated,AFAO-MXene (AFAO:Ti3C2Tx = 1:10 mass ratio),,stated,"LiF/HCl etching (MILD), delamination, DMSO solvent exchange, and AFAO alkoxysilane surface modification",,stated,monolayer,,stated,,16.0,Å,stated,,,,stated,,,,stated,,,,stated,,,,stated,,,stated,,1,mg cm−2,derived,,1 M H2SO4,,derived,,,stated,,5,mV s−1,stated,,1,A g−1,stated,,219.1,F g−1,stated,,,,stated,,219.1,mF cm-2,derived,"[UNVERIFIED] C_a = 219.1 F g-1 x 1 mg cm-2 = 219.1 mF cm-2. Note the 219.1 F g-1 in this row is the 5 mV s-1 CV value (""...achieved at a low scan rate of 5 mV s-1, were 202.7, 138.8 and 219.1 F g-1""), so this areal value is at 5 mV s-1, not at 1 A g-1 (where the text gives 208.3 F g-1). [+-3%]",True,Primary formula 'Ti3C2Tx' contains Ti3C2 (Ti3C2Tx or Ti3C2).,True,Synthesis explicitly mentions both LiF and HCl.,True,Electrolyte explicitly mentions H2SO4 (sulfuric acid).,PASS,Passes all criteria.
d6ta00010j.pdf,d6ta00010j.pdf,10.1039/d6ta00010j,2026,Zifang Zhao et al.,MXene films,control,False,Ti3C2Tx,,stated,"Ti3C2Tx (T = -F, -O, -OH)",,stated,LiF/HCl selective etching; vacuum filtration,,stated,ultrathin,,stated,,13.6,Å,derived,"Text (Fig. 2b): ""A distinct peak shift of the (002) peak from 9.5° to 6.5° was observed, indicating the increase in interlayer space."" Bragg: d = 1.5406/(2*sin(6.5/2 °)) = 1.5406/(2*0.05669) = 13.59 Å. Cross-check: I extracted Fig. 2b computationally (axis calibrated on the 5/15/25/35/45/55° ticks) and got the Ti3C2Tx (002) apex at 6.51° and the Ti3AlC2 (002) at 9.50°, i.e. the method reproduces both text-stated angles exactly. The 'MXene film' curve in Fig. 3a independently reads 6.40-6.44° (13.7-13.8 Å), agreeing within ~1.5%. [+-3%]",less than 1,μm,stated,,,,stated,,,,stated,,,,stated,5.3,μm,stated,,,,uncertain,,1 M H2SO4,,derived,4.79,m2 g−1,stated,,2,mV/s,figure,Fig 5f x-axis at leftmost plotted point,,,uncertain,,192,F/g,figure,Fig 5f rate plot at 2 mV/s; +-3%,,,uncertain,,,,uncertain,,True,Primary formula 'Ti3C2Tx' contains Ti3C2 (Ti3C2Tx or Ti3C2).,True,Synthesis explicitly mentions both LiF and HCl.,True,Electrolyte explicitly mentions H2SO4 (sulfuric acid).,PASS,Passes all criteria.
d6ta00010j.pdf,d6ta00010j.pdf,10.1039/d6ta00010j,2026,Zifang Zhao et al.,MH1,variant,False,Ti3C2Tx,,stated,"Ti3C2Tx (T = -F, -O, -OH)",,stated,LiF/HCl selective etching; hydrazine-induced foaming (1 mL cm−2),,stated,ultrathin,,derived,,13.9,Å,figure,"[UNCONFIRMED] Fig. 3a (XRD of MXene film + MH1-20), blue curve. Axis calibrated on the 10/20/30/40/50/60° tick marks (43.95 px/deg at 1600 dpi); peak located by linear-background-subtracted centroid + half-max midpoint of the topmost-pixel profile: 2theta = 6.33-6.37° -> d = 13.87-13.96 Å. Same pipeline reproduces the text-stated 6.5°/9.5° of Fig. 2b exactly. NOTE: the paper states for this series ""the characteristic (002) peak demonstrates little shift, indicating that the foaming process does not affect the layer space"" - all MHx and the MXene film fall in 13.5-14.0 Å, so the small differences between MH members are at the edge of reading precision and should not be treated as a real ordering. [+-3%]",less than 1,μm,derived,,,,stated,,larger than 2,μm,derived,,,,stated,,,uncertain,,,,uncertain,,1 M H2SO4,,derived,,,stated,,,,uncertain,,,,uncertain,,,,uncertain,,,,uncertain,,,,uncertain,,True,Primary formula 'Ti3C2Tx' contains Ti3C2 (Ti3C2Tx or Ti3C2).,True,Synthesis explicitly mentions both LiF and HCl.,True,Electrolyte explicitly mentions H2SO4 (sulfuric acid).,PASS,Passes all criteria.
d6ta00010j.pdf,d6ta00010j.pdf,10.1039/d6ta00010j,2026,Zifang Zhao et al.,MH5,variant,False,Ti3C2Tx,,stated,"Ti3C2Tx (T = -F, -O, -OH)",,stated,LiF/HCl selective etching; hydrazine-induced foaming (5 mL cm−2),,stated,ultrathin,,derived,,13.6,Å,figure,"[UNCONFIRMED] Fig. 3a, magenta curve; same calibrated pipeline as MH1. 2theta = 6.47-6.49° -> d = 13.60-13.66 Å. Paper states the MHx (002) shows ""little shift"" vs the MXene film; whole MH series reads 13.5-14.0 Å, differences within reading precision. [+-3%]",less than 1,μm,derived,,,,stated,,larger than 2,μm,derived,,,,stated,129.1,μm,stated,,,,uncertain,,1 M H2SO4,,derived,7.42,m2 g−1,stated,,2,mV/s,figure,Fig 5c/5f x-axis at leftmost plotted point,,,uncertain,,226,F/g,figure,"Fig 5c+5f rate plot, leftmost point (2 mV/s); mean of two independent panel reads (223, 228); +-3%",,,uncertain,,,,uncertain,,True,Primary formula 'Ti3C2Tx' contains Ti3C2 (Ti3C2Tx or Ti3C2).,True,Synthesis explicitly mentions both LiF and HCl.,True,Electrolyte explicitly mentions H2SO4 (sulfuric acid).,PASS,Passes all criteria.
d6ta00010j.pdf,d6ta00010j.pdf,10.1039/d6ta00010j,2026,Zifang Zhao et al.,MH10,variant,False,Ti3C2Tx,,stated,"Ti3C2Tx (T = -F, -O, -OH)",,stated,LiF/HCl selective etching; hydrazine-induced foaming (10 mL cm−2),,stated,ultrathin,,derived,,13.7,Å,figure,"[UNCONFIRMED] Fig. 3a, dark-green curve; same calibrated pipeline. 2theta = 6.44-6.49° -> d = 13.60-13.71 Å. Paper: MHx (002) shows ""little shift"" (foaming does not affect layer space); series spans 13.5-14.0 Å, intra-series differences within reading precision. [+-3%]",less than 1,μm,derived,,,,stated,,larger than 2,μm,derived,,,,stated,,,stated,,,,uncertain,,1 M H2SO4,,derived,,,stated,,,,uncertain,,,,uncertain,,,,uncertain,,,,uncertain,,,,uncertain,,True,Primary formula 'Ti3C2Tx' contains Ti3C2 (Ti3C2Tx or Ti3C2).,True,Synthesis explicitly mentions both LiF and HCl.,True,Electrolyte explicitly mentions H2SO4 (sulfuric acid).,PASS,Passes all criteria.
d6ta00010j.pdf,d6ta00010j.pdf,10.1039/d6ta00010j,2026,Zifang Zhao et al.,MH20,variant,False,Ti3C2Tx,,stated,"Ti3C2Tx (T = -F, -O, -OH)",,stated,LiF/HCl selective etching; hydrazine-induced foaming (20 mL cm−2),,stated,ultrathin,,derived,,13.5,Å,figure,"[UNCONFIRMED] Fig. 3a, orange curve; same calibrated pipeline. 2theta = 6.49-6.55° -> d = 13.49-13.61 Å. Paper: MHx (002) shows ""little shift""; series spans 13.5-14.0 Å, intra-series differences within reading precision. [+-3%]",less than 1,μm,derived,,,,stated,,larger than 2,μm,derived,,,,stated,,,stated,,,,uncertain,,1 M H2SO4,,derived,,,stated,,,,uncertain,,,,uncertain,,,,uncertain,,,,uncertain,,,,uncertain,,True,Primary formula 'Ti3C2Tx' contains Ti3C2 (Ti3C2Tx or Ti3C2).,True,Synthesis explicitly mentions both LiF and HCl.,True,Electrolyte explicitly mentions H2SO4 (sulfuric acid).,PASS,Passes all criteria.
d6ta00010j.pdf,d6ta00010j.pdf,10.1039/d6ta00010j,2026,Zifang Zhao et al.,MP1,composite,False,Ti3C2Tx,,stated,"Ti3C2Tx/PVA, 1 wt% PVA",,stated,LiF/HCl selective etching; PVA incorporation; vacuum filtration,,stated,ultrathin,,derived,,15.4,Å,figure,"[UNCONFIRMED] Fig. 3b (XRD of PVA, MXene film, MP1-20, MPH1-20), blue curve (3rd from bottom, above MXene film). Axis calibrated on the 10-60° ticks (43.85 px/deg at 1600 dpi); background-subtracted centroid and half-max midpoint both give 2theta = 5.71-5.72° -> d = 15.43-15.45 Å. Consistent with text: ""the layer space of the composite films increases with the increase in PVA content, as suggested by the obvious (002) peak shift to a lower angle"" (MP1<MP5<MP10<MP15<MP20 in 2theta order confirmed). [+-3%]",less than 1,μm,derived,,,,stated,,,,stated,,,,stated,,,stated,,,,uncertain,,1 M H2SO4,,derived,,,stated,,,,uncertain,,,,uncertain,,,,uncertain,,,,uncertain,,,,uncertain,,True,Primary formula 'Ti3C2Tx' contains Ti3C2 (Ti3C2Tx or Ti3C2).,True,Synthesis explicitly mentions both LiF and HCl.,True,Electrolyte explicitly mentions H2SO4 (sulfuric acid).,PASS,Passes all criteria.
d6ta00010j.pdf,d6ta00010j.pdf,10.1039/d6ta00010j,2026,Zifang Zhao et al.,MP5,composite,False,Ti3C2Tx,,stated,"Ti3C2Tx/PVA, 5 wt% PVA",,stated,LiF/HCl selective etching; PVA incorporation; vacuum filtration,,stated,ultrathin,,derived,,15.9,Å,figure,"[UNCONFIRMED] Fig. 3b, magenta curve; same calibrated pipeline. 2theta = 5.54-5.58° -> d = 15.82-15.94 Å. Matches the stated monotonic increase of layer space with PVA content. [+-3%]",less than 1,μm,derived,,,,stated,,,,stated,,,,stated,,,stated,,,,uncertain,,1 M H2SO4,,derived,,,stated,,,,uncertain,,,,uncertain,,,,uncertain,,,,uncertain,,,,uncertain,,True,Primary formula 'Ti3C2Tx' contains Ti3C2 (Ti3C2Tx or Ti3C2).,True,Synthesis explicitly mentions both LiF and HCl.,True,Electrolyte explicitly mentions H2SO4 (sulfuric acid).,PASS,Passes all criteria.
d6ta00010j.pdf,d6ta00010j.pdf,10.1039/d6ta00010j,2026,Zifang Zhao et al.,MP10,composite,False,Ti3C2Tx,,stated,"Ti3C2Tx/PVA, 10 wt% PVA",,stated,LiF/HCl selective etching; PVA incorporation; vacuum filtration,,stated,ultrathin,,derived,,17.1,Å,figure,"[UNCONFIRMED] Fig. 3b, green curve; same calibrated pipeline. 2theta = 5.17-5.18° -> d = 17.06 Å (both estimators agree). Matches the stated monotonic increase of layer space with PVA content. [+-3%]",less than 1,μm,derived,,,,stated,,,,stated,,,,stated,4.8,μm,stated,,,,uncertain,,1 M H2SO4,,derived,,,stated,,2,mV/s,figure,Fig 5f x-axis at leftmost plotted point,,,uncertain,,214,F/g,figure,Fig 5f rate plot at 2 mV/s; +-3%,,,uncertain,,,,uncertain,,True,Primary formula 'Ti3C2Tx' contains Ti3C2 (Ti3C2Tx or Ti3C2).,True,Synthesis explicitly mentions both LiF and HCl.,True,Electrolyte explicitly mentions H2SO4 (sulfuric acid).,PASS,Passes all criteria.
d6ta00010j.pdf,d6ta00010j.pdf,10.1039/d6ta00010j,2026,Zifang Zhao et al.,MP15,composite,False,Ti3C2Tx,,stated,"Ti3C2Tx/PVA, 15 wt% PVA",,stated,LiF/HCl selective etching; PVA incorporation; vacuum filtration,,stated,ultrathin,,derived,,18.7,Å,figure,"[UNCONFIRMED] Fig. 3b, navy curve; same calibrated pipeline. 2theta = 4.68-4.74° -> d = 18.62-18.85 Å. Weakest peak of the MP series (amplitude ~38 px), hence the larger uncertainty; value sits correctly between MP10 (17.1 Å) and MP20 (20.4 Å) in the stated monotonic trend. [+-5%]",less than 1,μm,derived,,,,stated,,,,stated,,,,stated,,,stated,,,,uncertain,,1 M H2SO4,,derived,,,stated,,,,uncertain,,,,uncertain,,,,uncertain,,,,uncertain,,,,uncertain,,True,Primary formula 'Ti3C2Tx' contains Ti3C2 (Ti3C2Tx or Ti3C2).,True,Synthesis explicitly mentions both LiF and HCl.,True,Electrolyte explicitly mentions H2SO4 (sulfuric acid).,PASS,Passes all criteria.
d6ta00010j.pdf,d6ta00010j.pdf,10.1039/d6ta00010j,2026,Zifang Zhao et al.,MP20,composite,False,Ti3C2Tx,,stated,"Ti3C2Tx/PVA, 20 wt% PVA",,stated,LiF/HCl selective etching; PVA incorporation; vacuum filtration,,stated,ultrathin,,derived,,20.4,Å,figure,"[UNCONFIRMED] Fig. 3b, violet curve; same calibrated pipeline. 2theta = 4.33-4.34° -> d = 20.34-20.38 Å. Largest layer space of the MP series, consistent with the stated increase with PVA content. [+-3%]",less than 1,μm,derived,,,,stated,,,,stated,,,,stated,,,stated,,,,uncertain,,1 M H2SO4,,derived,,,stated,,,,uncertain,,,,uncertain,,,,uncertain,,,,uncertain,,,,uncertain,,True,Primary formula 'Ti3C2Tx' contains Ti3C2 (Ti3C2Tx or Ti3C2).,True,Synthesis explicitly mentions both LiF and HCl.,True,Electrolyte explicitly mentions H2SO4 (sulfuric acid).,PASS,Passes all criteria.
d6ta00010j.pdf,d6ta00010j.pdf,10.1039/d6ta00010j,2026,Zifang Zhao et al.,MPH1,composite,False,Ti3C2Tx,,stated,"Ti3C2Tx/PVA, 1 wt% PVA",,stated,LiF/HCl selective etching; PVA incorporation; hydrazine-induced foaming (5 mL cm−2),,stated,ultrathin,,derived,,13.9,Å,figure,"[UNCONFIRMED] Fig. 3b, purple curve; same calibrated pipeline. 2theta = 6.36-6.38° -> d = 13.83-13.88 Å. Consistent with text: ""after treating the composite films with hydrazine, the (002) peak shifts to a higher angle"" (MPH1 6.36° vs MP1 5.71°). Caveat: MPH1-MPH15 peaks are weak/broad and read within ~0.1° of one another, i.e. essentially indistinguishable (~13.8-13.9 Å); no ordering should be inferred among them. [+-4%]",less than 1,μm,derived,,,,stated,,larger than 2,μm,derived,,,,stated,,,stated,,,,uncertain,,1 M H2SO4,,derived,,,stated,,2,mV/s,figure,Fig 5c x-axis at leftmost plotted point,,,uncertain,,230,F/g,figure,Fig 5c rate plot at 2 mV/s; panel calibrated on stated MPH10 240.77 F/g; +-3%,,,uncertain,,,,uncertain,,True,Primary formula 'Ti3C2Tx' contains Ti3C2 (Ti3C2Tx or Ti3C2).,True,Synthesis explicitly mentions both LiF and HCl.,True,Electrolyte explicitly mentions H2SO4 (sulfuric acid).,PASS,Passes all criteria.
d6ta00010j.pdf,d6ta00010j.pdf,10.1039/d6ta00010j,2026,Zifang Zhao et al.,MPH5,composite,False,Ti3C2Tx,,stated,"Ti3C2Tx/PVA, 5 wt% PVA",,stated,LiF/HCl selective etching; PVA incorporation; hydrazine-induced foaming (5 mL cm−2),,stated,ultrathin,,derived,,13.8,Å,figure,"[UNCONFIRMED] Fig. 3b, dark-red/maroon curve; same calibrated pipeline. 2theta = 6.39-6.45° -> d = 13.69-13.82 Å. Higher angle (smaller d) than MP5 (5.54-5.58°), as the text states for hydrazine-treated films. MPH1-MPH15 are within reading precision of each other (~13.8-13.9 Å); do not infer an ordering. [+-4%]",less than 1,μm,derived,,,,stated,,larger than 2,μm,derived,,,,stated,,,stated,,,,uncertain,,1 M H2SO4,,derived,,,stated,,2,mV/s,figure,Fig 5c x-axis at leftmost plotted point,,,uncertain,,239,F/g,figure,Fig 5c rate plot at 2 mV/s; +-3%,,,uncertain,,,,uncertain,,True,Primary formula 'Ti3C2Tx' contains Ti3C2 (Ti3C2Tx or Ti3C2).,True,Synthesis explicitly mentions both LiF and HCl.,True,Electrolyte explicitly mentions H2SO4 (sulfuric acid).,PASS,Passes all criteria.
d6ta00010j.pdf,d6ta00010j.pdf,10.1039/d6ta00010j,2026,Zifang Zhao et al.,MPH10,primary,True,Ti3C2Tx,,stated,"Ti3C2Tx/PVA, 10 wt% PVA",,stated,LiF/HCl selective etching; PVA incorporation; hydrazine-induced foaming (5 mL cm−2),,stated,ultrathin,,derived,,13.8,Å,figure,"[UNCONFIRMED] Fig. 3b, olive curve; same calibrated pipeline. Two estimators give 2theta = 6.33° and 6.44° -> d = 13.71-13.96 Å, so 13.8 ± 0.15 Å. Higher angle than MP10 (5.17°), as the text states for hydrazine-treated films. MPH1-MPH15 are within reading precision of each other; do not infer an ordering. [+-4%]",less than 1,μm,derived,,,,stated,,larger than 2,μm,derived,,,,stated,121.8,μm,stated,,1.1,mg cm−2,stated,,PVA/H2SO4 gel electrolyte,,stated,,,stated,,2,mV s−1,stated,,,,stated,,240.77,F g−1,stated,,44.06,F cm−3,stated,,264.84,mF cm−2,stated,,True,Primary formula 'Ti3C2Tx' contains Ti3C2 (Ti3C2Tx or Ti3C2).,True,Synthesis explicitly mentions both LiF and HCl.,True,Electrolyte explicitly mentions H2SO4 (sulfuric acid).,PASS,Passes all criteria.
d6ta00010j.pdf,d6ta00010j.pdf,10.1039/d6ta00010j,2026,Zifang Zhao et al.,MPH15,composite,False,Ti3C2Tx,,stated,"Ti3C2Tx/PVA, 15 wt% PVA",,stated,LiF/HCl selective etching; PVA incorporation; hydrazine-induced foaming (5 mL cm−2),,stated,ultrathin,,derived,,13.9,Å,figure,"[UNCONFIRMED] Fig. 3b, steel-blue curve; same calibrated pipeline. 2theta = 6.28-6.41° -> d = 13.78-14.06 Å. Very weak peak (amplitude ~25 px), hence 5% uncertainty. Higher angle than MP15 (4.68-4.74°), as the text states. MPH1-MPH15 are indistinguishable within reading precision (~13.8-13.9 Å). [+-5%]",less than 1,μm,derived,,,,stated,,larger than 2,μm,derived,,,,stated,,,stated,,,,uncertain,,1 M H2SO4,,derived,,,stated,,2,mV/s,figure,Fig 5c x-axis at leftmost plotted point,,,uncertain,,200,F/g,figure,Fig 5c rate plot at 2 mV/s; +-3%,,,uncertain,,,,uncertain,,True,Primary formula 'Ti3C2Tx' contains Ti3C2 (Ti3C2Tx or Ti3C2).,True,Synthesis explicitly mentions both LiF and HCl.,True,Electrolyte explicitly mentions H2SO4 (sulfuric acid).,PASS,Passes all criteria.
d6ta00010j.pdf,d6ta00010j.pdf,10.1039/d6ta00010j,2026,Zifang Zhao et al.,MPH20,composite,False,Ti3C2Tx,,stated,"Ti3C2Tx/PVA, 20 wt% PVA",,stated,LiF/HCl selective etching; PVA incorporation; hydrazine-induced foaming (5 mL cm−2),,stated,ultrathin,,derived,,14.3,Å,figure,"[UNCONFIRMED] Fig. 3b, teal curve (topmost); same calibrated pipeline. 2theta = 6.11-6.27° -> d = 14.08-14.46 Å. Weak peak (amplitude ~26 px), hence 5% uncertainty. It is the lowest-angle (largest d) member of the MPH series, and still far higher in angle than MP20 (4.33°), consistent with the text statement that hydrazine treatment shifts the (002) peak back to higher angle. [+-5%]",less than 1,μm,derived,,,,stated,,larger than 2,μm,derived,,,,stated,,,stated,,,,uncertain,,1 M H2SO4,,derived,,,stated,,2,mV/s,figure,Fig 5c x-axis at leftmost plotted point,,,uncertain,,197,F/g,figure,Fig 5c rate plot at 2 mV/s; +-3%,,,uncertain,,,,uncertain,,True,Primary formula 'Ti3C2Tx' contains Ti3C2 (Ti3C2Tx or Ti3C2).,True,Synthesis explicitly mentions both LiF and HCl.,True,Electrolyte explicitly mentions H2SO4 (sulfuric acid).,PASS,Passes all criteria.
em4045_down.pdf,em4045_down.pdf,10.20517/energymater.2024.45,2025,Yang et al.,p-MF,control,False,Ti3C2Tx,,stated,Ti3C2Tx,,stated,LiF/HCl etching followed by direct vacuum filtration,,stated,single or few-layer,,derived,,12.6,Å,stated,,,,uncertain,,,,uncertain,,,,uncertain,,,,uncertain,4.47 ± 0.29,μm,stated,,1.22,mg cm-2,derived,[UNVERIFIED] Free-standing film: loading = film density x film thickness. Both stated for this sample: density 2.74 +/- 0.12 g cm-3 (Figure 2B / text) and thickness 4.47 +/- 0.29 um (text). 2.74 g cm-3 x 4.47e-4 cm = 1.225e-3 g cm-2 = 1.22 mg cm-2. Paper never states a mass loading directly. [+-8%],3 M H2SO4,,derived,,,uncertain,,5,mV s-1,stated,,1,A g-1,stated,,258.8,F g-1,stated,,847.6,F cm-3,stated,,,,stated,,True,Primary formula 'Ti3C2Tx' contains Ti3C2 (Ti3C2Tx or Ti3C2).,True,Synthesis explicitly mentions both LiF and HCl.,True,Electrolyte explicitly mentions H2SO4 (sulfuric acid).,PASS,Passes all criteria.
em4045_down.pdf,em4045_down.pdf,10.20517/energymater.2024.45,2025,Yang et al.,a-MF,control,False,Ti3C2Tx,,stated,Ti3C2Tx,,stated,"LiF/HCl etching, vacuum filtration, and Ar annealing (400 °C, 2 h)",,stated,single or few-layer,,derived,,11.8,Å,stated,,,,uncertain,,,,uncertain,,,,uncertain,,,,uncertain,3.17 ± 0.16,μm,stated,,1.22,mg cm-2,derived,[UNVERIFIED] density x thickness = 3.86 +/- 0.17 g cm-3 x 3.17 +/- 0.16 um = 1.224 mg cm-2. Both values stated in the text/Figure 2B. [+-7%],3 M H2SO4,,derived,,,uncertain,,5,mV s-1,stated,,1,A g-1,stated,,325.7,F g-1,stated,,1290,F cm-3,figure,"[UNVERIFIED] Figure 3F (p.8), volumetric capacitance vs current density, first point at 1 A cm-3. Open-circle marker centres taken as the midpoint of the upper and lower arcs; axis calibrated on the 300/600/900/1200 F cm-3 ticks. Calibration check on the same panel at the same x: CDs-MF-1 1346.4 (text 1347.0), CDs-MF-2 1152.7 (text 1153.2), p-MF 846.9 (text 847.6). a-MF (gold) reads 1289.8 -> 1290 F cm-3 at 1 A cm-3. Cross-check: 1290 / 3.86 g cm-3 = 334 F g-1 at 0.26 A g-1, consistent with the stated 325.7 F g-1 at 1 A g-1. [+-2%]",,,stated,,True,Primary formula 'Ti3C2Tx' contains Ti3C2 (Ti3C2Tx or Ti3C2).,True,Synthesis explicitly mentions both LiF and HCl.,True,Electrolyte explicitly mentions H2SO4 (sulfuric acid).,PASS,Passes all criteria.
em4045_down.pdf,em4045_down.pdf,10.20517/energymater.2024.45,2025,Yang et al.,CDs-MF-1,variant,False,Ti3C2Tx,,stated,carbon dots-intercalated Ti3C2Tx,,stated,LiF/HCl etching; gelatin intercalation (3 wt.%); carbonization under Ar,,stated,single or few-layer,,derived,,11.9,A,figure,"[UNVERIFIED] Figure 2D (p.6), 'interlayer spacing (A)' bar chart. Bar tops located by pixel analysis and converted with the panel's own left-axis ticks (10 / 12 / 14 A). Calibration check on the same panel: p-MF 12.60 (text 12.6), a-MF 11.78 (text 11.8), CDs-MF-2 13.39 (text 13.4) - all within 0.02 A. CDs-MF-1 bar reads 11.86 A -> 11.9 A. Consistent with the text: ""The (002) peak of CDs-MF-1 ... exhibited a similar feature to that of the a-MF"". [+-1%]",,,uncertain,,,,uncertain,,,,uncertain,,,,uncertain,3.47 ± 0.13,μm,stated,,1.22,mg cm-2,derived,[UNVERIFIED] density x thickness = 3.52 +/- 0.15 g cm-3 x 3.47 +/- 0.13 um = 1.221 mg cm-2. Both values stated in the text/Figure 2B. [+-6%],3 M H2SO4,,derived,,,uncertain,,5,mV s-1,stated,,1,A g-1,stated,,381.5,F g-1,stated,,"1,347.0",F cm-3,stated,,,,stated,,True,Primary formula 'Ti3C2Tx' contains Ti3C2 (Ti3C2Tx or Ti3C2).,True,Synthesis explicitly mentions both LiF and HCl.,True,Electrolyte explicitly mentions H2SO4 (sulfuric acid).,PASS,Passes all criteria.
em4045_down.pdf,em4045_down.pdf,10.20517/energymater.2024.45,2025,Yang et al.,CDs-MF-2,primary,True,Ti3C2Tx,,stated,carbon dots-intercalated Ti3C2Tx,,stated,LiF/HCl etching; gelatin intercalation (5 wt.%); carbonization under Ar,,stated,single or few-layer,,derived,,13.4,Å,stated,,,,uncertain,,,,uncertain,,,,uncertain,,,,uncertain,4.65 ± 0.04,μm,stated,,1.33,mg cm-2,derived,[UNVERIFIED] density x thickness = 2.85 +/- 0.13 g cm-3 x 4.65 +/- 0.04 um = 1.325 mg cm-2. Both values stated in the text/Figure 2B. [+-5%],3 M H2SO4,,derived,,,uncertain,,5,mV s-1,stated,,1,A g-1,stated,,396.4,F g-1,stated,,"1,153.2",F cm-3,stated,,,,stated,,True,Primary formula 'Ti3C2Tx' contains Ti3C2 (Ti3C2Tx or Ti3C2).,True,Synthesis explicitly mentions both LiF and HCl.,True,Electrolyte explicitly mentions H2SO4 (sulfuric acid).,PASS,Passes all criteria.
em4045_down.pdf,em4045_down.pdf,10.20517/energymater.2024.45,2025,Yang et al.,CDs-MF-3,variant,False,Ti3C2Tx,,stated,carbon dots-intercalated Ti3C2Tx,,stated,LiF/HCl etching; gelatin intercalation (10 wt.%); carbonization under Ar,,stated,single or few-layer,,derived,,13.8,A,derived,"[UNVERIFIED] Text states the peak position: ""the CDs-MF-3 displayed a marginally downward shift in the (002) peak location to 6.4 deg"". Bragg with Cu K-alpha: d = 1.5406 / (2 sin 3.2 deg) = 1.5406 / (2 x 0.055822) = 13.80 A. The paper's own conversions reproduce with the same lambda (6.6 deg -> 13.38 ~ their 13.4; 7.5 deg -> 11.78 ~ their 11.8). Independently confirmed by the Figure 2D bar, which reads 13.82 A. [+-1%]",,,uncertain,,,,uncertain,,,,uncertain,,,,uncertain,4.66 ± 0.11,μm,stated,,1.27,mg cm-2,derived,"[UNVERIFIED] density x thickness = 2.73 +/- 0.11 g cm-3 x 4.66 +/- 0.11 um = 1.272 mg cm-2. Both values stated in the text/Figure 2B. (All five films land at 1.22-1.33 mg cm-2, an internal consistency check on the derivation.) [+-5%]",3 M H2SO4,,derived,,,uncertain,,5,mV s-1,stated,,1,A g-1,stated,,360.3,F g-1,stated,,1032,F cm-3,figure,"[UNVERIFIED] Figure 3F (p.8), same panel and same calibration as above (three stated values reproduced to <0.1%). CDs-MF-3 (cyan) first point reads 1032.2 F cm-3 at 1 A cm-3. Cross-check: 1032 / 2.73 g cm-3 = 378 F g-1 at 0.37 A g-1, consistent with the stated 360.3 F g-1 at 1 A g-1. [+-2%]",,,stated,,True,Primary formula 'Ti3C2Tx' contains Ti3C2 (Ti3C2Tx or Ti3C2).,True,Synthesis explicitly mentions both LiF and HCl.,True,Electrolyte explicitly mentions H2SO4 (sulfuric acid).,PASS,Passes all criteria.
Energy   Environ Materials - 2025 - Mehdi - Enhanced Electrochemical Performance and Theoretical Insights of.pdf,Energy   Environ Materials - 2025 - Mehdi - Enhanced Electrochemical Performance and Theoretical Insights of.pdf,10.1002/eem2.12876,2025,Mehdi et al.,Pure-MXene,control,False,Ti3C2Tx,,stated,Ti3C2Tx,,stated,"HCl/LiF etching of Ti3AlC2, followed by sonication and centrifugation",,stated,few-layer,,stated,,1.18,nm,derived,"Text states exactly: ""The (002) peak of pure-MXene is located at 7.5°."" Bragg: theta = 3.75°, d = 1.5406/(2*sin(3.75°)) = 1.5406/0.13081 = 11.78 A = 1.178 nm. Derived from a text-stated peak position (not read off the figure); Figure 1i XRD is full-range 5-50° so the peak was not measured graphically. [+-2%]",several,microns,stated,,,,stated,,,,stated,,,,stated,,,stated,,,,stated,,1 M H2SO4,,derived,16.3,m2 g−1,stated,,10,mV s−1,derived,"[UNCONFIRMED] The four gravimetric capacitances are reported as one set: ""The calculated gravimetric capacitances for Ni-MXene electrodes were 294, 74, 105, and 208 F g−1, for pure-, 0.5% Ni-, 1% Ni-, and 10% Ni-MXene, respectively."" The companion sentence fixes the condition: ""The volumetric capacitance of the 10% Ni-MXene electrode material was 1540 F cm−3 at a scan rate of 10 mV s−1"", and ""The CV data of pure-MXene at 10 mV s−1 is given in Figure S6"". The 10% row is already filled with scan_rate = 10 mV s−1 and Cg = 208 F g−1, so the same CV condition applies to the pure-MXene value in the same sentence.",,,stated,,294,F g−1,stated,,,,stated,,,,stated,,True,Primary formula 'Ti3C2Tx' contains Ti3C2 (Ti3C2Tx or Ti3C2).,True,Synthesis explicitly mentions both LiF and HCl.,True,Electrolyte explicitly mentions H2SO4 (sulfuric acid).,PASS,Passes all criteria.
Energy   Environ Materials - 2025 - Mehdi - Enhanced Electrochemical Performance and Theoretical Insights of.pdf,Energy   Environ Materials - 2025 - Mehdi - Enhanced Electrochemical Performance and Theoretical Insights of.pdf,10.1002/eem2.12876,2025,Mehdi et al.,0.5% Ni-MXene,composite,False,Ti3C2Tx,,derived,0.5 wt% Ni-intercalated Ti3C2Tx,,stated,HCl/LiF etching of Ti3AlC2; 0.5 wt% 40 nm Ni powder paste-mixed into MXene slurry,,derived,few-layer,,derived,,1.28,nm,derived,"Text states exactly: ""The (002) peak moves to a low angle of 2θ = 6.9, 6.8, and 6.1° for 0.5% Ni-, 1% Ni-, and 10% Ni-MXene, respectively."" For 2θ = 6.9°: theta = 3.45°, d = 1.5406/(2*sin(3.45°)) = 1.5406/0.12035 = 12.80 A = 1.280 nm. Note: applying the same Bragg conversion to the 10% sample (6.1°) gives 1.448 nm vs the 1.33 nm HRTEM value the paper reports for 10%, i.e. XRD and HRTEM disagree by ~9% in this paper; this value is the XRD-based figure. [+-2%]",several,microns,derived,,,,stated,,,,stated,,,,stated,,,stated,,,,stated,,1 M H2SO4,,derived,,,stated,,10,mV s−1,derived,"[UNCONFIRMED] Same sentence set as pure-MXene: ""...gravimetric capacitances ... were 294, 74, 105, and 208 F g−1, for pure-, 0.5% Ni-, 1% Ni-, and 10% Ni-MXene"", with the CV condition pinned by ""The volumetric capacitance of the 10% Ni-MXene electrode material was 1540 F cm−3 at a scan rate of 10 mV s−1"" and the already-filled 10% row (scan_rate = 10 mV s−1, Cg = 208 F g−1).",,,stated,,74,F g−1,stated,,,,stated,,,,stated,,True,Primary formula 'Ti3C2Tx' contains Ti3C2 (Ti3C2Tx or Ti3C2).,True,Synthesis explicitly mentions both LiF and HCl.,True,Electrolyte explicitly mentions H2SO4 (sulfuric acid).,PASS,Passes all criteria.
Energy   Environ Materials - 2025 - Mehdi - Enhanced Electrochemical Performance and Theoretical Insights of.pdf,Energy   Environ Materials - 2025 - Mehdi - Enhanced Electrochemical Performance and Theoretical Insights of.pdf,10.1002/eem2.12876,2025,Mehdi et al.,1% Ni-MXene,composite,False,Ti3C2Tx,,derived,1 wt% Ni-intercalated Ti3C2Tx,,stated,HCl/LiF etching of Ti3AlC2; 1 wt% 40 nm Ni powder paste-mixed into MXene slurry,,derived,few-layer,,derived,,1.30,nm,derived,"Text states exactly: ""The (002) peak moves to a low angle of 2θ = 6.9, 6.8, and 6.1° for 0.5% Ni-, 1% Ni-, and 10% Ni-MXene, respectively."" For 2θ = 6.8°: theta = 3.40°, d = 1.5406/(2*sin(3.40°)) = 1.5406/0.11860 = 12.99 A = 1.299 nm. Same caveat as the 0.5% row: XRD-based; the paper's HRTEM value for the 10% sample (1.33 nm) is ~9% below the XRD-derived 1.448 nm for that sample. [+-2%]",several,microns,derived,,,,stated,,,,stated,,,,stated,,,stated,,,,stated,,1 M H2SO4,,derived,,,stated,,10,mV s−1,derived,"[UNCONFIRMED] Same sentence set as pure-MXene: ""...gravimetric capacitances ... were 294, 74, 105, and 208 F g−1, for pure-, 0.5% Ni-, 1% Ni-, and 10% Ni-MXene"", with the CV condition pinned by ""The volumetric capacitance of the 10% Ni-MXene electrode material was 1540 F cm−3 at a scan rate of 10 mV s−1"" and the already-filled 10% row.",,,stated,,105,F g−1,stated,,,,stated,,,,stated,,True,Primary formula 'Ti3C2Tx' contains Ti3C2 (Ti3C2Tx or Ti3C2).,True,Synthesis explicitly mentions both LiF and HCl.,True,Electrolyte explicitly mentions H2SO4 (sulfuric acid).,PASS,Passes all criteria.
Energy   Environ Materials - 2025 - Mehdi - Enhanced Electrochemical Performance and Theoretical Insights of.pdf,Energy   Environ Materials - 2025 - Mehdi - Enhanced Electrochemical Performance and Theoretical Insights of.pdf,10.1002/eem2.12876,2025,Mehdi et al.,10% Ni-MXene,primary,True,Ti3C2Tx,,derived,10 wt% Ni-intercalated Ti3C2Tx,,stated,HCl/LiF etching of Ti3AlC2; 10 wt% 40 nm Ni powder paste-mixed into MXene slurry,,derived,few-layer,,derived,,1.33,nm,stated,,several,microns,derived,,,,stated,,,,stated,,,,stated,750,nm,stated,,,,stated,,1 M H2SO4,,derived,13.4,m2 g−1,stated,,10,mV s−1,stated,,,,stated,,208,F g−1,stated,,1540,F cm−3,stated,,,,stated,,True,Primary formula 'Ti3C2Tx' contains Ti3C2 (Ti3C2Tx or Ti3C2).,True,Synthesis explicitly mentions both LiF and HCl.,True,Electrolyte explicitly mentions H2SO4 (sulfuric acid).,PASS,Passes all criteria.
Energy   Environ Materials - 2025 - Mehdi - Enhanced Electrochemical Performance and Theoretical Insights of.pdf,Energy   Environ Materials - 2025 - Mehdi - Enhanced Electrochemical Performance and Theoretical Insights of.pdf,10.1002/eem2.12876,2025,Mehdi et al.,15% Ni-MXene,composite,False,Ti3C2Tx,,derived,15 wt% Ni-intercalated Ti3C2Tx,,stated,HCl/LiF etching of Ti3AlC2; 15 wt% 40 nm Ni powder paste-mixed into MXene slurry,,derived,,,stated,,,,stated,,,,stated,,,,stated,,,,stated,,,,stated,,,stated,,,,stated,,1 M H2SO4,,derived,,,stated,,,,uncertain,,,,stated,,151,F g−1,stated,,,,stated,,,,stated,,True,Primary formula 'Ti3C2Tx' contains Ti3C2 (Ti3C2Tx or Ti3C2).,True,Synthesis explicitly mentions both LiF and HCl.,True,Electrolyte explicitly mentions H2SO4 (sulfuric acid).,PASS,Passes all criteria.
kurra2016.pdf,kurra2016.pdf,10.1002/aenm.201601372,2016,Kurra et al.,clay-like Ti3C2 MXene,primary,True,Ti3C2Tx,,stated,"Clay-like Li-intercalated Ti3C2Tx (T = O, OH, F) with acetylene black and PVDF (80:10:10 weight ratio)",,stated,LiF/HCl etching: 1.2 g LiF in 30 mL 6 m HCl; 45 °C for 45 h,,stated,multilayers,,stated,,12.89,A,figure,"[UNVERIFIED] Figure 2e (p.3) XRD: the d-spacing is printed on the figure next to each (0002) peak - red clay-like Ti3C2 MXene trace is labelled ""d = 1.289 nm"" (blue HF-etched ""d = 0.998 nm"", black Ti3AlC2 ""d = 0.929 nm""). Text confirms: clay-like c-lattice parameter ~2.578 nm, and d(0002) = c/2 = 1.289 nm.",,,uncertain,,,,uncertain,,,,uncertain,,,,uncertain,≈125,μm,stated,,≈1,mg cm−2,derived,,1 m H2SO4,,stated,,,uncertain,,20,mV s−1,stated,,,,uncertain,,,,uncertain,,,,uncertain,,25,mF cm−2,stated,,True,Primary formula 'Ti3C2Tx' contains Ti3C2 (Ti3C2Tx or Ti3C2).,True,Synthesis explicitly mentions both LiF and HCl.,True,Electrolyte explicitly mentions H2SO4 (sulfuric acid).,PASS,Passes all criteria.
liu2022.pdf,liu2022.pdf,10.1002/slct.202200690,2022,Xingmin Liu et al.,Ori-M,control,False,Ti3C2Tx,,stated,Ti3C2Tx,,stated,LiF/HCl in situ HF etching followed by vacuum filtration,,stated,,,uncertain,,16.21,Å,stated,,,,uncertain,,,,uncertain,,,,uncertain,,,,uncertain,,,uncertain,,,,uncertain,,1 m H2SO4,,derived,,,uncertain,,5,mV/s,stated,,,,uncertain,,164.6,F/g,stated,,414.8,F/cm3,figure,Cg(164.6 F/g @5 mV/s) x density 2.52 g/cm3 from Fig 6b printed bar label,,,uncertain,,True,Primary formula 'Ti3C2Tx' contains Ti3C2 (Ti3C2Tx or Ti3C2).,True,Synthesis explicitly mentions both LiF and HCl.,True,Electrolyte explicitly mentions H2SO4 (sulfuric acid).,PASS,Passes all criteria.
liu2022.pdf,liu2022.pdf,10.1002/slct.202200690,2022,Xingmin Liu et al.,pH3M,variant,False,Ti3C2Tx,,stated,Ti3C2Tx,,stated,"LiF/HCl in situ HF etching, proton acid treatment (pH=3), vacuum filtration",,stated,,,uncertain,,14.2,Å,figure,Fig 3b XRD (002) 2th~6.2 deg; UNRESOLVED from pH1M/pH0.5M within +-0.05 deg read precision - treat as low confidence,,,uncertain,,,,uncertain,,,,uncertain,,,,uncertain,,,uncertain,,,,uncertain,,1 m H2SO4,,derived,,,uncertain,,,,uncertain,,,,uncertain,,,,uncertain,,,,uncertain,,,,uncertain,,True,Primary formula 'Ti3C2Tx' contains Ti3C2 (Ti3C2Tx or Ti3C2).,True,Synthesis explicitly mentions both LiF and HCl.,True,Electrolyte explicitly mentions H2SO4 (sulfuric acid).,PASS,Passes all criteria.
liu2022.pdf,liu2022.pdf,10.1002/slct.202200690,2022,Xingmin Liu et al.,pH1M,variant,False,Ti3C2Tx,,stated,Ti3C2Tx,,stated,"LiF/HCl in situ HF etching, proton acid treatment (pH=1), vacuum filtration",,stated,,,uncertain,,14.15,Å,figure,"[UNCONFIRMED] Figure 3(b), the zoomed 3-10 deg (002) panel (Ori-M, pH3M, pH1M, pH0.5M). Extracted the native embedded bitmap (xref 46, 1516x538 px), calibrated the panel-b x-axis on the plot frame (left frame = 3 deg at px 427.5, right frame = 10 deg at px 707.0 -> 39.93 px/deg), isolated the light-blue pH1M trace by colour, took the column-wise topmost trace pixel and fitted a parabola to the apex: apex px 128.1 -> 2theta = 6.25 deg -> d = 1.5406/(2*sin(3.123 deg)) = 14.14 A. METHOD VALIDATION on the five (002) peaks the paper does state: Ori-M measured 16.39 vs stated 16.21 A (+1.1%), pH0.5M measured 14.19 vs stated 14.14 A (+0.3%), Ori-MC 16.61 vs 16.53 A (+0.5%), pH3MC 14.95 vs 15.20 A (-1.6%), pH1MC 14.47 vs 14.58 A (-0.7%) -> random error ~+/-1%, no systematic bias. HONEST CAVEAT: the pH3M, pH1M and pH0.5M apexes in Fig 3(b) all fall within 1.4 px (0.03 deg 2theta) of each other, i.e. they are NOT resolvable from one another at this image resolution; my measured ordering (pH3M 6.221, pH0.5M 6.226, pH1M 6.246 deg) is inside the noise and must not be treated as a real ordering. The reported value is therefore anchored on the paper's own bracketing values - pH3M = 14.2 A and pH0.5M = 14.14 A, between which pH1M must lie on the monotonic acid-concentration trend (Ori-M 16.21 > pH3M 14.2 > pH1M > pH0.5M 14.14, matching the strictly monotonic MC series 16.53 > 15.20 > 14.58 > 13.91) - so the true value is confined to 14.14-14.20 A and 14.15 A is the direct-read value inside that bracket. [+-1.5%]",,,uncertain,,,,uncertain,,,,uncertain,,,,uncertain,,,uncertain,,,,uncertain,,1 m H2SO4,,derived,,,uncertain,,5,mV/s,stated,,,,uncertain,,200.4,F/g,stated,,623.2,F/cm3,figure,Cg(200.4 F/g @5 mV/s) x density 3.11 g/cm3 from Fig 6b printed bar label,,,uncertain,,True,Primary formula 'Ti3C2Tx' contains Ti3C2 (Ti3C2Tx or Ti3C2).,True,Synthesis explicitly mentions both LiF and HCl.,True,Electrolyte explicitly mentions H2SO4 (sulfuric acid).,PASS,Passes all criteria.
liu2022.pdf,liu2022.pdf,10.1002/slct.202200690,2022,Xingmin Liu et al.,pH0.5M,variant,False,Ti3C2Tx,,stated,Ti3C2Tx,,stated,"LiF/HCl in situ HF etching, proton acid treatment (pH=0.5), vacuum filtration",,stated,,,uncertain,,14.14,Å,stated,,,,uncertain,,,,uncertain,,,,uncertain,,,,uncertain,,,uncertain,,,,uncertain,,1 m H2SO4,,derived,,,uncertain,,,,uncertain,,,,uncertain,,,,uncertain,,,,uncertain,,,,uncertain,,True,Primary formula 'Ti3C2Tx' contains Ti3C2 (Ti3C2Tx or Ti3C2).,True,Synthesis explicitly mentions both LiF and HCl.,True,Electrolyte explicitly mentions H2SO4 (sulfuric acid).,PASS,Passes all criteria.
liu2022.pdf,liu2022.pdf,10.1002/slct.202200690,2022,Xingmin Liu et al.,Ori-MC,composite,False,Ti3C2Tx,,stated,Ti3C2Tx/SWCNTs,,stated,"LiF/HCl in situ HF etching, SWCNT mixing, vacuum filtration",,stated,,,uncertain,,16.53,Å,stated,,,,uncertain,,,,uncertain,,,,uncertain,,,,uncertain,,,uncertain,,,,uncertain,,1 m H2SO4,,derived,,,uncertain,,5,mV/s,stated,,,,uncertain,,211.7,F/g,stated,,438.2,F/cm3,figure,Cg(211.7 F/g @5 mV/s) x density 2.07 g/cm3 from Fig 6b printed bar label,,,uncertain,,True,Primary formula 'Ti3C2Tx' contains Ti3C2 (Ti3C2Tx or Ti3C2).,True,Synthesis explicitly mentions both LiF and HCl.,True,Electrolyte explicitly mentions H2SO4 (sulfuric acid).,PASS,Passes all criteria.
liu2022.pdf,liu2022.pdf,10.1002/slct.202200690,2022,Xingmin Liu et al.,pH3MC,composite,False,Ti3C2Tx,,stated,Ti3C2Tx/SWCNTs,,stated,"LiF/HCl in situ HF etching, proton acid treatment (pH=3), SWCNT mixing, vacuum filtration",,stated,,,uncertain,,15.20,Å,figure,"Fig 3d XRD (002) 2th=5.81 deg -> Bragg d=lambda/(2 sin th), lambda=1.5406 A (Cu Ka); panel calibrated on stated Ori-MC 16.53 A / pH1MC 14.58 A",,,uncertain,,,,uncertain,,,,uncertain,,,,uncertain,,,uncertain,,,,uncertain,,1 m H2SO4,,derived,,,uncertain,,,,uncertain,,,,uncertain,,,,uncertain,,,,uncertain,,,,uncertain,,True,Primary formula 'Ti3C2Tx' contains Ti3C2 (Ti3C2Tx or Ti3C2).,True,Synthesis explicitly mentions both LiF and HCl.,True,Electrolyte explicitly mentions H2SO4 (sulfuric acid).,PASS,Passes all criteria.
liu2022.pdf,liu2022.pdf,10.1002/slct.202200690,2022,Xingmin Liu et al.,pH1MC,composite,True,Ti3C2Tx,,stated,95% Ti3C2Tx/5% SWCNTs,,stated,"LiF/HCl in situ HF etching, proton acid treatment (pH=1), SWCNT mixing, vacuum filtration",,stated,,,uncertain,,14.58,Å,stated,,,,uncertain,,,,uncertain,,,,uncertain,,,,uncertain,,,uncertain,,,,uncertain,,1 m H2SO4,,derived,,,uncertain,,5,mV/s,stated,,,,uncertain,,270.5,F/g,stated,,627.6,F/cm3,figure,Cg(270.5 F/g @5 mV/s) x density 2.32 g/cm3 from Fig 6b printed bar label,,,uncertain,,True,Primary formula 'Ti3C2Tx' contains Ti3C2 (Ti3C2Tx or Ti3C2).,True,Synthesis explicitly mentions both LiF and HCl.,True,Electrolyte explicitly mentions H2SO4 (sulfuric acid).,PASS,Passes all criteria.
liu2022.pdf,liu2022.pdf,10.1002/slct.202200690,2022,Xingmin Liu et al.,pH0.5MC,composite,False,Ti3C2Tx,,stated,Ti3C2Tx/SWCNTs,,stated,"LiF/HCl in situ HF etching, proton acid treatment (pH=0.5), SWCNT mixing, vacuum filtration",,stated,,,uncertain,,13.91,Å,figure,"Fig 3d XRD (002) 2th=6.35 deg -> Bragg d=lambda/(2 sin th), lambda=1.5406 A (Cu Ka); panel calibrated on stated Ori-MC 16.53 A / pH1MC 14.58 A",,,uncertain,,,,uncertain,,,,uncertain,,,,uncertain,,,uncertain,,,,uncertain,,1 m H2SO4,,derived,,,uncertain,,,,uncertain,,,,uncertain,,,,uncertain,,,,uncertain,,,,uncertain,,True,Primary formula 'Ti3C2Tx' contains Ti3C2 (Ti3C2Tx or Ti3C2).,True,Synthesis explicitly mentions both LiF and HCl.,True,Electrolyte explicitly mentions H2SO4 (sulfuric acid).,PASS,Passes all criteria.
lv2022.pdf,lv2022.pdf,10.1002/smll.202202203,2022,Ke Lv et al.,pure MXene film,control,False,Ti3C2Tx,,stated,Ti3C2Tx,,stated,"LiF/HCl etching (MILD), probe-sonication and vacuum filtration",,stated,monolayer,,derived,,13.6,A,stated,"[UNVERIFIED] ""the obtained small T3C2Tx flakes showed the 2theta peak at approximately 6.5 deg of the (002) peak corresponding to a c-lattice parameter of 13.6 A"" (p.2, describing the MXene film of Figure 1a). The quoted 13.6 A is the (002) d-spacing, not a doubled c-axis: 1.5406/(2 sin 3.25 deg) = 13.59 A. Uncertainty raised because Figure 3a quotes the pure MXene film (002) at 6.3 deg, which would give 14.0 A. [+-3%]",300 to 500,nm,derived,,,,uncertain,,,,uncertain,,,,uncertain,,,uncertain,,,,uncertain,,1 m H2SO4 aqueous,,derived,,,uncertain,,2,mV s−1,stated,,,,uncertain,,376,F g−1,stated,,925,F cm−3,stated,,,,uncertain,,True,Primary formula 'Ti3C2Tx' contains Ti3C2 (Ti3C2Tx or Ti3C2).,True,Synthesis explicitly mentions both LiF and HCl.,True,Electrolyte explicitly mentions H2SO4 (sulfuric acid).,PASS,Passes all criteria.
ma2022.pdf,ma2022.pdf,10.1021/acsnano.2c03351,2022,Ma et al.,pristine MXene,control,False,Ti3C2Tx,,stated,Ti3C2Tx,,stated,"LiF/HCl etching (MILD-type), delamination, vacuum filtration",,stated,few-layer,,stated,,1.36,nm,stated,,,,stated,,,,stated,,,,stated,,,,stated,3-6,μm,derived,"[UNVERIFIED] Experimental Section: ""Note that the film thickness was controlled by varying the volume amount of the mixed solution used. Resultant electrode thickness values were in the range from 3 to 6 μm."" SERIES-LEVEL range, not a per-sample value. CAVEAT: the sentence sits at the end of the 'Preparation of the P-MXene/CPolymer-A Electrodes' paragraph, so it is stated most directly for the composite films; all films (including the pristine MXene film) are made by the same vacuum-filtration route with thickness set by filtered volume, so the range is taken to cover the pristine film too. NOT read from a figure: the pristine cross-section SEM (Fig. 2d) is a 500 nm-scale-bar zoom on layer stacking and does not span the film. [+-35%]",,mg cm−2,stated,,3 M H2SO4,,derived,,,stated,,5,mV s−1,stated,,,,stated,,287.9,F g−1,stated,,,,stated,,,,stated,,True,Primary formula 'Ti3C2Tx' contains Ti3C2 (Ti3C2Tx or Ti3C2).,True,Synthesis explicitly mentions both LiF and HCl.,True,Electrolyte explicitly mentions H2SO4 (sulfuric acid).,PASS,Passes all criteria.
molecules-30-00241.pdf,molecules-30-00241.pdf,10.3390/molecules30020241,2025,Liu et al.,TCS-0,control,False,Ti3C2Tx,,stated,"Ti3C2Tx (-OH, -F, =O)",,stated,"LiF/HCl etching (38 °C, 48 h), followed by exfoliation",,stated,exfoliated nanosheets,,stated,,13.2,A,figure,"[UNCONFIRMED] Figure 4a zoomed (002) inset (2theta axis 5-9 deg, ticks calibrated at 295.8 px/deg). Smoothed apex of the red TCS-0 trace at 2theta = 6.67 deg; Bragg d = 1.5406/(2*sin(3.335 deg)) = 13.24 A. Paper gives no numeric peak position. NOTE: all four traces in the inset peak at 2theta = 6.64-6.69 deg, i.e. indistinguishable within my reading precision (+/-0.1 deg = +/-0.2 A), so I report the same value for all four rows and do NOT reproduce the claimed ordering. [+-3%]",approximately 1.3,µm,stated,,,,stated,,,,stated,,,,stated,,,stated,,1.6,mg/cm2,derived,"Section 3.4: 'this Ti3C2Tx thin film was precisely cut into small pieces with an area of 1/4 of a square centimeter (weighing approximately 0.4 mg), which served as the working electrode.' 0.4 mg / 0.25 cm2 = 1.6 mg/cm2. Same electrode-fabrication protocol for all four samples. [+-10%]",H2SO4 aqueous solution,,derived,12.082,m2/g,uncertain,,,,stated,,1,A g−1,stated,,289,F g−1,stated,,,,stated,,0.46,F/cm2,derived,"C_areal = C_grav x mass loading = 289 F/g (stated: 'at a current density of 1 A g-1, the specific capacitances of TCS-0 and TCS-3 are 289 F g-1 and 658 F g-1') x 1.6e-3 g/cm2 (0.4 mg / 0.25 cm2, Section 3.4) = 0.462 F/cm2. Paper never states an areal capacitance; uncertainty dominated by the 'approximately 0.4 mg' electrode mass. [+-12%]",True,Primary formula 'Ti3C2Tx' contains Ti3C2 (Ti3C2Tx or Ti3C2).,True,Synthesis explicitly mentions both LiF and HCl.,True,Electrolyte explicitly mentions H2SO4 (sulfuric acid).,PASS,Passes all criteria.
molecules-30-00241.pdf,molecules-30-00241.pdf,10.3390/molecules30020241,2025,Liu et al.,TCS-1,variant,False,Ti3C2Tx,,stated,"Ti3C2Tx (-OH, -F, =O)",,stated,LiF/HCl etching followed by ultrasonic treatment for 1 h,,stated,exfoliated nanosheets,,stated,,13.2,A,figure,"[UNCONFIRMED] Figure 4a zoomed (002) inset, black TCS-1 trace, smoothed apex 2theta = 6.68 deg -> d = 1.5406/(2*sin(3.34 deg)) = 13.2 A. The thin slanted guide line drawn through the peaks was excluded from the fit. Text states the (002) peak shifts to higher angle with sonication time but gives no numbers; the four traces are within my reading precision (+/-0.1 deg), so no per-sample ordering is asserted. [+-3%]",approximately 600,nm,stated,,,,stated,,,,stated,,,,stated,,,stated,,1.6,mg/cm2,derived,"Section 3.4: electrode pieces of area 1/4 cm2 'weighing approximately 0.4 mg'. 0.4 mg / 0.25 cm2 = 1.6 mg/cm2. Stated once for the whole electrode series (all four films made identically by vacuum filtration), so it is a series-level value. [+-10%]",H2SO4 aqueous solution,,derived,,,stated,,5-50,mV/s,stated,Section 3.4: CV 'at scan rates ranging from 5 to 50 mV/s'; Figure 7a shows TCS-1 measured at 5 mV s-1 alongside the other three. Series-level CV condition; no capacitance value is paired with it for this sample.,,,stated,,,,stated,,,,stated,,,,stated,,True,Primary formula 'Ti3C2Tx' contains Ti3C2 (Ti3C2Tx or Ti3C2).,True,Synthesis explicitly mentions both LiF and HCl.,True,Electrolyte explicitly mentions H2SO4 (sulfuric acid).,PASS,Passes all criteria.
molecules-30-00241.pdf,molecules-30-00241.pdf,10.3390/molecules30020241,2025,Liu et al.,TCS-2,variant,False,Ti3C2Tx,,stated,"Ti3C2Tx (-OH, -F, =O)",,stated,LiF/HCl etching followed by ultrasonic treatment for 2 h,,stated,exfoliated nanosheets,,stated,,13.2,A,figure,"[UNCONFIRMED] Figure 4a zoomed (002) inset, purple TCS-2 trace, smoothed apex 2theta = 6.69 deg -> d = 1.5406/(2*sin(3.345 deg)) = 13.2 A. Broad, weak peak (flat from ~6.66 to ~6.82 deg); indistinguishable from the other three traces at my reading precision. [+-3%]",approximately 400,nm,figure,"[UNCONFIRMED] Figure 2c (SEM of TCS-2, page 4) carries the printed in-panel annotation 'd ~ 400 nm' (verified at 900 dpi zoom, digits unambiguous). Consistent with the text statement that size decreases from ~600 nm (TCS-1, 1 h) to ~250 nm (TCS-3, 3 h), with TCS-2 (2 h) in between.",,,stated,,,,stated,,,,stated,,,stated,,1.6,mg/cm2,derived,Section 3.4: electrode pieces of area 1/4 cm2 'weighing approximately 0.4 mg'. 0.4 mg / 0.25 cm2 = 1.6 mg/cm2. Series-level (single protocol stated for all four films). [+-10%],H2SO4 aqueous solution,,derived,,,stated,,5-50,mV/s,stated,Section 3.4: CV 'at scan rates ranging from 5 to 50 mV/s'; Figure 7a shows TCS-2 measured at 5 mV s-1 alongside the other three. Series-level CV condition; no capacitance value is paired with it for this sample.,,,stated,,,,stated,,,,stated,,,,stated,,True,Primary formula 'Ti3C2Tx' contains Ti3C2 (Ti3C2Tx or Ti3C2).,True,Synthesis explicitly mentions both LiF and HCl.,True,Electrolyte explicitly mentions H2SO4 (sulfuric acid).,PASS,Passes all criteria.
molecules-30-00241.pdf,molecules-30-00241.pdf,10.3390/molecules30020241,2025,Liu et al.,TCS-3,primary,True,Ti3C2Tx,,stated,"Ti3C2Tx (-OH, -F, =O)",,stated,LiF/HCl etching followed by ultrasonic treatment for 3 h,,stated,exfoliated nanosheets,,stated,,13.2,A,figure,"[UNCONFIRMED] Figure 4a zoomed (002) inset, green TCS-3 trace, smoothed apex 2theta = 6.64 deg -> d = 13.3 A, rounded to the common 13.2 A. The TCS-3 peak is very weak/flat so its apex is the least certain; the paper states qualitatively that sonicated samples shift to higher angle (= smaller d) yet elsewhere claims 'increased interlayer spacing' for TCS-3 - the two statements are contradictory and no number is given, so only the Bragg read is reported. [+-3%]",about 250,nm,stated,,,,stated,,4.81,nm,uncertain,,,,stated,,,stated,,1.6,mg/cm2,derived,Section 3.4: electrode pieces of area 1/4 cm2 'weighing approximately 0.4 mg'. 0.4 mg / 0.25 cm2 = 1.6 mg/cm2. Series-level (single protocol stated for all four films). [+-10%],H2SO4 aqueous solution,,derived,19.898,m2/g,uncertain,,,,stated,,1,A g−1,stated,,658,F g−1,stated,,,,stated,,1.05,F/cm2,derived,"C_areal = C_grav x mass loading = 658 F/g (stated at 1 A g-1) x 1.6e-3 g/cm2 (0.4 mg / 0.25 cm2, Section 3.4) = 1.053 F/cm2. Paper never states an areal capacitance; uncertainty dominated by the 'approximately 0.4 mg' electrode mass. [+-12%]",True,Primary formula 'Ti3C2Tx' contains Ti3C2 (Ti3C2Tx or Ti3C2).,True,Synthesis explicitly mentions both LiF and HCl.,True,Electrolyte explicitly mentions H2SO4 (sulfuric acid).,PASS,Passes all criteria.
nature13970.pdf,nature13970.pdf,10.1038/nature13970,2014,Ghidiu et al.,5-μm-thick rolled Ti3C2Tx clay electrode,primary,True,Ti3C2Tx,,stated,Ti3C2Tx with O- and F-containing surface terminations,,stated,LiF/HCl etching followed by rolling of hydrated clay,,stated,multilayer,,stated,,27–28,Å,derived,,0.5-1.5,μm,stated,"[UNVERIFIED] p.2: ""Transmission electron microscopy (TEM) analysis showed that, of 321 flakes analysed, over 70% had dimensions of 0.5-1.5 μm (Extended Data Fig. 4a, b)."" Material-level lateral-size distribution of the LiF+HCl-etched Ti3C2Tx used for all three rolled clay electrodes (not a per-electrode measurement).",,,stated,,,,stated,,,,stated,5,μm,stated,,1.85,mg cm−2,derived,"[UNVERIFIED] Derived from Extended Data Table 1 + film thickness. Electrode density = C_v/C_g = 910/246 = 3.70 g cm−3 at 2 mV s−1 (matches the text's ""electrodes thinner than 10 μm ... typical densities of 3.6-3.8 g cm−3""). Areal mass = density x thickness = 3.70 g cm−3 x 5e-4 cm = 1.85e-3 g cm−2 = 1.85 mg cm−2. The derivation is self-consistent (C_v/C_g x t = m/A exactly, using the same nominal t the authors used to normalize). [+-3%]",1 M H2SO4,,derived,,,stated,,2,mV s−1,stated,,,,stated,,245,F g−1,stated,,900,F cm−3,stated,,0.45,F cm−2,derived,"[UNVERIFIED] Derived: C_areal = C_vol x thickness = 900 F cm−3 (main text, 2 mV s−1) x 5e-4 cm = 0.45 F cm−2. Using the Extended Data Table 1 value 910 F cm−3 instead gives 0.455 F cm−2. Exact by construction since the authors normalized by the same nominal thickness. [+-3%]",True,Primary formula 'Ti3C2Tx' contains Ti3C2 (Ti3C2Tx or Ti3C2).,True,Synthesis explicitly mentions both LiF and HCl.,True,Electrolyte explicitly mentions H2SO4 (sulfuric acid).,PASS,Passes all criteria.
nature13970.pdf,nature13970.pdf,10.1038/nature13970,2014,Ghidiu et al.,30-μm-thick rolled Ti3C2Tx clay electrode,variant,False,Ti3C2Tx,,stated,Ti3C2Tx with O- and F-containing surface terminations,,stated,LiF/HCl etching followed by rolling of hydrated clay,,stated,multilayer,,stated,,27–28,Å,derived,,0.5-1.5,μm,stated,"[UNVERIFIED] p.2: ""of 321 flakes analysed, over 70% had dimensions of 0.5-1.5 μm (Extended Data Fig. 4a, b)"". Material-level TEM lateral-size distribution for the Ti3C2Tx used in all three rolled clay electrodes.",,,stated,,,,stated,,,,stated,30,μm,stated,,8.8,mg cm−2,derived,"[UNVERIFIED] Derived: density = C_v/C_g = 534/182 = 2.93 g cm−3 (text gives 2.2-2.8 g cm−3 for films 15 μm and thicker, so this sits ~5% above the quoted band). Areal mass = 2.93 g cm−3 x 30e-4 cm = 8.80e-3 g cm−2 = 8.8 mg cm−2. [+-5%]",1 M H2SO4,,derived,,,stated,,2,mV s−1,stated,"[UNVERIFIED] Extended Data Table 1 (p.12, rendered at 700 dpi), row 'Scan rate 2 mV/s', '30 μm electrode' columns. This is the condition of the 534 F cm−3 / 182 F g−1 values added for this row; it matches the 2 mV s−1 condition already recorded for the 5 μm row.",,,stated,,182,F g−1,stated,"[UNVERIFIED] Extended Data Table 1, 30 μm electrode / F/g column, scan rate 2 mV/s = 182. Cross-check: same table gives 246 F g−1 for the 5 μm electrode at 2 mV s−1 vs 245 F g−1 in the main text.",534,F cm−3,stated,"[UNVERIFIED] Extended Data Table 1 'Effect of film thickness and scan rate on mass- and volume-normalized capacitance values', 30 μm electrode / F cm3 column, scan rate 2 mV/s = 534. Cross-check: the same table gives 910 F cm−3 for the 5 μm electrode at 2 mV s−1, consistent with the 900 F cm−3 quoted in the main text (1.1% difference).",1.60,F cm−2,derived,"[UNVERIFIED] Derived: C_areal = C_vol x thickness = 534 F cm−3 (Extended Data Table 1, 2 mV s−1) x 30e-4 cm = 1.60 F cm−2. [+-3%]",True,Primary formula 'Ti3C2Tx' contains Ti3C2 (Ti3C2Tx or Ti3C2).,True,Synthesis explicitly mentions both LiF and HCl.,True,Electrolyte explicitly mentions H2SO4 (sulfuric acid).,PASS,Passes all criteria.
nature13970.pdf,nature13970.pdf,10.1038/nature13970,2014,Ghidiu et al.,75-μm-thick rolled Ti3C2Tx clay electrode,variant,False,Ti3C2Tx,,stated,Ti3C2Tx with O- and F-containing surface terminations,,stated,LiF/HCl etching followed by rolling of hydrated clay,,stated,multilayer,,stated,,27–28,Å,derived,,0.5-1.5,μm,stated,"[UNVERIFIED] p.2: ""of 321 flakes analysed, over 70% had dimensions of 0.5-1.5 μm (Extended Data Fig. 4a, b)"". Material-level TEM lateral-size distribution for the Ti3C2Tx used in all three rolled clay electrodes.",,,stated,,,,stated,,,,stated,75,μm,stated,,16.5,mg cm−2,derived,[UNVERIFIED] Derived: density = C_v/C_g = 355/161 = 2.21 g cm−3 (inside the text's 2.2-2.8 g cm−3 band for films 15 μm and thicker). Areal mass = 2.21 g cm−3 x 75e-4 cm = 1.65e-2 g cm−2 = 16.5 mg cm−2. [+-3%],1 M H2SO4,,derived,,,stated,,2,mV s−1,stated,"[UNVERIFIED] Extended Data Table 1 (p.12), row 'Scan rate 2 mV/s', '75 μm electrode' columns; condition of the 355 F cm−3 / 161 F g−1 values added for this row.",,,stated,,161,F g−1,stated,"[UNVERIFIED] Extended Data Table 1, 75 μm electrode / F/g column, scan rate 2 mV/s = 161.",355,F cm−3,stated,"[UNVERIFIED] Extended Data Table 1, 75 μm electrode / F cm3 column, scan rate 2 mV/s = 355.",2.66,F cm−2,derived,"[UNVERIFIED] Derived: C_areal = C_vol x thickness = 355 F cm−3 (Extended Data Table 1, 2 mV s−1) x 75e-4 cm = 2.66 F cm−2. [+-3%]",True,Primary formula 'Ti3C2Tx' contains Ti3C2 (Ti3C2Tx or Ti3C2).,True,Synthesis explicitly mentions both LiF and HCl.,True,Electrolyte explicitly mentions H2SO4 (sulfuric acid).,PASS,Passes all criteria.
nenergy2017105.pdf,nenergy2017105.pdf,10.1038/nenergy.2017.105,2017,Lukatskaya et al.,90 nm Ti3C2Tx film,variant,False,Ti3C2Tx,,stated,Ti3C2Tx,,stated,LiF/HCl etching (MILD),,stated,few-layer,,derived,,,,uncertain,,,,uncertain,,,,uncertain,,,,uncertain,,,,uncertain,90,nm,stated,,,,uncertain,,3 M H2SO4,,derived,,,uncertain,,,,uncertain,,,,uncertain,,450,F g−1,stated,,,,uncertain,,,,uncertain,,True,Primary formula 'Ti3C2Tx' contains Ti3C2 (Ti3C2Tx or Ti3C2).,True,Synthesis explicitly mentions both LiF and HCl.,True,Electrolyte explicitly mentions H2SO4 (sulfuric acid).,PASS,Passes all criteria.
nenergy2017105.pdf,nenergy2017105.pdf,10.1038/nenergy.2017.105,2017,Lukatskaya et al.,"HG-Ti3C2 (1.2 mg cm−2, 3 μm)",variant,False,Ti3C2Tx,,stated,Ti3C2Tx hydrogel,,stated,LiF/HCl etching (MILD); vacuum-filtered hydrogel,,stated,few-layer,,derived,,,,uncertain,,,,uncertain,,,,uncertain,,,,uncertain,,,,uncertain,3,μm,stated,,1.2,mg cm−2,stated,,3 M H2SO4,,stated,,,uncertain,,2,mV s−1,stated,,,,uncertain,,380,F g−1,stated,,"1,500",F cm−3,stated,,0.45,F cm−2,derived,"Text: ""capacitance of 380 F g−1 or 1,500 F cm−3 was measured at 2 mV s−1 for a 3 µm Ti3C2Tx hydrogel electrode (1.2 mg cm−2 loading)"". Two independent routes agree: C_a = C_v x t = 1500 F cm−3 x 3e-4 cm = 0.45 F cm−2; C_a = C_g x loading = 380 F g−1 x 1.2e-3 g cm−2 = 0.456 F cm−2. Cross-checked against Fig. 3f (olive half-filled squares, leftmost point, y-axis calibrated on 0.0/0.5/1.0/1.5 ticks): 0.44 F cm−2 — agrees within 3%. Same 2 mV s−1 condition already in the scan_rate cell. Note: Fig. 3f legend prints 1.3 mg cm−2 for this sample while the text says 1.2; the C_v x t route used here is independent of that ambiguity. [+-3%]",True,Primary formula 'Ti3C2Tx' contains Ti3C2 (Ti3C2Tx or Ti3C2).,True,Synthesis explicitly mentions both LiF and HCl.,True,Electrolyte explicitly mentions H2SO4 (sulfuric acid).,PASS,Passes all criteria.
nenergy2017105.pdf,nenergy2017105.pdf,10.1038/nenergy.2017.105,2017,Lukatskaya et al.,"HG-Ti3C2 (5.3 mg cm−2, 13 μm)",variant,False,Ti3C2Tx,,stated,Ti3C2Tx hydrogel,,stated,LiF/HCl etching (MILD); vacuum-filtered hydrogel,,stated,few-layer,,derived,,,,uncertain,,,,uncertain,,,,uncertain,,,,uncertain,,,,uncertain,13,μm,stated,,5.3,mg cm−2,stated,,3 M H2SO4,,stated,,,uncertain,,2,mV s−1,stated,,10,A g−1,stated,"Fig. 2f caption: ""Capacitance retention test of a 13 µm hydrogel film performed by galvanostatic cycling at 10 A g−1. The inset depicts galvanostatic cycling profiles collected at 1, 2, 5 and 10 A g−1."" This is the galvanostatic cycling-stability current for this electrode (>90% retention after 10,000 cycles); it is NOT the condition for the 370 F g−1 / 1,500 F cm−3 values, which are CV values at 2 mV s−1. GCD profiles for this same film were also taken at 1, 2 and 5 A g−1.",370,F g−1,stated,,"1,500",F cm−3,stated,,1.95,F cm−2,derived,"Text: ""capacitance of 370 F g−1 or 1,500 F cm−3 was measured for a 13 µm Ti3C2Tx hydrogel film electrode (5.3 mg cm−2) at 2 mV s−1"". C_a = C_v x t = 1500 F cm−3 x 13e-4 cm = 1.95 F cm−2; cross-check C_a = C_g x loading = 370 x 5.3e-3 = 1.96 F cm−2. Cross-checked against Fig. 3f (grey filled squares, leftmost point): 1.93 F cm−2 — agrees within 2%. Condition = 2 mV s−1, matching the filled scan_rate cell. [+-3%]",True,Primary formula 'Ti3C2Tx' contains Ti3C2 (Ti3C2Tx or Ti3C2).,True,Synthesis explicitly mentions both LiF and HCl.,True,Electrolyte explicitly mentions H2SO4 (sulfuric acid).,PASS,Passes all criteria.
nenergy2017105.pdf,nenergy2017105.pdf,10.1038/nenergy.2017.105,2017,Lukatskaya et al.,"HG-Ti3C2 (11.3 mg cm−2, 40 μm)",variant,False,Ti3C2Tx,,stated,Ti3C2Tx hydrogel,,stated,LiF/HCl etching (MILD); vacuum-filtered hydrogel,,stated,few-layer,,derived,,,,uncertain,,,,uncertain,,,,uncertain,,,,uncertain,,,,uncertain,40,μm,stated,,11.3,mg cm−2,stated,,3 M H2SO4,,derived,,,uncertain,,5,mV s−1,stated,,,,uncertain,,354,F g−1,derived,"Text: ""for 40-µm-thick hydrogel electrodes 4 F cm−2 is achieved at 5 mV s−1 (Fig. 3e)"". C_g = C_a / loading = 4 F cm−2 / 11.3e-3 g cm−2 = 354 F g−1, at the 5 mV s−1 already in the scan_rate cell. Cross-checked by reading Fig. 3e (open black squares, leftmost point at ~5 mV s−1; y-axis calibrated on the 0/50/.../350 F g−1 ticks): ~347 F g−1 — agrees within 2%. [+-3%]","1,000",F cm−3,derived,"C_v = C_a / t = 4 F cm−2 (stated, at 5 mV s−1) / 40e-4 cm = 1,000 F cm−3. Equivalent route: electrode density = 11.3e-3 g cm−2 / 40e-4 cm = 2.83 g cm−3, matching the Methods statement that ~40 µm hydrogels show ""the lowest density of ~2.8 g cm−3""; 354 F g−1 x 2.83 g cm−3 = 1,000 F cm−3. Figure check: Fig. 2e gold triangles (40 µm hydrogel), y-axis calibrated on 0/200/.../1400 ticks, gives ~960 F cm−3 at 5 mV s−1 (~1,010 at 2 mV s−1) — 4% below the derived value, within reading error. [+-5%]",4,F cm−2,stated,,True,Primary formula 'Ti3C2Tx' contains Ti3C2 (Ti3C2Tx or Ti3C2).,True,Synthesis explicitly mentions both LiF and HCl.,True,Electrolyte explicitly mentions H2SO4 (sulfuric acid).,PASS,Passes all criteria.
nenergy2017105.pdf,nenergy2017105.pdf,10.1038/nenergy.2017.105,2017,Lukatskaya et al.,"MP-Ti3C2 (0.43 mg cm−2, 13 μm)",primary,True,Ti3C2Tx,,stated,Ti3C2Tx,,stated,LiF/HCl etching (MILD); PMMA-templated macroporous film,,stated,single-layer flakes,,stated,,26.8,Å,derived,,single-layer flakes,,stated,,,,uncertain,,1–2,μm,stated,,,,uncertain,13,μm,stated,,0.43,mg cm−2,stated,,3 M H2SO4,,stated,,,uncertain,,10,mV s−1,stated,,,,uncertain,,310,F g−1,stated,,103,F cm−3,derived,"Paper reports no volumetric capacitance for macroporous films; derived from stated numbers. Electrode density = 0.43e-3 g cm−2 / 13e-4 cm = 0.331 g cm−3 (consistent with Methods ""~0.35 g cm−3"" for MP electrodes <30 µm). C_v = C_g x density = 310 F g−1 x 0.331 = 102.5 F cm−3. Independent route C_v = C_a / t = 0.135 F cm−2 / 13e-4 cm = 103.8 F cm−3. Both from the same stated sentence: ""gravimetric capacitance of 310 F g−1 at a scan rate of 10 mV s−1 (0.135 F cm−2) ... for a 13-µm-thick film"". Condition = 10 mV s−1, matching the filled scan_rate cell. [+-5%]",0.135,F cm−2,stated,,True,Primary formula 'Ti3C2Tx' contains Ti3C2 (Ti3C2Tx or Ti3C2).,True,Synthesis explicitly mentions both LiF and HCl.,True,Electrolyte explicitly mentions H2SO4 (sulfuric acid).,PASS,Passes all criteria.
nenergy2017105.pdf,nenergy2017105.pdf,10.1038/nenergy.2017.105,2017,Lukatskaya et al.,"MP-Ti3C2 (0.9 mg cm−2, 25 μm)",variant,False,Ti3C2Tx,,stated,Ti3C2Tx,,stated,LiF/HCl etching (MILD); PMMA-templated macroporous film,,stated,few monolayers,,stated,,26.8,Å,derived,,few-layer,,derived,,,,uncertain,,1–2,μm,derived,,,,uncertain,25,μm,stated,,0.9,mg cm−2,stated,,3 M H2SO4,,derived,,,uncertain,,1,V s−1,stated,,,,uncertain,,280,F g−1,stated,,101,F cm−3,derived,"Derived; paper reports no volumetric capacitance for MP films. From ""capacitance of 280 F g−1 (0.23 F cm−2) at 1 V s−1"" for the 25-µm-thick MP electrode. Density = 0.9e-3 g cm−2 / 25e-4 cm = 0.36 g cm−3 (matches Methods ""0.35 to 0.4 g cm−3"" for MP films <30 µm); C_v = 280 x 0.36 = 100.8 F cm−3. The alternative route C_v = C_a / t = 0.23 / 25e-4 = 92 F cm−3 is 9% lower, because the paper's own rounded pair 280 F g−1 / 0.23 F cm−2 implies 0.82 rather than 0.9 mg cm−2. Hence the 10% uncertainty; true value lies in 92-101 F cm−3. Condition = 1 V s−1, matching the filled scan_rate cell. [+-10%]",0.23,F cm−2,stated,,True,Primary formula 'Ti3C2Tx' contains Ti3C2 (Ti3C2Tx or Ti3C2).,True,Synthesis explicitly mentions both LiF and HCl.,True,Electrolyte explicitly mentions H2SO4 (sulfuric acid).,PASS,Passes all criteria.
nenergy2017105.pdf,nenergy2017105.pdf,10.1038/nenergy.2017.105,2017,Lukatskaya et al.,"MP-Ti3C2 (4.3 mg cm−2, 180 μm)",variant,False,Ti3C2Tx,,stated,Ti3C2Tx,,stated,LiF/HCl etching (MILD); PMMA-templated macroporous film,,stated,few monolayers,,stated,,26.8,Å,derived,,few-layer,,derived,,,,uncertain,,1–2,μm,derived,,,,uncertain,180,μm,stated,,4.3,mg cm−2,stated,,3 M H2SO4,,derived,,,uncertain,,1,V s−1,stated,,,,uncertain,,125,F g−1,stated,,30,F cm−3,derived,"Derived; paper reports no volumetric capacitance for MP films. From ""a 180-µm-thick film demonstrated capacitance of 125 F g−1 (0.54 F cm−2) at 1 V s−1"". Density = 4.3e-3 g cm−2 / 180e-4 cm = 0.239 g cm−3 (consistent with Methods: thick 150-200 µm MP electrodes ""possessed the density of 0.25 to 0.3 g cm−3""). C_v = 125 x 0.239 = 29.9 F cm−3; independent route C_v = C_a / t = 0.54 / 180e-4 = 30.0 F cm−3. The two routes agree to <1%. Condition = 1 V s−1, matching the filled scan_rate cell. [+-5%]",0.54,F cm−2,stated,,True,Primary formula 'Ti3C2Tx' contains Ti3C2 (Ti3C2Tx or Ti3C2).,True,Synthesis explicitly mentions both LiF and HCl.,True,Electrolyte explicitly mentions H2SO4 (sulfuric acid).,PASS,Passes all criteria.
nenergy2017105.pdf,nenergy2017105.pdf,10.1038/nenergy.2017.105,2017,Lukatskaya et al.,"Macroporous Ti3C2Tx (3.7 mg cm−2, 130 μm)",variant,False,Ti3C2Tx,,stated,Ti3C2Tx,,stated,LiF/HCl etching (MILD); PMMA-templated macroporous film,,stated,few monolayers,,stated,,26.8,Å,derived,,few-layer,,derived,,,,uncertain,,1–2,μm,derived,,,,uncertain,130,μm,stated,,3.7,mg cm−2,stated,,3 M H2SO4,,derived,,,uncertain,,,,uncertain,,,,uncertain,,,,uncertain,,,,uncertain,,,,uncertain,,True,Primary formula 'Ti3C2Tx' contains Ti3C2 (Ti3C2Tx or Ti3C2).,True,Synthesis explicitly mentions both LiF and HCl.,True,Electrolyte explicitly mentions H2SO4 (sulfuric acid).,PASS,Passes all criteria.
nn3c11551.pdf,nn3c11551.pdf,10.1021/acsnano.3c11551,2024,Sikdar et al.,MH,control,False,Ti3C2Tx,,stated,Ti3C2Tx hydrogel,,stated,LiF/HCl (MILD) etching and [Zn(NH3)4]2+-induced hydrogel assembly,,stated,delaminated,,stated,,1.40,nm,stated,,,,stated,,,,stated,,2–10,nm,stated,,,,stated,,,stated,,,,stated,,3 M H2SO4,,derived,20,m2 g−1,stated,,10,mV s−1,stated,,,,stated,,252.5,F g−1,stated,,,,stated,,,,stated,,True,Primary formula 'Ti3C2Tx' contains Ti3C2 (Ti3C2Tx or Ti3C2).,True,Synthesis explicitly mentions both LiF and HCl.,True,Electrolyte explicitly mentions H2SO4 (sulfuric acid).,PASS,Passes all criteria.
nn9b07325.pdf,nn9b07325.pdf,10.1021/acsnano.9b07325,2020,Orangi et al.,MSC-1,control,False,Ti3C2Tx,,stated,"Ti3C2Tx (Tx = =O, -OH, and -F)",,stated,"LiF/HCl selective etching of Ti3AlC2, followed by delamination by tip sonication",,derived,1,,stated,,,,uncertain,,∼0.3,μm,derived,,,,uncertain,,,,uncertain,,,,uncertain,1.5,μm,stated,,3.5,mg cm−2,figure,"[UNCONFIRMED] Fig 3e inset (CA vs M/A, log-log). Calibrated on the x-tick series: detected ticks fit an Origin log axis with 327.2 px/decade, tick at px 899.7 = 5 mg cm-2 and px 998.2 = 10 mg cm-2 (labels sit exactly on those two ticks; the 8 intervening minor ticks reproduce the 5/9-step grid to <0.5 px). Leftmost blue marker at px x=850.8 -> 5*10^((850.8-899.7)/327.2) = 3.54 mg cm-2. Assignment to MSC-1 verified on the y-axis (100 at px 977, 131.5 px/decade): that marker reads C_A = 166 mF cm-2, vs 171 predicted by eq 2 from the stated C/A = 168.1 mF cm-2 at 2 mV/s with the stated tau_MSC-1 = 5.5 s (3% agreement). [+-6%]",PVA/H2SO4 gel electrolyte,,derived,,,uncertain,,2,mV s−1,stated,,,,uncertain,,,,uncertain,,1121,F cm−3,derived,"Derived from two paper-stated numbers using the paper's own normalization (""total volume (V) was calculated by multiplying the total area by the maximum thickness of fingers""): 168.1 mF cm-2 (stated, 2 mV/s) / 1.5 um = 0.1681 F cm-2 / 1.5e-4 cm = 1121 F cm-3. Cross-check with the paper's own energy formula E = C/V * V^2/7200: 1120.7*0.36/7200 = 56.0 mWh cm-3, matching the stated ""about 56 mW h cm-3"" volumetric energy density for MSC-1 exactly. Device-level (two-electrode) basis, same as the already-filled areal value. [+-5%]",168.1,mF cm−2,stated,,True,Primary formula 'Ti3C2Tx' contains Ti3C2 (Ti3C2Tx or Ti3C2).,True,Synthesis explicitly mentions both LiF and HCl.,True,Electrolyte explicitly mentions H2SO4 (sulfuric acid).,PASS,Passes all criteria.
nn9b07325.pdf,nn9b07325.pdf,10.1021/acsnano.9b07325,2020,Orangi et al.,MSC-2,variant,False,Ti3C2Tx,,stated,"Ti3C2Tx (Tx = =O, -OH, and -F)",,derived,"LiF/HCl selective etching of Ti3AlC2, followed by delamination by tip sonication",,derived,2,,stated,,,,uncertain,,∼0.3,μm,derived,,,,uncertain,,,,uncertain,,,,uncertain,3.5,μm,stated,,4.3,mg cm−2,figure,"[UNCONFIRMED] Fig 3e inset, same calibration as MSC-1 (5 mg cm-2 at px 899.7, 327.2 px/decade). Second blue marker at px x=879.3 -> 4.33 mg cm-2. Its y read gives C_A = 321 mF cm-2, consistent with the stated 315.8 mF cm-2 at 2 mV/s (C_A must slightly exceed the measured value; implied tau ~6 s, in the stated 5.5-24.3 s range). [+-6%]",PVA/H2SO4 gel electrolyte,,derived,,,uncertain,,2,mV s−1,stated,,,,uncertain,,,,uncertain,,902,F cm−3,derived,Derived: stated 315.8 mF cm-2 at 2 mV/s / stated 3.5 um height = 0.3158 F cm-2 / 3.5e-4 cm = 902 F cm-3 (paper's normalization: total area x finger height; method verified exactly on MSC-1 against its stated 56 mWh cm-3). [+-5%],315.8,mF cm−2,stated,,True,Primary formula 'Ti3C2Tx' contains Ti3C2 (Ti3C2Tx or Ti3C2).,True,Synthesis explicitly mentions both LiF and HCl.,True,Electrolyte explicitly mentions H2SO4 (sulfuric acid).,PASS,Passes all criteria.
nn9b07325.pdf,nn9b07325.pdf,10.1021/acsnano.9b07325,2020,Orangi et al.,MSC-5,variant,False,Ti3C2Tx,,stated,"Ti3C2Tx (Tx = =O, -OH, and -F)",,derived,"LiF/HCl selective etching of Ti3AlC2, followed by delamination by tip sonication",,derived,5,,stated,,,,uncertain,,∼0.3,μm,derived,,,,uncertain,,,,uncertain,,,,uncertain,12,μm,stated,,6.7,mg cm−2,figure,"[UNCONFIRMED] Fig 3e inset, same calibration. Marker at px x=941.6 -> 6.71 mg cm-2, y read C_A = 732 mF cm-2. The inset carries FIVE blue markers but only four MSC devices exist; assignment is fixed by physics: the marker at x=923.7 reads C_A = 578 mF cm-2, which is BELOW the stated 685.4 mF cm-2 measured at 2 mV/s and therefore cannot be MSC-5 (eq 2 requires C_A >= C/A). The x=941.6 marker (C_A = 732) implies tau = 19 s, inside the stated 5.5-24.3 s range. Extra uncertainty assigned because of the unexplained 5th marker. [+-8%]",PVA/H2SO4 gel electrolyte,,derived,,,uncertain,,2,mV s−1,stated,,,,uncertain,,,,uncertain,,571,F cm−3,derived,Derived: stated 685.4 mF cm-2 at 2 mV/s / stated 12 um height = 0.6854 F cm-2 / 12e-4 cm = 571 F cm-3 (paper's total-area x finger-height normalization; method verified on MSC-1 against its stated 56 mWh cm-3). [+-5%],685.4,mF cm−2,stated,,True,Primary formula 'Ti3C2Tx' contains Ti3C2 (Ti3C2Tx or Ti3C2).,True,Synthesis explicitly mentions both LiF and HCl.,True,Electrolyte explicitly mentions H2SO4 (sulfuric acid).,PASS,Passes all criteria.
nn9b07325.pdf,nn9b07325.pdf,10.1021/acsnano.9b07325,2020,Orangi et al.,MSC-10,primary,True,Ti3C2Tx,,stated,"Ti3C2Tx (Tx = =O, -OH, and -F)",,derived,"LiF/HCl selective etching of Ti3AlC2, followed by delamination by tip sonication",,derived,10,,stated,,,,uncertain,,∼0.3,μm,derived,,,,uncertain,,,,uncertain,,,,uncertain,75,μm,stated,,10.7,mg cm−2,figure,"[UNCONFIRMED] Fig 3e inset, same calibration. Rightmost blue marker at px x=1007.7 -> 10.69 mg cm-2; its y read gives C_A = 1134 mF cm-2, versus 1126 predicted by eq 2 from the stated C/A = 1035 mF cm-2 at 2 mV/s with the stated tau_MSC-10 = 24.3 s (0.7% agreement), confirming the identification. [+-6%]",PVA/H2SO4 gel electrolyte,,derived,,,uncertain,,2,mV s−1,stated,,,,uncertain,,,,uncertain,,138,F cm−3,derived,"Derived: stated 1035 mF cm-2 at 2 mV/s / stated 75 um height = 1.035 F cm-2 / 75e-4 cm = 138 F cm-3 (paper's total-area x finger-height normalization; method verified on MSC-1 against its stated 56 mWh cm-3). Consistency check: the stated max areal energy 51.7 uWh cm-2 back-solves to C/A = 1034 mF cm-2 via E = C/A*V^2/7200, matching the stated 1035. [+-5%]",1035,mF cm−2,stated,,True,Primary formula 'Ti3C2Tx' contains Ti3C2 (Ti3C2Tx or Ti3C2).,True,Synthesis explicitly mentions both LiF and HCl.,True,Electrolyte explicitly mentions H2SO4 (sulfuric acid).,PASS,Passes all criteria.
nn9b07325.pdf,nn9b07325.pdf,10.1021/acsnano.9b07325,2020,Orangi et al.,MSCF-1,variant,False,Ti3C2Tx,,stated,"Ti3C2Tx (Tx = =O, -OH, and -F)",,stated,"LiF/HCl selective etching of Ti3AlC2, followed by delamination by tip sonication",,derived,1,,stated,,,,uncertain,,∼0.3,μm,derived,,,,uncertain,,,,uncertain,,,,uncertain,,,uncertain,,2.2,mg cm−2,figure,"[UNCONFIRMED] Fig 4d inset (C_A vs M/A, LINEAR axes). x ticks 2/4/6/8/10 mg cm-2 at px 1584.4/1637.7/1690.1/1743.3/1796.5 (26.47 px per unit); y ticks 800/600/400/200 at px 667.9/713.5/759.1/804.6. Four blue markers for four MSCF devices, monotonic. Lowest marker px (1588.7, 821.7) -> M/A = 2.16 mg cm-2, C_A = 125 mF cm-2 (consistent with the 134 mF cm-2 read at 2 mV/s within read error). [+-4%]",PVA/H2SO4 gel electrolyte,,derived,,,uncertain,,2,mV s−1,figure,"Scan rate at which the Fig 4d areal capacitance above was read; the leftmost data column calibrates to 2.02-2.05 mV/s and 2 mV s-1 is an explicit set point of the CV series (Fig 4b legend ""2 mV s-1""; Methods: ""scan rates ranging from 2 to 1000 mV s-1"").",,,uncertain,,,,uncertain,,,,uncertain,,134,mF cm−2,figure,"[UNCONFIRMED] Fig 4d (areal capacitance vs scan rate, log-log; MSCF-1 = black squares). Axes calibrated on detected tick series: x majors 1/10/100/1000 at px 1505.2/1675.0/1844.7/2014.6 (169.8 px/decade); y majors 1000/100/10 at px 438.7/618.1/797.1 (179.2 px/decade). Leftmost black square centre px (1556.3, 595.0) -> 2.05 mV/s, 134 mF cm-2. Square marker so centroid = data point; no shape bias. Text gives no MSCF capacitance value, so no direct cross-check available; magnitudes are consistent with the paper's statement that polymer-substrate devices underperform the glass ones (168.1 mF cm-2 for MSC-1). [+-3%]",True,Primary formula 'Ti3C2Tx' contains Ti3C2 (Ti3C2Tx or Ti3C2).,True,Synthesis explicitly mentions both LiF and HCl.,True,Electrolyte explicitly mentions H2SO4 (sulfuric acid).,PASS,Passes all criteria.
nn9b07325.pdf,nn9b07325.pdf,10.1021/acsnano.9b07325,2020,Orangi et al.,MSCF-2,variant,False,Ti3C2Tx,,stated,"Ti3C2Tx (Tx = =O, -OH, and -F)",,derived,"LiF/HCl selective etching of Ti3AlC2, followed by delamination by tip sonication",,derived,2,,stated,,,,uncertain,,∼0.3,μm,derived,,,,uncertain,,,,uncertain,,,,uncertain,,,uncertain,,3.0,mg cm−2,figure,"[UNCONFIRMED] Fig 4d inset, linear-axis calibration as above. Second marker px (1609.9, 799.2) -> M/A = 2.96 mg cm-2, C_A = 224 mF cm-2, which coincides with the MSCF-2 value read at 2 mV/s in the main panel, confirming the assignment. [+-4%]",PVA/H2SO4 gel electrolyte,,derived,,,uncertain,,2,mV s−1,figure,"Scan rate of the Fig 4d point read above; leftmost data column calibrates to 2.03 mV/s, an explicit CV set point (Fig 4b legend, Methods ""2 to 1000 mV s-1"").",,,uncertain,,,,uncertain,,,,uncertain,,224,mF cm−2,figure,"[UNCONFIRMED] Fig 4d, same axis calibration as MSCF-1. Leftmost red circle centre px (1556.7, 555.0) -> 2.03 mV/s, 224 mF cm-2. Circular marker, so centroid = data point. Matches the Fig 4d inset C_A = 224 mF cm-2 for the corresponding device. [+-3%]",True,Primary formula 'Ti3C2Tx' contains Ti3C2 (Ti3C2Tx or Ti3C2).,True,Synthesis explicitly mentions both LiF and HCl.,True,Electrolyte explicitly mentions H2SO4 (sulfuric acid).,PASS,Passes all criteria.
nn9b07325.pdf,nn9b07325.pdf,10.1021/acsnano.9b07325,2020,Orangi et al.,MSCF-5,variant,False,Ti3C2Tx,,stated,"Ti3C2Tx (Tx = =O, -OH, and -F)",,derived,"LiF/HCl selective etching of Ti3AlC2, followed by delamination by tip sonication",,derived,5,,stated,,,,uncertain,,∼0.3,μm,derived,,,,uncertain,,,,uncertain,,,,uncertain,,,uncertain,,5.4,mg cm−2,figure,"[UNCONFIRMED] Fig 4d inset, linear-axis calibration as above. Third marker px (1673.1, 756.8) -> M/A = 5.35 mg cm-2, C_A = 410 mF cm-2 (matches the MSCF-5 main-panel value of ~400 mF cm-2 at 2 mV/s). [+-4%]",PVA/H2SO4 gel electrolyte,,derived,,,uncertain,,2,mV s−1,figure,"Scan rate of the Fig 4d point read above; leftmost data column calibrates to 2.03 mV/s, an explicit CV set point (Fig 4b legend, Methods ""2 to 1000 mV s-1"").",,,uncertain,,,,uncertain,,,,uncertain,,400,mF cm−2,figure,"[UNCONFIRMED] Fig 4d, same calibration. Leftmost green up-triangle at 2.03 mV/s: bounding-box centre px y=509.0 -> 405 mF cm-2 (area centroid y=511.1 -> 394; up-triangle centroid sits below the marker centre, so the two bracket the true value). Reported as 400 with a widened uncertainty for the triangle shape bias. Fig 4d inset gives C_A = 410 mF cm-2 for this device, which is the v->0 extrapolation and must exceed the 2 mV/s value - consistent. [+-6%]",True,Primary formula 'Ti3C2Tx' contains Ti3C2 (Ti3C2Tx or Ti3C2).,True,Synthesis explicitly mentions both LiF and HCl.,True,Electrolyte explicitly mentions H2SO4 (sulfuric acid).,PASS,Passes all criteria.
nn9b07325.pdf,nn9b07325.pdf,10.1021/acsnano.9b07325,2020,Orangi et al.,MSCF-10,variant,False,Ti3C2Tx,,stated,"Ti3C2Tx (Tx = =O, -OH, and -F)",,derived,"LiF/HCl selective etching of Ti3AlC2, followed by delamination by tip sonication",,derived,10,,stated,,,,uncertain,,∼0.3,μm,derived,,,,uncertain,,,,uncertain,,,,uncertain,,,uncertain,,9.3,mg cm−2,figure,"[UNCONFIRMED] Fig 4d inset, linear-axis calibration as above. Highest marker px (1778.8, 677.0) -> M/A = 9.34 mg cm-2, C_A = 760 mF cm-2, which with the text-stated tau_MSCF-10 = 50.2 s reproduces the 2 mV/s main-panel value (633 vs 620 read), confirming the assignment. [+-4%]",PVA/H2SO4 gel electrolyte,,derived,,,uncertain,,2,mV s−1,figure,"Scan rate of the Fig 4d point read above; leftmost data column calibrates to 2.02 mV/s, an explicit CV set point (Fig 4b legend, Methods ""2 to 1000 mV s-1"").",,,uncertain,,,,uncertain,,,,uncertain,,620,mF cm−2,figure,"[UNCONFIRMED] Fig 4d, same calibration. Leftmost blue down-triangle at 2.02 mV/s: bounding-box centre px y=476.5 -> 615 mF cm-2, area centroid y=474.4 -> 632 (down-triangle centroid sits above the marker centre). Reported as 620. Independent check: Fig 4d inset gives C_A = 760 mF cm-2 for this device, and eq 2 with the text-stated tau_MSCF-10 = 50.2 s predicts C/A = 760*(1 - 2*50.2/600) = 633 mF cm-2 at 2 mV/s - within 2% of the read. [+-6%]",True,Primary formula 'Ti3C2Tx' contains Ti3C2 (Ti3C2Tx or Ti3C2).,True,Synthesis explicitly mentions both LiF and HCl.,True,Electrolyte explicitly mentions H2SO4 (sulfuric acid).,PASS,Passes all criteria.
nn9b07325.pdf,nn9b07325.pdf,10.1021/acsnano.9b07325,2020,Orangi et al.,MSCs printed on paper,variant,False,Ti3C2Tx,,stated,"Ti3C2Tx (Tx = =O, -OH, and -F)",,stated,"LiF/HCl selective etching of Ti3AlC2, followed by delamination by tip sonication",,derived,,,uncertain,,,,uncertain,,∼0.3,μm,derived,,,,uncertain,,,,uncertain,,,,uncertain,,,uncertain,,,,uncertain,,PVA/H2SO4 gel electrolyte,,derived,,,uncertain,,,,uncertain,,,,uncertain,,,,uncertain,,,,uncertain,,,,uncertain,,True,Primary formula 'Ti3C2Tx' contains Ti3C2 (Ti3C2Tx or Ti3C2).,True,Synthesis explicitly mentions both LiF and HCl.,True,Electrolyte explicitly mentions H2SO4 (sulfuric acid).,PASS,Passes all criteria.
Reassembly-of-MXene-Hydrogels-into-Flexible-Films-towards-Compact-and-Ultrafast-Supercapacitors.pdf,Reassembly-of-MXene-Hydrogels-into-Flexible-Films-towards-Compact-and-Ultrafast-Supercapacitors.pdf,10.1002/adfm.202102874,2021,Wu et al.,Ti3C2Tx film,control,False,Ti3C2Tx,,stated,Ti3C2Tx nanosheet film,,stated,Selective etching of Ti3AlC2 using LiF and HCl; vacuum filtration,,derived,,,stated,,1.48,nm,figure,"[UNCONFIRMED] Figure 2d (zoomed XRD, 5-10 deg). Pixel-calibrated on the 5/6/7/8/9/10 deg ticks: black Ti3C2Tx-film (0002) apex at 2theta=5.95 deg -> theta=2.974, d=1.5406/(2*sin2.974)=14.85 A=1.485 nm. Check: paper states delta-d between vacuum-dried Ti3C2Tx film and microgel film = 0.11 nm; my reads give 1.485-1.383=0.102 nm, agreeing within 0.01 nm. [+-2%]",,,stated,,,,stated,,,,stated,,,,stated,3,um,figure,"[UNCONFIRMED] Printed label burned into Figure 2c (cross-sectional SEM of the Ti3C2Tx film): '3 um, 1.19 mg cm-2'. The white arrow spans the entire film from top surface to substrate. Not a scale-bar estimate - it is the authors' own printed number. Cross-check: 1.19 mg cm-2 / 3.0e-4 cm = 3.97 g cm-3, exactly the 0%-microgel density point read from Figure 2g.",1.19,mg cm-2,figure,"[UNCONFIRMED] Printed label in Figure 2c: '3 um, 1.19 mg cm-2'. Consistency check with Figure 2g density (3.97 g cm-3) x 3 um = 1.19 mg cm-2.",3 M H2SO4 aqueous electrolyte,,derived,8.4,m2 g-1,derived,"Text states the series range 'specific surface area (SSA) (8.4-65.4 m2 g-1)' and 'from 8.4 to 65.4 m2 g-1 (Figure 2g)'. Figure 2g shows SSA rising monotonically with microgel content, so 8.4 is the 0%-microgel (pure Ti3C2Tx film) end. My independent pixel read of the 0% red marker gives 8.4 m2 g-1, matching the stated endpoint exactly. [+-2%]",2000,mV s-1,stated,Figure 3d is explicitly labelled '2000 mV s-1' and its caption reads 'Gravimetric and volumetric capacitance of films with different microgel content at 2000 mV s-1'. This is the scan rate for the two capacitance values reported for this row.,,,stated,,31,F g-1,figure,"[UNCONFIRMED] Figure 3d, black circle at 0% microgel content, left axis calibrated on the 100/200/300 F g-1 ticks -> 31 F g-1. Calibration validated on the same panel: the 50% red star reads 734 F cm-3 vs the text-stated 736 F cm-3 (0.3% error). Also consistent with the stated 10% retention at 2000 mV s-1 (31/0.10 = 310 F g-1 at 10 mV s-1, near the ~295 F g-1 common low-rate value). Three-electrode value, not a device value. [+-6%]",125,F cm-3,figure,"[UNCONFIRMED] Figure 3d, red star at 0% microgel content, right axis calibrated on the 0/150/300/450/600/750 F cm-3 ticks -> 125 F cm-3 at 2000 mV s-1. Internal check: 125/31 = 4.03 g cm-3, matching the 3.97 g cm-3 density of this film from Figure 2g. Panel calibration verified by the 50% star reading 734 vs stated 736 F cm-3. [+-5%]",,,stated,,True,Primary formula 'Ti3C2Tx' contains Ti3C2 (Ti3C2Tx or Ti3C2).,True,Synthesis explicitly mentions both LiF and HCl.,True,Electrolyte explicitly mentions H2SO4 (sulfuric acid).,PASS,Passes all criteria.
Reassembly-of-MXene-Hydrogels-into-Flexible-Films-towards-Compact-and-Ultrafast-Supercapacitors.pdf,Reassembly-of-MXene-Hydrogels-into-Flexible-Films-towards-Compact-and-Ultrafast-Supercapacitors.pdf,10.1002/adfm.202102874,2021,Wu et al.,RAMX-25% film,variant,False,Ti3C2Tx,,stated,"Ti3C2Tx nanosheets and Ti3C2Tx microgels, 25% microgel content",,stated,LiF/HCl-etched Ti3C2Tx; GO-assisted hydrogel disassembly; vacuum filtration,,derived,,,stated,,1.39,nm,figure,"[UNCONFIRMED] Figure 2d (zoomed XRD 5-10 deg), red curve (0002) apex at 2theta=6.34 deg -> d=1.5406/(2*sin(3.17 deg))=13.92 A=1.392 nm. NOTE: the three RAMX curves peak at 6.344/6.347/6.327 deg, i.e. identical within my +/-0.03 deg reading precision; I report the same 1.39 nm for all three rather than fabricate an ordering. [+-2%]",,,stated,,,,stated,,3–5,nm,stated,,,,stated,,,stated,,,,stated,,3 M H2SO4 aqueous electrolyte,,derived,,,stated,,2000,mV s-1,stated,Figure 3d panel label '2000 mV s-1' and caption 'Gravimetric and volumetric capacitance of films with different microgel content at 2000 mV s-1' - the condition for this row's two capacitance values.,,,stated,,,,stated,,,,stated,,,,stated,,True,Primary formula 'Ti3C2Tx' contains Ti3C2 (Ti3C2Tx or Ti3C2).,True,Synthesis explicitly mentions both LiF and HCl.,True,Electrolyte explicitly mentions H2SO4 (sulfuric acid).,PASS,Passes all criteria.
Reassembly-of-MXene-Hydrogels-into-Flexible-Films-towards-Compact-and-Ultrafast-Supercapacitors.pdf,Reassembly-of-MXene-Hydrogels-into-Flexible-Films-towards-Compact-and-Ultrafast-Supercapacitors.pdf,10.1002/adfm.202102874,2021,Wu et al.,RAMX-50% film,primary,True,Ti3C2Tx,,stated,"Ti3C2Tx nanosheets and Ti3C2Tx microgels, 50% microgel content",,stated,LiF/HCl-etched Ti3C2Tx; GO-assisted hydrogel disassembly; vacuum filtration,,derived,,,stated,,1.39,nm,figure,"[UNCONFIRMED] Figure 2d (zoomed XRD 5-10 deg), blue curve (0002) apex at 2theta=6.35 deg -> d=1.5406/(2*sin(3.17 deg))=13.91 A=1.391 nm. The three RAMX curves (6.344/6.347/6.327 deg) are indistinguishable within my +/-0.03 deg precision, so all three get the same 1.39 nm. [+-2%]",,,stated,,,,stated,,3–5,nm,stated,,,,stated,3.5,um,figure,"[UNCONFIRMED] Printed label burned into Figure 2b (cross-sectional SEM of RAMX-50% film): '3.5 um, 1.16 mg cm-2'. The white arrow spans the whole film. Cross-check: 1.16 mg cm-2 / 3.5e-4 cm = 3.31 g cm-3, matching the ~3.3 g cm-3 density at 50% microgel in Figure 2g, and matching 736/221 = 3.33 from Figure 3d.",1.16,mg cm-2,figure,"[UNCONFIRMED] Printed label in Figure 2b: '3.5 um, 1.16 mg cm-2'. Text also notes this film has 'a thickness close to the MXene film with similar mass loading' (1.19 mg cm-2 for Ti3C2Tx film).",3 M H2SO4 aqueous electrolyte,,derived,,,stated,,10,mV s−1,stated,,,,stated,,295,F g-1,derived,"[UNCONFIRMED] Derived at the row's existing scan rate of 10 mV s-1, two independent ways that agree. (1) C_g = C_v/density = 978 F cm-3 (text-stated at 10 mV s-1) / 3.31 g cm-3 (= 1.16 mg cm-2 / 3.5 um, printed in Figure 2b) = 295 F g-1. (2) From Figure 3d, C_g(2000 mV s-1) = 221 F g-1, and the text states 75% retention from 10 to 2000 mV s-1, so C_g(10) = 221/0.75 = 295 F g-1. [+-4%]",978,F cm−3,stated,,,,stated,,True,Primary formula 'Ti3C2Tx' contains Ti3C2 (Ti3C2Tx or Ti3C2).,True,Synthesis explicitly mentions both LiF and HCl.,True,Electrolyte explicitly mentions H2SO4 (sulfuric acid).,PASS,Passes all criteria.
Reassembly-of-MXene-Hydrogels-into-Flexible-Films-towards-Compact-and-Ultrafast-Supercapacitors.pdf,Reassembly-of-MXene-Hydrogels-into-Flexible-Films-towards-Compact-and-Ultrafast-Supercapacitors.pdf,10.1002/adfm.202102874,2021,Wu et al.,RAMX-75% film,variant,False,Ti3C2Tx,,stated,"Ti3C2Tx nanosheets and Ti3C2Tx microgels, 75% microgel content",,stated,LiF/HCl-etched Ti3C2Tx; GO-assisted hydrogel disassembly; vacuum filtration,,derived,,,stated,,1.39,nm,figure,"[UNCONFIRMED] Figure 2d (zoomed XRD 5-10 deg), green curve (0002) apex at 2theta=6.33 deg -> d=13.96 A=1.396 nm. Reported as 1.39 nm because the three RAMX curves (6.327-6.347 deg) are equal within my +/-0.03 deg precision; I do not claim an ordering among them. [+-2%]",,,stated,,,,stated,,3–5,nm,stated,,,,stated,,,stated,,,,stated,,3 M H2SO4 aqueous electrolyte,,derived,,,stated,,2000,mV s-1,stated,Figure 3d panel label '2000 mV s-1' / caption 'at 2000 mV s-1' - the condition for this row's capacitance values.,,,stated,,197,F g-1,figure,"[UNCONFIRMED] Figure 3d, black circle at 75% microgel content -> 197 F g-1 at 2000 mV s-1. Internal check: 579/197 = 2.94 g cm-3 = the 75% density read from Figure 2g (2.93). Panel calibration verified by the 50% red star reading 734 vs stated 736 F cm-3. [+-5%]",579,F cm-3,figure,"[UNCONFIRMED] Figure 3d, red star at 75% microgel content, right axis (0/150/300/450/600/750 ticks) -> 579 F cm-3 at 2000 mV s-1. Same-panel calibration check: 50% star = 734 vs text-stated 736 F cm-3. [+-4%]",,,stated,,True,Primary formula 'Ti3C2Tx' contains Ti3C2 (Ti3C2Tx or Ti3C2).,True,Synthesis explicitly mentions both LiF and HCl.,True,Electrolyte explicitly mentions H2SO4 (sulfuric acid).,PASS,Passes all criteria.
Reassembly-of-MXene-Hydrogels-into-Flexible-Films-towards-Compact-and-Ultrafast-Supercapacitors.pdf,Reassembly-of-MXene-Hydrogels-into-Flexible-Films-towards-Compact-and-Ultrafast-Supercapacitors.pdf,10.1002/adfm.202102874,2021,Wu et al.,microgel film,control,False,Ti3C2Tx,,stated,Ti3C2Tx microgel film; microgels derived from GO-assisted Ti3C2Tx hydrogel,,stated,LiF/HCl-etched Ti3C2Tx; GO-assisted hydrogel disassembly by probe sonication; vacuum filtration,,derived,3D crosslinked nanosheets,,stated,,1.38,nm,figure,"[UNCONFIRMED] Figure 2d (zoomed XRD 5-10 deg), purple curve (0002) apex at 2theta=6.39 deg -> d=1.5406/(2*sin(3.19 deg))=13.83 A=1.383 nm. Check against the text: stated delta-d between vacuum-dried Ti3C2Tx film and microgel film is 0.11 nm; my reads give 1.485-1.383=0.102 nm. [+-2%]",570,nm,stated,,,,stated,,3–5,nm,stated,,,,stated,,,stated,,,,stated,,3 M H2SO4 aqueous electrolyte,,derived,65.4,m2 g-1,derived,"Text states the series range 'SSA ... (from 8.4 to 65.4 m2 g-1) (Figure 2g)'; Figure 2g shows SSA increasing monotonically with microgel content, so 65.4 is the 100%-microgel (microgel film) end. My independent pixel read of the 100% red marker gives 64.7-65.1 m2 g-1, matching the stated endpoint within 1%. [+-2%]",2000,mV s-1,stated,Figure 3d panel label '2000 mV s-1' / caption 'at 2000 mV s-1' - the condition for this row's capacitance values.,,,stated,,206,F g-1,figure,"[UNCONFIRMED] Figure 3d, black circle at 100% microgel content -> 206 F g-1 at 2000 mV s-1. Internal check: 531/206 = 2.58 g cm-3 = the 100% density read from Figure 2g (2.57). Panel calibration verified by the 50% red star reading 734 vs stated 736 F cm-3. [+-5%]",531,F cm-3,figure,"[UNCONFIRMED] Figure 3d, red star at 100% microgel content, right axis (0/150/300/450/600/750 ticks) -> 531 F cm-3 at 2000 mV s-1. Same-panel calibration check: 50% star = 734 vs text-stated 736 F cm-3. [+-4%]",,,stated,,True,Primary formula 'Ti3C2Tx' contains Ti3C2 (Ti3C2Tx or Ti3C2).,True,Synthesis explicitly mentions both LiF and HCl.,True,Electrolyte explicitly mentions H2SO4 (sulfuric acid).,PASS,Passes all criteria.
s40820-024-01567-2.pdf,s40820-024-01567-2.pdf,10.1007/s40820-024-01567-2,2025,Eunji Kim et al.,MXene-pseudocapacitor (Pseudocapacitive Sensor),primary,True,Ti3C2Tx,,stated,"Ti3C2Tx (Tx = -O, -OH, -F)",,stated,LiF/HCl MILD method,,stated,delaminated,,stated,,13.54,Å,stated,,approximately 1,µm,stated,,,,stated,,,,stated,,,,stated,~50,nm,stated,,,,stated,,2 M PVA/H2SO4 gel electrolyte,,stated,,,stated,,10,mV s−1,stated,,,,stated,,,,stated,,1293.27,F cm−3,stated,,,,stated,,True,Primary formula 'Ti3C2Tx' contains Ti3C2 (Ti3C2Tx or Ti3C2).,True,Synthesis explicitly mentions both LiF and HCl.,True,Electrolyte explicitly mentions H2SO4 (sulfuric acid).,PASS,Passes all criteria.
s40820-024-01567-2.pdf,s40820-024-01567-2.pdf,10.1007/s40820-024-01567-2,2025,Eunji Kim et al.,flexible MXene MSCs without a buffer layer,control,False,Ti3C2Tx,,derived,"Ti3C2Tx (Tx = -O, -OH, -F)",,derived,LiF/HCl MILD method,,derived,delaminated,,derived,,,,stated,,approximately 1,µm,derived,,,,stated,,,,stated,,,,stated,~50,nm,derived,,,,stated,,PVA/H2SO4 gel electrolyte,,uncertain,,,stated,,,,uncertain,,,,stated,,,,stated,,946.3,F cm−3,stated,,,,stated,,True,Primary formula 'Ti3C2Tx' contains Ti3C2 (Ti3C2Tx or Ti3C2).,True,Synthesis explicitly mentions both LiF and HCl.,True,Electrolyte explicitly mentions H2SO4 (sulfuric acid).,PASS,Passes all criteria.
s41586-018-0109-z.pdf,s41586-018-0109-z.pdf,10.1038/s41586-018-0109-z,2018,Xia et al.,6 µm filtration,control,False,Ti3C2Tx,,stated,Ti3C2Tx–SWCNT (10 wt% SWCNT),,stated,LiF/HCl etching followed by vacuum-assisted filtration,,stated,delaminated,,derived,,,,stated,,219 ± 47,nm,derived,,,,stated,,,,stated,,,,stated,6,µm,stated,,,,stated,,deaerated 3 M sulfuric acid (H2SO4),,derived,,,stated,,10,mV s−1,figure,"Fig. 4a/4c x-axis: lowest plotted data point for this sample is at 10 mV s−1 (x-axis major ticks 10/100/1,000/10,000/100,000). This is the condition for the gravimetric/areal values reported below for this row.",,,stated,,265,F g−1,figure,"[UNCONFIRMED] Fig. 4a, black dashed open-circle curve ('6 µm filtration') at 10 mV s−1. y-axis calibrated on the 0/50/100/150/200/250/300 F g−1 ticks (2.935 px per F g−1); marker centre = 264.6 F g−1. Cross-check: same curve reads 229 F g−1 at 50 and 203 F g−1 at 100 mV s−1, matching the visually obvious ~250 F g−1 at 20 mV s−1. [+-4%]",183,F cm−3,derived,"[UNCONFIRMED] Derived: C_v = C_areal / film thickness = 0.110 F cm−2 / 6 µm (6.0e-4 cm) = 183 F cm−3, at 10 mV s−1. Paper never reports volumetric capacitance or film density directly. (Implied density = 0.110/265 F g−1 = 0.42 mg cm−2 ÷ 6 µm = 0.69 g cm−3, consistent with the 35 µm filtered paper's 0.75 g cm−3.) [+-10%]",0.11,F cm−2,figure,"[UNCONFIRMED] Fig. 4c, black dashed open-circle curve at 10 mV s−1; y-axis calibrated on 0.0/0.5/1.0/1.5/2.0 F cm−2 ticks (439.8 px per F cm−2). Open-circle marker spans 0.081–0.140, centre 0.110 F cm−2. [+-8%]",True,Primary formula 'Ti3C2Tx' contains Ti3C2 (Ti3C2Tx or Ti3C2).,True,Synthesis explicitly mentions both LiF and HCl.,True,Electrolyte explicitly mentions H2SO4 (sulfuric acid).,PASS,Passes all criteria.
s41586-018-0109-z.pdf,s41586-018-0109-z.pdf,10.1038/s41586-018-0109-z,2018,Xia et al.,35 µm filtration,control,False,Ti3C2Tx,,stated,Ti3C2Tx–SWCNT (10 wt% SWCNT),,stated,LiF/HCl etching followed by vacuum-assisted filtration,,stated,delaminated,,derived,,,,stated,,219 ± 47,nm,derived,,,,stated,,,,stated,,,,stated,35,µm,stated,,,,stated,,deaerated 3 M sulfuric acid (H2SO4),,derived,,,stated,,10,mV s−1,figure,Fig. 4a/4c x-axis; condition for the gravimetric/areal values reported for this row.,,,stated,,236,F g−1,figure,"[UNCONFIRMED] Fig. 4a, black dashed open-diamond curve ('35 µm filtration') at 10 mV s−1; calibrated y-axis gives marker centre 235.8 F g−1. Cross-check on same curve: 198 F g−1 at 20, 147 at 50, 116 at 100 mV s−1. [+-4%]",177,F cm−3,derived,"[UNCONFIRMED] Derived: C_v = 0.621 F cm−2 / 35 µm (3.5e-3 cm) = 177 F cm−3, at 10 mV s−1. Not reported in the paper. [+-8%]",0.62,F cm−2,figure,"[UNCONFIRMED] Fig. 4c, black dashed open-diamond curve at 10 mV s−1; marker spans 0.587–0.657, centre 0.621 F cm−2. Consistency check: 0.621 / 236 F g−1 = 2.63 mg cm−2 → 0.75 g cm−3 at 35 µm, matching the 6 µm film's implied 0.69 g cm−3. [+-6%]",True,Primary formula 'Ti3C2Tx' contains Ti3C2 (Ti3C2Tx or Ti3C2).,True,Synthesis explicitly mentions both LiF and HCl.,True,Electrolyte explicitly mentions H2SO4 (sulfuric acid).,PASS,Passes all criteria.
s41586-018-0109-z.pdf,s41586-018-0109-z.pdf,10.1038/s41586-018-0109-z,2018,Xia et al.,40 µm MXLLC,variant,False,Ti3C2Tx,,stated,Ti3C2Tx–SWCNT (10 wt% SWCNT),,stated,LiF/HCl etching; C12E6-assisted lamellar liquid-crystal assembly and mechanical shear alignment,,stated,delaminated,,derived,,,,stated,,219 ± 47,nm,derived,,,,stated,,,,stated,,,,stated,40,µm,stated,,,,stated,,deaerated 3 M sulfuric acid (H2SO4),,derived,,,stated,,"2,000",mV s−1,stated,,,,stated,,over 200,F g−1,stated,,32,F cm−3,derived,"[UNCONFIRMED] Derived: C_v = 0.128 F cm−2 / 40 µm (4.0e-3 cm) = 32 F cm−3, at 2,000 mV s−1. Not reported in the paper. [+-10%]",0.13,F cm−2,figure,"[UNCONFIRMED] Fig. 4c, blue '40 µm MXLLC' curve at 2,000 mV s−1 (the scan rate already recorded for this row); calibrated read = 0.128 F cm−2. Independently confirmed by Fig. 4d, where the 2,000 mV s−1 (red) point of the lightest film reads 0.124 F cm−2. [+-8%]",True,Primary formula 'Ti3C2Tx' contains Ti3C2 (Ti3C2Tx or Ti3C2).,True,Synthesis explicitly mentions both LiF and HCl.,True,Electrolyte explicitly mentions H2SO4 (sulfuric acid).,PASS,Passes all criteria.
s41586-018-0109-z.pdf,s41586-018-0109-z.pdf,10.1038/s41586-018-0109-z,2018,Xia et al.,95 µm MXLLC,variant,False,Ti3C2Tx,,stated,Ti3C2Tx–SWCNT (10 wt% SWCNT),,stated,LiF/HCl etching; C12E6-assisted lamellar liquid-crystal assembly and mechanical shear alignment,,stated,delaminated,,derived,,,,stated,,219 ± 47,nm,derived,,,,stated,,,,stated,,,,stated,95,µm,stated,,1.4,mg cm−2,figure,"[UNCONFIRMED] Fig. 4d x-position of the 2nd data point = 1.42 mg cm−2 (x-axis calibrated on the 0/2/4/6 ticks and anchored by the labelled dashed lines at 2.80 and 6.16 mg cm−2). Independently confirmed by C_areal/C_grav from Figs 4c/4a: 0.370 F cm−2 / 259.5 F g−1 = 1.43 mg cm−2 at 10 mV s−1 (and 1.42 at 100, 200 and 500 mV s−1). [+-5%]",deaerated 3 M sulfuric acid (H2SO4),,derived,,,stated,,"2,000",mV s−1,stated,,,,stated,,over 200,F g−1,stated,,31,F cm−3,derived,"[UNCONFIRMED] Derived: C_v = 0.290 F cm−2 / 95 µm (9.5e-3 cm) = 30.5 F cm−3, at 2,000 mV s−1. Not reported in the paper. [+-8%]",0.29,F cm−2,figure,"[UNCONFIRMED] Fig. 4c, red '95 µm MXLLC' curve at 2,000 mV s−1 (the scan rate already recorded for this row) = 0.290 F cm−2. Cross-checked against Fig. 4d 2,000 mV s−1 point at 1.42 mg cm−2 = 0.285 F cm−2. [+-6%]",True,Primary formula 'Ti3C2Tx' contains Ti3C2 (Ti3C2Tx or Ti3C2).,True,Synthesis explicitly mentions both LiF and HCl.,True,Electrolyte explicitly mentions H2SO4 (sulfuric acid).,PASS,Passes all criteria.
s41586-018-0109-z.pdf,s41586-018-0109-z.pdf,10.1038/s41586-018-0109-z,2018,Xia et al.,200 µm MXLLC,primary,True,Ti3C2Tx,,stated,Ti3C2Tx–SWCNT (10 wt% SWCNT),,stated,LiF/HCl etching; C12E6-assisted lamellar liquid-crystal assembly and mechanical shear alignment,,stated,delaminated,,derived,,,,stated,,219 ± 47,nm,derived,,,,stated,,,,stated,,,,stated,200,µm,stated,,2.80,mg cm−2,derived,"Text/Fig. 4d state the labelled loading '2.80 mg cm−2' (dashed line, left edge of the plateau box). Assignment to the 200 µm film is fixed by matching Fig. 4d's 3rd point (areal 0.599 F cm−2 at 1,000 mV s−1 and 0.573 at 2,000) to the purple 200 µm curve in Fig. 4c (0.603 at 1,000 mV s−1); also confirmed arithmetically: 0.755 F cm−2 / 269.5 F g−1 (Figs 4c/4a at 10 mV s−1) = 2.80 mg cm−2. [+-2%]",deaerated 3 M sulfuric acid (H2SO4),,derived,,,stated,,"2,000",mV s−1,stated,,,,stated,,over 200,F g−1,stated,,30,F cm−3,derived,"Derived from the paper's own stated areal value: 'an areal capacitance greater than 0.6 F cm−2 ... is maintained at scan rates of up to 2,000 mV s−1' ÷ 200 µm (2.0e-2 cm) = 30 F cm−3. My figure read of Fig. 4c/4d at 2,000 mV s−1 is slightly lower (0.573 F cm−2 → 29 F cm−3), so the text value is used. [+-8%]",greater than 0.6,F cm−2,stated,,True,Primary formula 'Ti3C2Tx' contains Ti3C2 (Ti3C2Tx or Ti3C2).,True,Synthesis explicitly mentions both LiF and HCl.,True,Electrolyte explicitly mentions H2SO4 (sulfuric acid).,PASS,Passes all criteria.
s41586-018-0109-z.pdf,s41586-018-0109-z.pdf,10.1038/s41586-018-0109-z,2018,Xia et al.,245 µm MXLLC,variant,False,Ti3C2Tx,,stated,Ti3C2Tx–SWCNT (10 wt% SWCNT),,stated,LiF/HCl etching; C12E6-assisted lamellar liquid-crystal assembly and mechanical shear alignment,,stated,delaminated,,derived,,,,stated,,219 ± 47,nm,derived,,,,stated,,,,stated,,,,stated,245,µm,stated,,3.6,mg cm−2,figure,"[UNCONFIRMED] Fig. 4d x-position of the 4th data point = 3.63 mg cm−2 (axis anchored by the labelled 2.80 and 6.16 mg cm−2 dashed lines). Confirmed by C_areal/C_grav from Figs 4c/4a: 0.865/232.7 = 3.72 at 100 mV s−1, 0.645/170.7 = 3.78 at 1,000 mV s−1. [+-5%]",deaerated 3 M sulfuric acid (H2SO4),,derived,,,stated,,10,mV s−1,figure,Fig. 4a/4c x-axis; condition for the gravimetric/areal values reported for this row.,,,stated,,256,F g−1,figure,"[UNCONFIRMED] Fig. 4a, orange '245 µm MXLLC' curve. The 10 mV s−1 marker is partly occluded by the overlying blue/red markers, so the curve was sampled in adjacent columns: 256.2 F g−1 at 9.1 mV s−1 and 256.6 F g−1 at 11.0 mV s−1. Independent check: mass loading 3.63 mg cm−2 x 0.934 F cm−2 (Fig. 4c) gives 257 F g−1. [+-4%]",38,F cm−3,derived,"[UNCONFIRMED] Derived: C_v = 0.934 F cm−2 / 245 µm (2.45e-2 cm) = 38.1 F cm−3, at 10 mV s−1. Not reported in the paper. [+-8%]",0.93,F cm−2,figure,"[UNCONFIRMED] Fig. 4c, orange '245 µm MXLLC' curve at 10 mV s−1; calibrated marker centre = 0.934 F cm−2 (marker spans 0.895–0.965). [+-5%]",True,Primary formula 'Ti3C2Tx' contains Ti3C2 (Ti3C2Tx or Ti3C2).,True,Synthesis explicitly mentions both LiF and HCl.,True,Electrolyte explicitly mentions H2SO4 (sulfuric acid).,PASS,Passes all criteria.
s41586-018-0109-z.pdf,s41586-018-0109-z.pdf,10.1038/s41586-018-0109-z,2018,Xia et al.,320 µm MXLLC,variant,False,Ti3C2Tx,,stated,Ti3C2Tx–SWCNT (10 wt% SWCNT),,stated,LiF/HCl etching; C12E6-assisted lamellar liquid-crystal assembly and mechanical shear alignment,,stated,delaminated,,derived,,,,stated,,219 ± 47,nm,derived,,,,stated,,,,stated,,,,stated,320,µm,stated,,6.16,mg cm−2,derived,"Fig. 4d labelled dashed line '6.16 mg cm−2' marks the 5th (highest-loading) point; assignment to the 320 µm film is fixed by matching that point's areal capacitance at 1,000 mV s−1 (0.647 F cm−2 in Fig. 4d) to the brown 320 µm curve in Fig. 4c (0.667 F cm−2). Caveat: C_areal/C_grav from Figs 4c/4a gives 5.7 mg cm−2 (~7% lower). [+-5%]",deaerated 3 M sulfuric acid (H2SO4),,derived,,,stated,,10,mV s−1,figure,Fig. 4a/4c x-axis; condition for the gravimetric/areal values reported for this row.,,,stated,,268,F g−1,figure,"[UNCONFIRMED] Fig. 4a, brown '320 µm MXLLC' curve. The 10 mV s−1 point is occluded by the overlying purple marker, so the curve was sampled either side: 270 F g−1 at 8.5 mV s−1 and 266 F g−1 at 11.7 mV s−1 → 268 F g−1 at 10 mV s−1. Note this is ~8% higher than 1.529 F cm−2 / 6.16 mg cm−2 = 248 F g−1, an internal inconsistency between Fig. 4a/4c and the labelled 6.16 mg cm−2 in Fig. 4d. [+-5%]",48,F cm−3,derived,"[UNCONFIRMED] Derived: C_v = 1.529 F cm−2 / 320 µm (3.2e-2 cm) = 47.8 F cm−3, at 10 mV s−1. Not reported in the paper. [+-8%]",1.53,F cm−2,figure,"[UNCONFIRMED] Fig. 4c, brown '320 µm MXLLC' curve at 10 mV s−1; calibrated marker centre = 1.529 F cm−2 (marker spans 1.500–1.559); highest areal capacitance of any sample in the paper. [+-5%]",True,Primary formula 'Ti3C2Tx' contains Ti3C2 (Ti3C2Tx or Ti3C2).,True,Synthesis explicitly mentions both LiF and HCl.,True,Electrolyte explicitly mentions H2SO4 (sulfuric acid).,PASS,Passes all criteria.
s41586-018-0109-z.pdf,s41586-018-0109-z.pdf,10.1038/s41586-018-0109-z,2018,Xia et al.,pure Ti3C2Tx vacuum-filtered paper,control,False,Ti3C2Tx,,stated,Ti3C2Tx,,stated,LiF/HCl etching followed by vacuum-assisted filtration,,derived,delaminated,,derived,,,,stated,,219 ± 47,nm,derived,,,,stated,,,,stated,,,,stated,,,stated,,,,stated,,deaerated 3 M sulfuric acid (H2SO4),,derived,,,stated,,,,stated,,,,stated,,,,stated,,,,stated,,,,stated,,True,Primary formula 'Ti3C2Tx' contains Ti3C2 (Ti3C2Tx or Ti3C2).,True,Synthesis explicitly mentions both LiF and HCl.,True,Electrolyte explicitly mentions H2SO4 (sulfuric acid).,PASS,Passes all criteria.
Small Methods - 2025 - Kouchi - StableTi3C2Tx MXene Ink Formulation and High‐Resolution Aerosol Jet Printing for.pdf,Small Methods - 2025 - Kouchi - StableTi3C2Tx MXene Ink Formulation and High‐Resolution Aerosol Jet Printing for.pdf,10.1002/smtd.202500499,2025,Rajabi Kouchi et al.,three-layer MXene SC,primary,True,Ti3C2Tx,,stated,Ti3C2Tx MXene nanoflakes on Au current collector,,derived,LiF/HCl MILD etching followed by NMP liquid-phase exfoliation and solvent exchange,,derived,few-layer or single-layer,,derived,,1.23,nm,derived,,less than 400,nm,derived,,26.85,%,uncertain,,,,stated,,,,stated,1.9,μm,derived,,,,stated,,3 M H2SO4/PVA gel electrolyte,,stated,,,stated,,,,stated,,10,μA,stated,,,,stated,,611,F cm−3,stated,,122,mF cm−2,stated,,True,Primary formula 'Ti3C2Tx' contains Ti3C2 (Ti3C2Tx or Ti3C2).,True,Synthesis explicitly mentions both LiF and HCl.,True,Electrolyte explicitly mentions H2SO4 (sulfuric acid).,PASS,Passes all criteria.
Small Methods - 2025 - Kouchi - StableTi3C2Tx MXene Ink Formulation and High‐Resolution Aerosol Jet Printing for.pdf,Small Methods - 2025 - Kouchi - StableTi3C2Tx MXene Ink Formulation and High‐Resolution Aerosol Jet Printing for.pdf,10.1002/smtd.202500499,2025,Rajabi Kouchi et al.,high-resolution MXene (HR-MXene) SC,variant,False,Ti3C2Tx,,stated,Ti3C2Tx MXene nanoflakes on Au current collector,,stated,LiF/HCl MILD etching followed by NMP liquid-phase exfoliation and solvent exchange,,derived,few-layer or single-layer,,derived,,1.23,nm,derived,,less than 400,nm,derived,,26.85,%,uncertain,,,,stated,,,,stated,≈1.25,μm,stated,,,,stated,,aqueous H2SO4-PVA gel electrolyte,,uncertain,,,stated,,,,stated,,10,μA,stated,,,,stated,,535,F cm−3,stated,,67,mF cm−2,stated,,True,Primary formula 'Ti3C2Tx' contains Ti3C2 (Ti3C2Tx or Ti3C2).,True,Synthesis explicitly mentions both LiF and HCl.,True,Electrolyte explicitly mentions H2SO4 (sulfuric acid).,PASS,Passes all criteria.
Small Science - 2025 - Li - Operando X‐Ray Diffraction Study of MXene Electrode Structure in Supercapacitors with Alkali.pdf,Small Science - 2025 - Li - Operando X‐Ray Diffraction Study of MXene Electrode Structure in Supercapacitors with Alkali.pdf,10.1002/smsc.202500367,2025,Li et al.,Ti3C2Tx MXene,primary,True,Ti3C2Tx,,stated,Ti3C2Tx,,stated,LiF + HCl etching,,stated,,,stated,,14.79,Å,stated,,,,stated,,,,stated,,,,stated,,,,stated,about 2,mm,derived,,about 1–2,mg,stated,"[UNVERIFIED] 'The exact thickness and weight of electrodes were not precisely controlled due to the microscopic size of the cells. Typical loading was about 1-2 mg.' IMPORTANT: this is the total mass of one binder-free MXene electrode inside the 2 mm-diameter capillary cell, NOT an areal loading in mg cm-2; the paper reports no areal loading.",1M H2SO4,,stated,below 10,m2 g-1,stated,,,,stated,,,,stated,,exceeding 100,F g-1,stated,,,,stated,,,,stated,,True,Primary formula 'Ti3C2Tx' contains Ti3C2 (Ti3C2Tx or Ti3C2).,True,Synthesis explicitly mentions both LiF and HCl.,True,Electrolyte explicitly mentions H2SO4 (sulfuric acid).,PASS,Passes all criteria.
Small_2022_Guo_Thickness80_90Independent_Capacitive_Performance_of_Holey_Ti3C2Tx_Film_Prepared_through_a_Mild_Oxidation.pdf,Small_2022_Guo_Thickness80_90Independent_Capacitive_Performance_of_Holey_Ti3C2Tx_Film_Prepared_through_a_Mild_Oxidation.pdf,10.1002/smll.202205947,2022,Guo et al.,pristine Ti3C2Tx,control,False,Ti3C2Tx,,stated,Ti3C2Tx,,stated,"LiF/HCl etching of Ti3AlC2, followed by Ar-protected ultrasonication/delamination",,stated,few-layer,,stated,,14.1,Å,derived,"[UNVERIFIED] Bragg's law on the text-stated (002) position of this exact sample: 'Compared with the (002) diffraction peaks of the pristine Ti3C2Tx film (6.26°), the peaks of all the O-Ti3C2Tx films slightly shift toward lower angle direction to 2theta = 6.17°' (Figure 3a,b). Cu K-alpha, lambda = 0.154 nm (Experimental Section): d = 1.5406/(2*sin(3.13°)) = 14.11 Å. The 6.17° value belongs to the O-Ti3C2Tx samples and was not used here. [+-2%]",1–3,µm,stated,,,,stated,,,,stated,,,,stated,25,µm,stated,,,,stated,,3 M H2SO4 aqueous solution,,derived,,,stated,,,,stated,,0.5,A g−1,stated,,258,F g−1,stated,,,,stated,,,,stated,,True,Primary formula 'Ti3C2Tx' contains Ti3C2 (Ti3C2Tx or Ti3C2).,True,Synthesis explicitly mentions both LiF and HCl.,True,Electrolyte explicitly mentions H2SO4 (sulfuric acid).,PASS,Passes all criteria.
Small_2022_Guo_Thickness80_90Independent_Capacitive_Performance_of_Holey_Ti3C2Tx_Film_Prepared_through_a_Mild_Oxidation.pdf,Small_2022_Guo_Thickness80_90Independent_Capacitive_Performance_of_Holey_Ti3C2Tx_Film_Prepared_through_a_Mild_Oxidation.pdf,10.1002/smll.202205947,2022,Guo et al.,Ti3C2Tx sonicated for 2 h,control,False,Ti3C2Tx,,stated,Ti3C2Tx,,stated,LiF/HCl-derived Ti3C2Tx subsequently sonicated at 230 W for 2 h,,stated,,,stated,,,,stated,,280,nm,stated,,,,stated,,,,stated,,,,stated,10,µm,stated,,,,stated,,3 M H2SO4 aqueous solution,,derived,,,stated,,10,mV s−1,figure,"[UNVERIFIED] Condition of the Figure 6b point read above: 'The specific capacitance of these samples under the scan rate range of 10-3000 mV s-1 is illustrated in Figure 6b', so the first point of each series is 10 mV s−1.",,,stated,,198,F g−1,figure,"[UNVERIFIED] Figure 6b (page 8), 'rate capability in 10-3000 mV s-1', panel annotated 'Electrode thickness 10 um'. Teal 'Ti3C2Tx-2h sonic' series, first point (10 mV s−1). Pixel calibration on the y-axis ticks (0/50/.../300 F g−1 at y=2140/1811/1482/1148.5/822/493/157 px, 6.61 px per F g−1). Marker centre = topmost strictly-colour-matched pixel (y=804) + marker radius 27.5 px (measured on an isolated marker of the same series) -> (2140-831.5)/6.61 = 197.9 F g−1. The 10 mV s−1 markers are crowded against the axis on this linear x-scale, hence the larger uncertainty. Consistency with text: 'The Ti3C2Tx film sonicated for 2 h remains roughly similar property with the pristine film' and it sits below H-Ti3C2Tx-25, which reads 250 F g−1 at the same point. [+-6%]",,,stated,,,,stated,,True,Primary formula 'Ti3C2Tx' contains Ti3C2 (Ti3C2Tx or Ti3C2).,True,Synthesis explicitly mentions both LiF and HCl.,True,Electrolyte explicitly mentions H2SO4 (sulfuric acid).,PASS,Passes all criteria.
Small_2022_Guo_Thickness80_90Independent_Capacitive_Performance_of_Holey_Ti3C2Tx_Film_Prepared_through_a_Mild_Oxidation.pdf,Small_2022_Guo_Thickness80_90Independent_Capacitive_Performance_of_Holey_Ti3C2Tx_Film_Prepared_through_a_Mild_Oxidation.pdf,10.1002/smll.202205947,2022,Guo et al.,Ti3C2Tx sonicated for 3 h,control,False,Ti3C2Tx,,stated,Ti3C2Tx,,stated,LiF/HCl-derived Ti3C2Tx subsequently sonicated at 230 W for 3 h,,stated,,,stated,,,,stated,,240,nm,stated,,,,stated,,,,stated,,,,stated,10,µm,stated,,,,stated,,3 M H2SO4 aqueous solution,,derived,,,stated,,10,mV s−1,figure,"[UNVERIFIED] Condition of the Figure 6b point read above: 'The specific capacitance of these samples under the scan rate range of 10-3000 mV s-1 is illustrated in Figure 6b', so the first point of each series is 10 mV s−1.",,,stated,,223,F g−1,figure,"[UNVERIFIED] Figure 6b, pink 'Ti3C2Tx-3h sonic' series, first point (10 mV s−1), 10 um electrode thickness. Same y-axis pixel calibration (6.61 px per F g−1, 0 F g−1 at y=2140); topmost strictly-colour-matched pink pixel y=640 + 27.5 px marker radius -> (2140-667.5)/6.61 = 222.8 F g−1. Consistency with text: 'Although the Ti3C2Tx film sonicated for 3 h displays enhanced property, its performance is still much lower than that of the H-Ti3C2Tx-25 electrode' - 223 > 198 (2 h) and < 250 (H-Ti3C2Tx-25, read on the same panel). [+-6%]",,,stated,,,,stated,,True,Primary formula 'Ti3C2Tx' contains Ti3C2 (Ti3C2Tx or Ti3C2).,True,Synthesis explicitly mentions both LiF and HCl.,True,Electrolyte explicitly mentions H2SO4 (sulfuric acid).,PASS,Passes all criteria.
smll.201802225.pdf,smll.201802225.pdf,10.1002/smll.201802225,2018,Wang et al.,BMX yarn (69.2 wt. % MXene),variant,False,Ti3C2Tx,,stated,"Ti3C2Tx/CNT, 69.2 wt. % MXene",,stated,LiF/HCl minimally intensive layer delamination (MILD); biscrolling with CNT sheets,,derived,delaminated,,derived,,1.26,nm,derived,"[UNVERIFIED] Text (p.7): ""The XRD spectra also confirm that MXene remained in its delaminated state after yarn fabrication, as shown by the sharp diffraction signal at ~7 deg for the (002) plane of MXene (Figure S3)."" Methods give Cu K-alpha, lambda = 1.5406 A. Bragg: theta = 7/2 = 3.5 deg; d = 1.5406 / (2*sin 3.5 deg) = 1.5406 / 0.12210 = 12.62 A = 1.26 nm. SERIES-LEVEL: the sentence covers the XRD of the BMX yarns as a set, not a per-sample peak position; the underlying Figure S3 is Supporting Information and is not in the PDF, so the only usable input is the text-stated approximate angle ~7 deg (6.5-7.5 deg -> 11.8-13.6 A). [+-10%]",,,uncertain,,,,uncertain,,,,uncertain,,,,uncertain,,,uncertain,,69.2,wt. %,stated,,3 M H2SO4,,derived,,,uncertain,,,,uncertain,,2,mA cm-2,stated,"[UNVERIFIED] Condition of the areal capacitance added for this row. Figure 2 caption (p.8): ""(b) GCD curves obtained at 2 mA cm-2 (c) specific areal capacitance of the BMX yarn electrodes from the GCD curves""; the point read in Fig. 2c sits on the 2 mA cm-2 abscissa.",,,uncertain,,,,uncertain,,194,mF cm-2,figure,"[UNVERIFIED] Figure 2c (p.8), blue triangles = 69.2 wt.%, first point at 2 mA cm-2. Same axis calibration as the 86.2 wt.% read (validated exactly against the printed 3188.1 mF cm-2 for the 97.4 wt.% point). Triangle marker read as bounding-box centre (apex 1724 px, base 1785 px, centre 1754.5 px) -> 0.1944 F cm-2; a centroid read is invalid for a triangular marker and would bias low. INDEPENDENT CROSS-CHECK from Figure 2b GCD at 2 mA cm-2 (discharge time 64.0 s, dV 0.608 V -> C = 0.211 F cm-2), ~8% higher; the same GCD procedure reproduces the 97.4 wt.% value to -1.6%. Value is small, so the two independent reads bracket 0.194-0.211 F cm-2. [+-12%]",True,Primary formula 'Ti3C2Tx' contains Ti3C2 (Ti3C2Tx or Ti3C2).,True,Synthesis explicitly mentions both LiF and HCl.,True,Electrolyte explicitly mentions H2SO4 (sulfuric acid).,PASS,Passes all criteria.
smll.201802225.pdf,smll.201802225.pdf,10.1002/smll.201802225,2018,Wang et al.,BMX yarn (86.2 wt. % MXene),variant,False,Ti3C2Tx,,stated,"Ti3C2Tx/CNT, 86.2 wt. % MXene",,stated,LiF/HCl minimally intensive layer delamination (MILD); biscrolling with CNT sheets,,derived,delaminated,,derived,,1.26,nm,derived,"[UNVERIFIED] Same derivation as for the 69.2 wt.% row: text-stated (002) signal at ~7 deg for the BMX yarns (p.7), Cu K-alpha lambda = 1.5406 A (Experimental, p.18); d = 1.5406/(2*sin 3.5 deg) = 12.62 A = 1.26 nm. SERIES-LEVEL value quoted for the whole BMX yarn series, not a per-sample measurement. [+-10%]",,,uncertain,,,,uncertain,,,,uncertain,,,,uncertain,,,uncertain,,86.2,wt. %,stated,,3 M H2SO4,,derived,,,uncertain,,,,uncertain,,2,mA cm-2,stated,"[UNVERIFIED] Condition of the areal capacitance added for this row. Figure 2 caption (p.8): ""(b) GCD curves obtained at 2 mA cm-2 (c) specific areal capacitance of the BMX yarn electrodes from the GCD curves ... All data were obtained from the BMX yarn electrodes with different MXene loadings""; the point read in Fig. 2c sits on the 2 mA cm-2 abscissa.",,,uncertain,,,,uncertain,,633,mF cm-2,figure,"[UNVERIFIED] Figure 2c (p.8), 'specific areal capacitance of the BMX yarn electrodes from the GCD curves', red circles = 86.2 wt.%, first point at 2 mA cm-2. Axis calibration from the panel frame/tick pixels (y ticks 0,1,2,3 F cm-2 at y = 1832.0, 1435.0, 1035.5, 636.0 px; x ticks 0,20,40,60 mA cm-2 at x = 904.5, 1565.0, 2225.5, 2886.0 px at 1100 dpi). Marker read as bounding-box centre: red j=2 -> 0.6334 F cm-2. CALIBRATION CHECK: the same procedure on the black 97.4 wt.% marker at 2 mA cm-2 gives 3.1881 F cm-2 vs the value printed in the panel (3188.1 mF cm-2) - agreement to 0.0%. INDEPENDENT CROSS-CHECK from Figure 2b GCD at 2 mA cm-2 (discharge time 194.7 s, dV 0.611 V, i = 2 mA cm-2 -> C = 0.638 F cm-2), i.e. within 1%. [+-5%]",True,Primary formula 'Ti3C2Tx' contains Ti3C2 (Ti3C2Tx or Ti3C2).,True,Synthesis explicitly mentions both LiF and HCl.,True,Electrolyte explicitly mentions H2SO4 (sulfuric acid).,PASS,Passes all criteria.
smll.201802225.pdf,smll.201802225.pdf,10.1002/smll.201802225,2018,Wang et al.,BMX yarn (97.4 wt. % MXene),primary,True,Ti3C2Tx,,stated,"Ti3C2Tx/CNT, 97.4 wt. % MXene",,stated,LiF/HCl minimally intensive layer delamination (MILD); biscrolling with CNT sheets,,stated,delaminated,,stated,,1.26,nm,derived,"[UNVERIFIED] Same derivation as for the other two BMX rows: text-stated (002) signal at ~7 deg for the BMX yarns (p.7), Cu K-alpha lambda = 1.5406 A (Experimental, p.18); d = 1.5406/(2*sin 3.5 deg) = 12.62 A = 1.26 nm. SERIES-LEVEL value quoted for the whole BMX yarn series, not a per-sample measurement. [+-10%]",,,uncertain,,,,uncertain,,,,uncertain,,,,uncertain,,,uncertain,,97.4,wt. %,stated,,3 M H2SO4,,stated,,,uncertain,,,,uncertain,,2,mA cm−2,stated,,532,F g−1,stated,,1083,F cm−3,stated,,3188,mF cm−2,stated,,True,Primary formula 'Ti3C2Tx' contains Ti3C2 (Ti3C2Tx or Ti3C2).,True,Synthesis explicitly mentions both LiF and HCl.,True,Electrolyte explicitly mentions H2SO4 (sulfuric acid).,PASS,Passes all criteria.
smll.201804732.pdf,smll.201804732.pdf,10.1002/smll.201804732,2019,Jizhen Zhang et al.,M1P9,variant,False,Ti3C2Tx,,stated,"Ti3C2Tx MXene/PEDOT:PSS, 1:9 mass ratio",,stated,LiF/HCl MILD etching followed by wet-spinning in 98 wt. % H2SO4,,derived,delaminated,,derived,,,,stated,,~1.3,µm,derived,,,,stated,,,,stated,,,,stated,,,stated,,,,stated,,1 M H2SO4,,derived,,,stated,,,,stated,,,,stated,,,,stated,,,,stated,,,,stated,,True,Primary formula 'Ti3C2Tx' contains Ti3C2 (Ti3C2Tx or Ti3C2).,True,Synthesis explicitly mentions both LiF and HCl.,True,Electrolyte explicitly mentions H2SO4 (sulfuric acid).,PASS,Passes all criteria.
smll.201804732.pdf,smll.201804732.pdf,10.1002/smll.201804732,2019,Jizhen Zhang et al.,M3P7,variant,False,Ti3C2Tx,,stated,"Ti3C2Tx MXene/PEDOT:PSS, 3:7 mass ratio",,stated,LiF/HCl MILD etching followed by wet-spinning in 98 wt. % H2SO4,,derived,delaminated,,derived,,,,stated,,~1.3,µm,derived,,,,stated,,,,stated,,,,stated,,,stated,,,,stated,,1 M H2SO4,,derived,,,stated,,,,stated,,,,stated,,,,stated,,,,stated,,,,stated,,True,Primary formula 'Ti3C2Tx' contains Ti3C2 (Ti3C2Tx or Ti3C2).,True,Synthesis explicitly mentions both LiF and HCl.,True,Electrolyte explicitly mentions H2SO4 (sulfuric acid).,PASS,Passes all criteria.
smll.201804732.pdf,smll.201804732.pdf,10.1002/smll.201804732,2019,Jizhen Zhang et al.,M5P5,variant,False,Ti3C2Tx,,stated,"Ti3C2Tx MXene/PEDOT:PSS, 5:5 mass ratio",,stated,LiF/HCl MILD etching followed by wet-spinning in 98 wt. % H2SO4,,derived,delaminated,,derived,,~39.3,Å,stated,,~1.3,µm,derived,,,,stated,,,,stated,,,,stated,,,stated,,,,stated,,1 M H2SO4,,derived,,,stated,,,,stated,,,,stated,,,,stated,,,,stated,,,,stated,,True,Primary formula 'Ti3C2Tx' contains Ti3C2 (Ti3C2Tx or Ti3C2).,True,Synthesis explicitly mentions both LiF and HCl.,True,Electrolyte explicitly mentions H2SO4 (sulfuric acid).,PASS,Passes all criteria.
smll.201804732.pdf,smll.201804732.pdf,10.1002/smll.201804732,2019,Jizhen Zhang et al.,M7P3,primary,True,Ti3C2Tx,,stated,"Ti3C2Tx MXene/PEDOT:PSS, 7:3 mass ratio (~70 wt. % MXene)",,stated,LiF/HCl MILD etching followed by wet-spinning in 98 wt. % H2SO4,,derived,delaminated,,derived,,~39.3,Å,stated,,~1.3,µm,derived,,,,stated,,,,stated,,,,stated,,,stated,,,,stated,,1 M H2SO4,,derived,,,stated,,5,mV s-1,stated,,,,stated,,258.2,F g-1,stated,"[UNCONFIRMED] Figure 3d (p.30 of PDF), printed data label ""258.2"" on the first red square of the red gravimetric-capacitance series, i.e. at 5 mV s-1 (same convention as the printed ""614.5"" on the first black volumetric point and ""157.6""/""375.2"" on the last points at 1000 mV s-1). Caption: ""(d) Volumetric capacitance and gravimetric capacitance of M7P3 fiber as a function of scan rate"", three-electrode system, 1 M H2SO4. Cross-check with the text-stated volumetric value: 614.5 F cm-3 / 258.2 F g-1 = 2.38 g cm-3, a physically sensible density for a densely packed MXene/PEDOT:PSS fiber, so the label pairing is consistent. Value is a printed numeric label, not a pixel read.",614.5,F cm-3,stated,,,,stated,,True,Primary formula 'Ti3C2Tx' contains Ti3C2 (Ti3C2Tx or Ti3C2).,True,Synthesis explicitly mentions both LiF and HCl.,True,Electrolyte explicitly mentions H2SO4 (sulfuric acid).,PASS,Passes all criteria.
ssrn-5211970.pdf,ssrn-5211970.pdf,,,Shi et al.,Ti3C2Tx,control,False,Ti3C2Tx,,stated,"Ti3C2Tx (-OH, -O, -F)",,derived,mild LiF/HCl etching,,derived,delaminated,,derived,,1.48,nm,stated,,2-3,μm,derived,,,,stated,,,,stated,,,,stated,,,stated,,,,uncertain,,1 M H2SO4,,derived,,,stated,,,,stated,,1,A g-1,stated,,281,F g-1,stated,,,,stated,,,,stated,,True,Primary formula 'Ti3C2Tx' contains Ti3C2 (Ti3C2Tx or Ti3C2).,True,Synthesis explicitly mentions both LiF and HCl.,True,Electrolyte explicitly mentions H2SO4 (sulfuric acid).,PASS,Passes all criteria.
ssrn-5211970.pdf,ssrn-5211970.pdf,,,Shi et al.,Ti3C2Tx-Mn,variant,False,Ti3C2Tx,,stated,Mn-modified Ti3C2Tx,,stated,"mild LiF/HCl etching, KOH pretreatment, Mn2+ ion exchange",,stated,delaminated,,derived,,1.35,nm,stated,,2-3,μm,derived,,,,stated,,,,stated,,,,stated,,,stated,,,,uncertain,,1 M H2SO4,,derived,,,stated,,,,stated,,1,A g-1,stated,,298,F g-1,stated,,,,stated,,,,stated,,True,Primary formula 'Ti3C2Tx' contains Ti3C2 (Ti3C2Tx or Ti3C2).,True,Synthesis explicitly mentions both LiF and HCl.,True,Electrolyte explicitly mentions H2SO4 (sulfuric acid).,PASS,Passes all criteria.
ssrn-5211970.pdf,ssrn-5211970.pdf,,,Shi et al.,a-Ti3C2Tx-Mn,primary,True,Ti3C2Tx,,stated,annealed Mn-modified Ti3C2Tx,,stated,"mild LiF/HCl etching, KOH pretreatment, Mn2+ ion exchange, annealing at 400 °C under Ar for 2 h",,stated,delaminated,,derived,,10.95,Å,stated,,2-3,μm,derived,,,,stated,,,,stated,,,,stated,,,stated,,,,uncertain,,1 M H2SO4,,derived,,,stated,,,,stated,,1,A g-1,stated,,401,F g-1,stated,,,,stated,,,,stated,,True,Primary formula 'Ti3C2Tx' contains Ti3C2 (Ti3C2Tx or Ti3C2).,True,Synthesis explicitly mentions both LiF and HCl.,True,Electrolyte explicitly mentions H2SO4 (sulfuric acid).,PASS,Passes all criteria.
SusMat - 2022 - Chu - Boosting the energy density of aqueous MXene‐based supercapacitor by integrating 3D conducting.pdf,SusMat - 2022 - Chu - Boosting the energy density of aqueous MXene‐based supercapacitor by integrating 3D conducting.pdf,10.1002/sus2.61,2022,Chu et al.,Ti3C2Tx MXene,control,False,Ti3C2Tx,,stated,Ti3C2Tx,,stated,"HCl/LiF acidic etching (MILD), sonication-assisted delamination",,stated,few-layered,,stated,,12.8,A,derived,"[UNVERIFIED] Text (Fig. 3G): 'the sharp peak located at 6.9 deg is assigned to the diffraction of (002) crystalline plane of MXene'. Bragg: d = 1.5406/(2 sin 3.45 deg) = 12.80 A (1.28 nm). Consistency check on the stated higher orders: (004) 14.1 deg -> 12.6 A, (006) 21.2 deg -> 12.6 A, so 12.6-12.8 A; the (002) value is quoted. [+-3%]",<1,μm,stated,,,,uncertain,,,,uncertain,,,,uncertain,~1.5,um,figure,"[UNVERIFIED] Figure 3D, cross-section SEM of the spray-coated MXene electrode (scale bar 1 um). The whole electrode is framed: sputtered Au / substrate below, free surface above. At 1000 dpi the scale bar is 379 px = 1 um; the MXene layer spans from the Au top edge to the film surface, i.e. about 500-700 px depending on lateral position because the film top is wavy (measured range ~1.2-1.9 um). Reported as the mid-range value. [+-25%]",,,uncertain,,1 M H2SO4,,derived,,,uncertain,,,,uncertain,,,,uncertain,,213.8,F/g,stated,,,,uncertain,,,,uncertain,,True,Primary formula 'Ti3C2Tx' contains Ti3C2 (Ti3C2Tx or Ti3C2).,True,Synthesis explicitly mentions both LiF and HCl.,True,Electrolyte explicitly mentions H2SO4 (sulfuric acid).,PASS,Passes all criteria.
UmNiN2dEUVBhcGowc2U1aUxJSk9aQT09.pdf,UmNiN2dEUVBhcGowc2U1aUxJSk9aQT09.pdf,10.25259/AJC_264_2024,2025,Yu et al.,Ti3C2Tx,control,False,Ti3C2Tx,,stated,"Ti3C2Tx (-F, -O, -OH)",,stated,LiF/HCl etching,,stated,multilayer,,stated,,12.13,Å,stated,,,,stated,,,,stated,,,,stated,,,,stated,,,stated,,0.5,mg,derived,,3 M H2SO4,,derived,29.69,m2 g-1,stated,,2,mV s-1,stated,,,,stated,,315.5,F g-1,stated,,,,stated,,,,stated,,True,Primary formula 'Ti3C2Tx' contains Ti3C2 (Ti3C2Tx or Ti3C2).,True,Synthesis explicitly mentions both LiF and HCl.,True,Electrolyte explicitly mentions H2SO4 (sulfuric acid).,PASS,Passes all criteria.
UmNiN2dEUVBhcGowc2U1aUxJSk9aQT09.pdf,UmNiN2dEUVBhcGowc2U1aUxJSk9aQT09.pdf,10.25259/AJC_264_2024,2025,Yu et al.,Ti3C2Tx@C,primary,True,Ti3C2Tx,,stated,"Ti3C2Tx (-F, -O, -OH) with gallic acid-derived carbon dots and Zn2+",,stated,"LiF/HCl etching, Zn2+-assisted GA crosslinking, freeze-drying, and carbonization at 500°C",,stated,multilayer,,stated,,13.85,Å,stated,,,,stated,,,,stated,,5–10,μm,stated,,,,stated,,,stated,,0.5,mg,derived,,3 M H2SO4,,derived,35.57,m2 g-1,stated,,,,stated,,1,A g-1,stated,,436,F g-1,stated,,,,stated,,,,stated,,True,Primary formula 'Ti3C2Tx' contains Ti3C2 (Ti3C2Tx or Ti3C2).,True,Synthesis explicitly mentions both LiF and HCl.,True,Electrolyte explicitly mentions H2SO4 (sulfuric acid).,PASS,Passes all criteria.
zhang2018.pdf,zhang2018.pdf,10.1002/adfm.201705506,2018,Zhang et al.,I-Ti3C2Tx,primary,True,Ti3C2Tx,,stated,"Ti3C2Tx (Tx includes -OH, -O, and/or -F)",,stated,LiF/HCl minimally intensive layer delamination (MILD),,derived,mostly single-layered,,derived,,,,stated,,1.2 ± 0.2,µm,derived,,,,stated,,,,stated,,,,stated,≈0.69 ± 0.16,µm,derived,,,,stated,,PVA/H2SO4 gel electrolyte,,derived,,,stated,,,,stated,,25,µA cm−2,stated,,,,stated,,,,stated,,61,mF cm−2,stated,,True,Primary formula 'Ti3C2Tx' contains Ti3C2 (Ti3C2Tx or Ti3C2).,True,Synthesis explicitly mentions both LiF and HCl.,True,Electrolyte explicitly mentions H2SO4 (sulfuric acid).,PASS,Passes all criteria.
zhang2018.pdf,zhang2018.pdf,10.1002/adfm.201705506,2018,Zhang et al.,Y-Ti3C2Tx,variant,False,Ti3C2Tx,,stated,"Ti3C2Tx (Tx includes -OH, -O, and/or -F)",,stated,LiF/HCl minimally intensive layer delamination (MILD),,derived,mostly single-layered,,derived,,,,stated,,1.2 ± 0.2,µm,derived,,,,stated,,,,stated,,,,stated,≈0.69,µm,stated,,,,stated,,PVA/H2SO4 gel electrolyte,,derived,,,stated,,,,stated,,25,µA cm−2,stated,,,,stated,,,,stated,,34,mF cm−2,stated,,True,Primary formula 'Ti3C2Tx' contains Ti3C2 (Ti3C2Tx or Ti3C2).,True,Synthesis explicitly mentions both LiF and HCl.,True,Electrolyte explicitly mentions H2SO4 (sulfuric acid).,PASS,Passes all criteria.
zhang2018.pdf,zhang2018.pdf,10.1002/adfm.201705506,2018,Zhang et al.,S-Ti3C2Tx,variant,False,Ti3C2Tx,,stated,"Ti3C2Tx (Tx includes -OH, -O, and/or -F)",,stated,LiF/HCl minimally intensive layer delamination (MILD),,derived,mostly single-layered,,derived,,,,stated,,1.2 ± 0.2,µm,derived,,,,stated,,,,stated,,,,stated,≈0.69,µm,derived,,,,stated,,PVA/H2SO4 gel electrolyte,,derived,,,stated,,,,stated,,,,stated,,,,stated,,,,stated,,,,stated,,True,Primary formula 'Ti3C2Tx' contains Ti3C2 (Ti3C2Tx or Ti3C2).,True,Synthesis explicitly mentions both LiF and HCl.,True,Electrolyte explicitly mentions H2SO4 (sulfuric acid).,PASS,Passes all criteria.
zhang2018.pdf,zhang2018.pdf,10.1002/adfm.201705506,2018,Zhang et al.,I-Ti3C2Tx (≈100 nm),variant,False,Ti3C2Tx,,stated,"Ti3C2Tx (Tx includes -OH, -O, and/or -F)",,stated,LiF/HCl minimally intensive layer delamination (MILD),,derived,mostly single-layered,,derived,,,,stated,,1.2 ± 0.2,µm,derived,,,,stated,,,,stated,,,,stated,≈99 ± 13,nm,stated,,,,stated,,PVA/H2SO4 gel electrolyte,,derived,,,stated,,5,mV s−1,stated,,,,stated,,,,stated,,,,stated,,2.5,mF cm−2,stated,,True,Primary formula 'Ti3C2Tx' contains Ti3C2 (Ti3C2Tx or Ti3C2).,True,Synthesis explicitly mentions both LiF and HCl.,True,Electrolyte explicitly mentions H2SO4 (sulfuric acid).,PASS,Passes all criteria.
zhang2018.pdf,zhang2018.pdf,10.1002/adfm.201705506,2018,Zhang et al.,rolled I-Ti3C2Tx,variant,False,Ti3C2Tx,,stated,"Ti3C2Tx (Tx includes -OH, -O, and/or -F)",,stated,LiF/HCl minimally intensive layer delamination (MILD); cylindrical-stamp rolling,,derived,mostly single-layered,,derived,,,,stated,,1.2 ± 0.2,µm,derived,,,,stated,,,,stated,,,,stated,,,stated,,,,stated,,PVA/H2SO4 gel electrolyte,,derived,,,stated,,10,mV s−1,stated,,,,stated,,,,stated,,,,stated,,56.8,mF cm−2,stated,,True,Primary formula 'Ti3C2Tx' contains Ti3C2 (Ti3C2Tx or Ti3C2).,True,Synthesis explicitly mentions both LiF and HCl.,True,Electrolyte explicitly mentions H2SO4 (sulfuric acid).,PASS,Passes all criteria.
