fold,k,ratio,gen_seed,var_a,var_b,mi_real,mi_syn,mi_diff
1,1,1.0,0,interlayer_A,interlayer_A,1.0,1.0,0.0
1,1,1.0,0,interlayer_A,target_cap_F_g,0.24599861649491667,0.22806768227788649,-0.01793093421703018
1,1,1.0,0,interlayer_A,h2so4_M,0.13012676725268765,0.1253963992682588,-0.004730367984428857
1,1,1.0,0,interlayer_A,composition_family,0.18284034185862033,0.1860507185937421,0.003210376735121756
1,1,1.0,0,interlayer_A,scan_rate_mV_s,0.13167523013698276,0.237884601061995,0.10620937092501223
1,1,1.0,0,interlayer_A,layer_class,0.09111930885238935,0.1557218755350239,0.06460256668263455
1,1,1.0,0,target_cap_F_g,interlayer_A,0.24599861649491667,0.22806768227788649,-0.01793093421703018
1,1,1.0,0,target_cap_F_g,target_cap_F_g,1.0,1.0,0.0
1,1,1.0,0,target_cap_F_g,h2so4_M,0.2739375999872824,0.45766866500469444,0.18373106501741204
1,1,1.0,0,target_cap_F_g,composition_family,0.19523576356725625,0.34608480919306833,0.15084904562581208
1,1,1.0,0,target_cap_F_g,scan_rate_mV_s,0.20647966880514146,0.2226158628528587,0.01613619404771724
1,1,1.0,0,target_cap_F_g,layer_class,0.09968559788496818,0.13061725905383148,0.030931661168863298
1,1,1.0,0,h2so4_M,interlayer_A,0.13012676725268765,0.1253963992682588,-0.004730367984428857
1,1,1.0,0,h2so4_M,target_cap_F_g,0.2739375999872824,0.45766866500469444,0.18373106501741204
1,1,1.0,0,h2so4_M,h2so4_M,1.0,1.0,0.0
1,1,1.0,0,h2so4_M,composition_family,0.3022979047601231,0.2058186181305881,-0.09647928662953498
1,1,1.0,0,h2so4_M,scan_rate_mV_s,0.1661094624487936,0.1016839335021163,-0.0644255289466773
1,1,1.0,0,h2so4_M,layer_class,0.017910851905708295,0.010705827508889525,-0.00720502439681877
1,1,1.0,0,composition_family,interlayer_A,0.18284034185862033,0.1860507185937421,0.003210376735121756
1,1,1.0,0,composition_family,target_cap_F_g,0.19523576356725625,0.34608480919306833,0.15084904562581208
1,1,1.0,0,composition_family,h2so4_M,0.3022979047601231,0.2058186181305881,-0.09647928662953498
1,1,1.0,0,composition_family,composition_family,1.0,1.0,0.0
1,1,1.0,0,composition_family,scan_rate_mV_s,0.1978387349456568,0.12556652391255463,-0.07227221103310216
1,1,1.0,0,composition_family,layer_class,0.1262308376206321,0.038010222008571064,-0.08822061561206104
1,1,1.0,0,scan_rate_mV_s,interlayer_A,0.13167523013698276,0.237884601061995,0.10620937092501223
1,1,1.0,0,scan_rate_mV_s,target_cap_F_g,0.20647966880514146,0.2226158628528587,0.01613619404771724
1,1,1.0,0,scan_rate_mV_s,h2so4_M,0.1661094624487936,0.1016839335021163,-0.0644255289466773
1,1,1.0,0,scan_rate_mV_s,composition_family,0.1978387349456568,0.12556652391255463,-0.07227221103310216
1,1,1.0,0,scan_rate_mV_s,scan_rate_mV_s,1.0,1.0,0.0
1,1,1.0,0,scan_rate_mV_s,layer_class,0.08806254932415215,0.039326193000980794,-0.04873635632317136
1,1,1.0,0,layer_class,interlayer_A,0.09111930885238935,0.1557218755350239,0.06460256668263455
1,1,1.0,0,layer_class,target_cap_F_g,0.09968559788496818,0.13061725905383148,0.030931661168863298
1,1,1.0,0,layer_class,h2so4_M,0.017910851905708295,0.010705827508889525,-0.00720502439681877
1,1,1.0,0,layer_class,composition_family,0.1262308376206321,0.038010222008571064,-0.08822061561206104
1,1,1.0,0,layer_class,scan_rate_mV_s,0.08806254932415215,0.039326193000980794,-0.04873635632317136
1,1,1.0,0,layer_class,layer_class,1.0,1.0,0.0
1,1,3.0,0,interlayer_A,interlayer_A,1.0,1.0,0.0
1,1,3.0,0,interlayer_A,target_cap_F_g,0.24599861649491667,0.09267927487816835,-0.15331934161674832
1,1,3.0,0,interlayer_A,h2so4_M,0.13012676725268765,0.05979288488515937,-0.07033388236752829
1,1,3.0,0,interlayer_A,composition_family,0.18284034185862033,0.06608113293875195,-0.11675920891986838
1,1,3.0,0,interlayer_A,scan_rate_mV_s,0.13167523013698276,0.09935650077987225,-0.03231872935711051
1,1,3.0,0,interlayer_A,layer_class,0.09111930885238935,0.1324432722620749,0.04132396340968554
1,1,3.0,0,target_cap_F_g,interlayer_A,0.24599861649491667,0.09267927487816835,-0.15331934161674832
1,1,3.0,0,target_cap_F_g,target_cap_F_g,1.0,1.0,0.0
1,1,3.0,0,target_cap_F_g,h2so4_M,0.2739375999872824,0.16473630228844915,-0.10920129769883324
1,1,3.0,0,target_cap_F_g,composition_family,0.19523576356725625,0.15686462040241425,-0.038371143164842
1,1,3.0,0,target_cap_F_g,scan_rate_mV_s,0.20647966880514146,0.04829617729022364,-0.1581834915149178
1,1,3.0,0,target_cap_F_g,layer_class,0.09968559788496818,0.04929185426859153,-0.050393743616376656
1,1,3.0,0,h2so4_M,interlayer_A,0.13012676725268765,0.05979288488515937,-0.07033388236752829
1,1,3.0,0,h2so4_M,target_cap_F_g,0.2739375999872824,0.16473630228844915,-0.10920129769883324
1,1,3.0,0,h2so4_M,h2so4_M,1.0,1.0,0.0
1,1,3.0,0,h2so4_M,composition_family,0.3022979047601231,0.06354770786665802,-0.23875019689346505
1,1,3.0,0,h2so4_M,scan_rate_mV_s,0.1661094624487936,0.021559688797392403,-0.1445497736514012
1,1,3.0,0,h2so4_M,layer_class,0.017910851905708295,0.018780776760822494,0.0008699248551141993
1,1,3.0,0,composition_family,interlayer_A,0.18284034185862033,0.06608113293875195,-0.11675920891986838
1,1,3.0,0,composition_family,target_cap_F_g,0.19523576356725625,0.15686462040241425,-0.038371143164842
1,1,3.0,0,composition_family,h2so4_M,0.3022979047601231,0.06354770786665802,-0.23875019689346505
1,1,3.0,0,composition_family,composition_family,1.0,1.0,0.0
1,1,3.0,0,composition_family,scan_rate_mV_s,0.1978387349456568,0.053486413280864516,-0.14435232166479228
1,1,3.0,0,composition_family,layer_class,0.1262308376206321,0.03932945067893717,-0.08690138694169494
1,1,3.0,0,scan_rate_mV_s,interlayer_A,0.13167523013698276,0.09935650077987225,-0.03231872935711051
1,1,3.0,0,scan_rate_mV_s,target_cap_F_g,0.20647966880514146,0.04829617729022364,-0.1581834915149178
1,1,3.0,0,scan_rate_mV_s,h2so4_M,0.1661094624487936,0.021559688797392403,-0.1445497736514012
1,1,3.0,0,scan_rate_mV_s,composition_family,0.1978387349456568,0.053486413280864516,-0.14435232166479228
1,1,3.0,0,scan_rate_mV_s,scan_rate_mV_s,1.0,1.0,0.0
1,1,3.0,0,scan_rate_mV_s,layer_class,0.08806254932415215,0.09349440997445034,0.005431860650298187
1,1,3.0,0,layer_class,interlayer_A,0.09111930885238935,0.1324432722620749,0.04132396340968554
1,1,3.0,0,layer_class,target_cap_F_g,0.09968559788496818,0.04929185426859153,-0.050393743616376656
1,1,3.0,0,layer_class,h2so4_M,0.017910851905708295,0.018780776760822494,0.0008699248551141993
1,1,3.0,0,layer_class,composition_family,0.1262308376206321,0.03932945067893717,-0.08690138694169494
1,1,3.0,0,layer_class,scan_rate_mV_s,0.08806254932415215,0.09349440997445034,0.005431860650298187
1,1,3.0,0,layer_class,layer_class,1.0,1.0,0.0
1,1,5.25,0,interlayer_A,interlayer_A,1.0,1.0,0.0
1,1,5.25,0,interlayer_A,target_cap_F_g,0.24599861649491667,0.059759249980445774,-0.1862393665144709
1,1,5.25,0,interlayer_A,h2so4_M,0.13012676725268765,0.049052175154319144,-0.08107459209836851
1,1,5.25,0,interlayer_A,composition_family,0.18284034185862033,0.04556266439640151,-0.1372776774622188
1,1,5.25,0,interlayer_A,scan_rate_mV_s,0.13167523013698276,0.13674863801468284,0.005073407877700081
1,1,5.25,0,interlayer_A,layer_class,0.09111930885238935,0.024290506996436888,-0.06682880185595247
1,1,5.25,0,target_cap_F_g,interlayer_A,0.24599861649491667,0.059759249980445774,-0.1862393665144709
1,1,5.25,0,target_cap_F_g,target_cap_F_g,1.0,1.0,0.0
1,1,5.25,0,target_cap_F_g,h2so4_M,0.2739375999872824,0.20814421700800478,-0.06579338297927761
1,1,5.25,0,target_cap_F_g,composition_family,0.19523576356725625,0.17539396858797593,-0.01984179497928032
1,1,5.25,0,target_cap_F_g,scan_rate_mV_s,0.20647966880514146,0.050363584333777085,-0.15611608447136438
1,1,5.25,0,target_cap_F_g,layer_class,0.09968559788496818,0.027950927703548137,-0.07173467018142005
1,1,5.25,0,h2so4_M,interlayer_A,0.13012676725268765,0.049052175154319144,-0.08107459209836851
1,1,5.25,0,h2so4_M,target_cap_F_g,0.2739375999872824,0.20814421700800478,-0.06579338297927761
1,1,5.25,0,h2so4_M,h2so4_M,1.0,1.0,0.0
1,1,5.25,0,h2so4_M,composition_family,0.3022979047601231,0.12098427720946442,-0.18131362755065866
1,1,5.25,0,h2so4_M,scan_rate_mV_s,0.1661094624487936,0.0353341082505659,-0.1307753541982277
1,1,5.25,0,h2so4_M,layer_class,0.017910851905708295,0.016139669773524358,-0.001771182132183937
1,1,5.25,0,composition_family,interlayer_A,0.18284034185862033,0.04556266439640151,-0.1372776774622188
1,1,5.25,0,composition_family,target_cap_F_g,0.19523576356725625,0.17539396858797593,-0.01984179497928032
1,1,5.25,0,composition_family,h2so4_M,0.3022979047601231,0.12098427720946442,-0.18131362755065866
1,1,5.25,0,composition_family,composition_family,1.0,1.0,0.0
1,1,5.25,0,composition_family,scan_rate_mV_s,0.1978387349456568,0.04946802410256415,-0.14837071084309264
1,1,5.25,0,composition_family,layer_class,0.1262308376206321,0.02283958203600467,-0.10339125558462745
1,1,5.25,0,scan_rate_mV_s,interlayer_A,0.13167523013698276,0.13674863801468284,0.005073407877700081
1,1,5.25,0,scan_rate_mV_s,target_cap_F_g,0.20647966880514146,0.050363584333777085,-0.15611608447136438
1,1,5.25,0,scan_rate_mV_s,h2so4_M,0.1661094624487936,0.0353341082505659,-0.1307753541982277
1,1,5.25,0,scan_rate_mV_s,composition_family,0.1978387349456568,0.04946802410256415,-0.14837071084309264
1,1,5.25,0,scan_rate_mV_s,scan_rate_mV_s,1.0,1.0,0.0
1,1,5.25,0,scan_rate_mV_s,layer_class,0.08806254932415215,0.028931195513866186,-0.05913135381028597
1,1,5.25,0,layer_class,interlayer_A,0.09111930885238935,0.024290506996436888,-0.06682880185595247
1,1,5.25,0,layer_class,target_cap_F_g,0.09968559788496818,0.027950927703548137,-0.07173467018142005
1,1,5.25,0,layer_class,h2so4_M,0.017910851905708295,0.016139669773524358,-0.001771182132183937
1,1,5.25,0,layer_class,composition_family,0.1262308376206321,0.02283958203600467,-0.10339125558462745
1,1,5.25,0,layer_class,scan_rate_mV_s,0.08806254932415215,0.028931195513866186,-0.05913135381028597
1,1,5.25,0,layer_class,layer_class,1.0,1.0,0.0
1,2,1.0,0,interlayer_A,interlayer_A,1.0,1.0,0.0
1,2,1.0,0,interlayer_A,target_cap_F_g,0.24599861649491667,0.16100953430407136,-0.0849890821908453
1,2,1.0,0,interlayer_A,h2so4_M,0.13012676725268765,0.13741346297978912,0.007286695727101472
1,2,1.0,0,interlayer_A,composition_family,0.18284034185862033,0.14930314832446986,-0.03353719353415047
1,2,1.0,0,interlayer_A,scan_rate_mV_s,0.13167523013698276,0.22858946460600554,0.09691423446902278
1,2,1.0,0,interlayer_A,layer_class,0.09111930885238935,0.06363947380171724,-0.027479835050672113
1,2,1.0,0,target_cap_F_g,interlayer_A,0.24599861649491667,0.16100953430407136,-0.0849890821908453
1,2,1.0,0,target_cap_F_g,target_cap_F_g,1.0,1.0,0.0
1,2,1.0,0,target_cap_F_g,h2so4_M,0.2739375999872824,0.2862394359114849,0.012301835924202476
1,2,1.0,0,target_cap_F_g,composition_family,0.19523576356725625,0.22875310375609556,0.03351734018883931
1,2,1.0,0,target_cap_F_g,scan_rate_mV_s,0.20647966880514146,0.2160943595079795,0.009614690702838047
1,2,1.0,0,target_cap_F_g,layer_class,0.09968559788496818,0.2614505851975506,0.16176498731258243
1,2,1.0,0,h2so4_M,interlayer_A,0.13012676725268765,0.13741346297978912,0.007286695727101472
1,2,1.0,0,h2so4_M,target_cap_F_g,0.2739375999872824,0.2862394359114849,0.012301835924202476
1,2,1.0,0,h2so4_M,h2so4_M,1.0,1.0,0.0
1,2,1.0,0,h2so4_M,composition_family,0.3022979047601231,0.09341896522072794,-0.20887893953939513
1,2,1.0,0,h2so4_M,scan_rate_mV_s,0.1661094624487936,0.12744418221666073,-0.038665280232132865
1,2,1.0,0,h2so4_M,layer_class,0.017910851905708295,0.14971273642086996,0.13180188451516167
1,2,1.0,0,composition_family,interlayer_A,0.18284034185862033,0.14930314832446986,-0.03353719353415047
1,2,1.0,0,composition_family,target_cap_F_g,0.19523576356725625,0.22875310375609556,0.03351734018883931
1,2,1.0,0,composition_family,h2so4_M,0.3022979047601231,0.09341896522072794,-0.20887893953939513
1,2,1.0,0,composition_family,composition_family,1.0,1.0,0.0
1,2,1.0,0,composition_family,scan_rate_mV_s,0.1978387349456568,0.17043303588933975,-0.02740569905631704
1,2,1.0,0,composition_family,layer_class,0.1262308376206321,0.15265576597491307,0.026424928354280952
1,2,1.0,0,scan_rate_mV_s,interlayer_A,0.13167523013698276,0.22858946460600554,0.09691423446902278
1,2,1.0,0,scan_rate_mV_s,target_cap_F_g,0.20647966880514146,0.2160943595079795,0.009614690702838047
1,2,1.0,0,scan_rate_mV_s,h2so4_M,0.1661094624487936,0.12744418221666073,-0.038665280232132865
1,2,1.0,0,scan_rate_mV_s,composition_family,0.1978387349456568,0.17043303588933975,-0.02740569905631704
1,2,1.0,0,scan_rate_mV_s,scan_rate_mV_s,1.0,1.0,0.0
1,2,1.0,0,scan_rate_mV_s,layer_class,0.08806254932415215,0.12343340775469383,0.03537085843054168
1,2,1.0,0,layer_class,interlayer_A,0.09111930885238935,0.06363947380171724,-0.027479835050672113
1,2,1.0,0,layer_class,target_cap_F_g,0.09968559788496818,0.2614505851975506,0.16176498731258243
1,2,1.0,0,layer_class,h2so4_M,0.017910851905708295,0.14971273642086996,0.13180188451516167
1,2,1.0,0,layer_class,composition_family,0.1262308376206321,0.15265576597491307,0.026424928354280952
1,2,1.0,0,layer_class,scan_rate_mV_s,0.08806254932415215,0.12343340775469383,0.03537085843054168
1,2,1.0,0,layer_class,layer_class,1.0,1.0,0.0
1,2,1.0,1,interlayer_A,interlayer_A,1.0,1.0,0.0
1,2,1.0,1,interlayer_A,target_cap_F_g,0.24599861649491667,0.19030299722492153,-0.05569561926999514
1,2,1.0,1,interlayer_A,h2so4_M,0.13012676725268765,0.22582218136367416,0.0956954141109865
1,2,1.0,1,interlayer_A,composition_family,0.18284034185862033,0.2326964961040288,0.04985615424540846
1,2,1.0,1,interlayer_A,scan_rate_mV_s,0.13167523013698276,0.18023898367142094,0.048563753534438175
1,2,1.0,1,interlayer_A,layer_class,0.09111930885238935,0.12552954050964477,0.034410231657255416
1,2,1.0,1,target_cap_F_g,interlayer_A,0.24599861649491667,0.19030299722492153,-0.05569561926999514
1,2,1.0,1,target_cap_F_g,target_cap_F_g,1.0,1.0,0.0
1,2,1.0,1,target_cap_F_g,h2so4_M,0.2739375999872824,0.26035383100082093,-0.013583768986461464
1,2,1.0,1,target_cap_F_g,composition_family,0.19523576356725625,0.23914468599231306,0.04390892242505681
1,2,1.0,1,target_cap_F_g,scan_rate_mV_s,0.20647966880514146,0.18509598099350408,-0.02138368781163738
1,2,1.0,1,target_cap_F_g,layer_class,0.09968559788496818,0.20479256963984857,0.10510697175488039
1,2,1.0,1,h2so4_M,interlayer_A,0.13012676725268765,0.22582218136367416,0.0956954141109865
1,2,1.0,1,h2so4_M,target_cap_F_g,0.2739375999872824,0.26035383100082093,-0.013583768986461464
1,2,1.0,1,h2so4_M,h2so4_M,1.0,1.0,0.0
1,2,1.0,1,h2so4_M,composition_family,0.3022979047601231,0.3558509723956623,0.05355306763553924
1,2,1.0,1,h2so4_M,scan_rate_mV_s,0.1661094624487936,0.2365832181189356,0.070473755670142
1,2,1.0,1,h2so4_M,layer_class,0.017910851905708295,0.16770246080857443,0.14979160890286614
1,2,1.0,1,composition_family,interlayer_A,0.18284034185862033,0.2326964961040288,0.04985615424540846
1,2,1.0,1,composition_family,target_cap_F_g,0.19523576356725625,0.23914468599231306,0.04390892242505681
1,2,1.0,1,composition_family,h2so4_M,0.3022979047601231,0.3558509723956623,0.05355306763553924
1,2,1.0,1,composition_family,composition_family,1.0,1.0,0.0
1,2,1.0,1,composition_family,scan_rate_mV_s,0.1978387349456568,0.25567501187436387,0.057836276928707075
1,2,1.0,1,composition_family,layer_class,0.1262308376206321,0.11143094637644967,-0.014799891244182448
1,2,1.0,1,scan_rate_mV_s,interlayer_A,0.13167523013698276,0.18023898367142094,0.048563753534438175
1,2,1.0,1,scan_rate_mV_s,target_cap_F_g,0.20647966880514146,0.18509598099350408,-0.02138368781163738
1,2,1.0,1,scan_rate_mV_s,h2so4_M,0.1661094624487936,0.2365832181189356,0.070473755670142
1,2,1.0,1,scan_rate_mV_s,composition_family,0.1978387349456568,0.25567501187436387,0.057836276928707075
1,2,1.0,1,scan_rate_mV_s,scan_rate_mV_s,1.0,1.0,0.0
1,2,1.0,1,scan_rate_mV_s,layer_class,0.08806254932415215,0.06106689575806851,-0.026995653566083647
1,2,1.0,1,layer_class,interlayer_A,0.09111930885238935,0.12552954050964477,0.034410231657255416
1,2,1.0,1,layer_class,target_cap_F_g,0.09968559788496818,0.20479256963984857,0.10510697175488039
1,2,1.0,1,layer_class,h2so4_M,0.017910851905708295,0.16770246080857443,0.14979160890286614
1,2,1.0,1,layer_class,composition_family,0.1262308376206321,0.11143094637644967,-0.014799891244182448
1,2,1.0,1,layer_class,scan_rate_mV_s,0.08806254932415215,0.06106689575806851,-0.026995653566083647
1,2,1.0,1,layer_class,layer_class,1.0,1.0,0.0
1,2,1.0,2,interlayer_A,interlayer_A,1.0,1.0,0.0
1,2,1.0,2,interlayer_A,target_cap_F_g,0.24599861649491667,0.22711584281678404,-0.018882773678132625
1,2,1.0,2,interlayer_A,h2so4_M,0.13012676725268765,0.12093801256033058,-0.009188754692357068
1,2,1.0,2,interlayer_A,composition_family,0.18284034185862033,0.2737125980496423,0.09087225619102199
1,2,1.0,2,interlayer_A,scan_rate_mV_s,0.13167523013698276,0.18813901856180712,0.05646378842482436
1,2,1.0,2,interlayer_A,layer_class,0.09111930885238935,0.16567224733311856,0.0745529384807292
1,2,1.0,2,target_cap_F_g,interlayer_A,0.24599861649491667,0.22711584281678404,-0.018882773678132625
1,2,1.0,2,target_cap_F_g,target_cap_F_g,1.0,1.0,0.0
1,2,1.0,2,target_cap_F_g,h2so4_M,0.2739375999872824,0.26362369271104896,-0.010313907276233436
1,2,1.0,2,target_cap_F_g,composition_family,0.19523576356725625,0.27820051536587886,0.08296475179862262
1,2,1.0,2,target_cap_F_g,scan_rate_mV_s,0.20647966880514146,0.28776251506351275,0.08128284625837129
1,2,1.0,2,target_cap_F_g,layer_class,0.09968559788496818,0.23494939451276894,0.13526379662780075
1,2,1.0,2,h2so4_M,interlayer_A,0.13012676725268765,0.12093801256033058,-0.009188754692357068
1,2,1.0,2,h2so4_M,target_cap_F_g,0.2739375999872824,0.26362369271104896,-0.010313907276233436
1,2,1.0,2,h2so4_M,h2so4_M,1.0,1.0,0.0
1,2,1.0,2,h2so4_M,composition_family,0.3022979047601231,0.19204725314785598,-0.1102506516122671
1,2,1.0,2,h2so4_M,scan_rate_mV_s,0.1661094624487936,0.12043199059773554,-0.045677471851058055
1,2,1.0,2,h2so4_M,layer_class,0.017910851905708295,0.0711950993667824,0.0532842474610741
1,2,1.0,2,composition_family,interlayer_A,0.18284034185862033,0.2737125980496423,0.09087225619102199
1,2,1.0,2,composition_family,target_cap_F_g,0.19523576356725625,0.27820051536587886,0.08296475179862262
1,2,1.0,2,composition_family,h2so4_M,0.3022979047601231,0.19204725314785598,-0.1102506516122671
1,2,1.0,2,composition_family,composition_family,1.0,1.0,0.0
1,2,1.0,2,composition_family,scan_rate_mV_s,0.1978387349456568,0.29906168939728517,0.10122295445162838
1,2,1.0,2,composition_family,layer_class,0.1262308376206321,0.14349994292513446,0.017269105304502347
1,2,1.0,2,scan_rate_mV_s,interlayer_A,0.13167523013698276,0.18813901856180712,0.05646378842482436
1,2,1.0,2,scan_rate_mV_s,target_cap_F_g,0.20647966880514146,0.28776251506351275,0.08128284625837129
1,2,1.0,2,scan_rate_mV_s,h2so4_M,0.1661094624487936,0.12043199059773554,-0.045677471851058055
1,2,1.0,2,scan_rate_mV_s,composition_family,0.1978387349456568,0.29906168939728517,0.10122295445162838
1,2,1.0,2,scan_rate_mV_s,scan_rate_mV_s,1.0,1.0,0.0
1,2,1.0,2,scan_rate_mV_s,layer_class,0.08806254932415215,0.06445646868022302,-0.023606080643929134
1,2,1.0,2,layer_class,interlayer_A,0.09111930885238935,0.16567224733311856,0.0745529384807292
1,2,1.0,2,layer_class,target_cap_F_g,0.09968559788496818,0.23494939451276894,0.13526379662780075
1,2,1.0,2,layer_class,h2so4_M,0.017910851905708295,0.0711950993667824,0.0532842474610741
1,2,1.0,2,layer_class,composition_family,0.1262308376206321,0.14349994292513446,0.017269105304502347
1,2,1.0,2,layer_class,scan_rate_mV_s,0.08806254932415215,0.06445646868022302,-0.023606080643929134
1,2,1.0,2,layer_class,layer_class,1.0,1.0,0.0
1,2,3.0,0,interlayer_A,interlayer_A,1.0,1.0,0.0
1,2,3.0,0,interlayer_A,target_cap_F_g,0.24599861649491667,0.12028770417952901,-0.12571091231538767
1,2,3.0,0,interlayer_A,h2so4_M,0.13012676725268765,0.0901111325287761,-0.04001563472391155
1,2,3.0,0,interlayer_A,composition_family,0.18284034185862033,0.08988364402675392,-0.09295669783186641
1,2,3.0,0,interlayer_A,scan_rate_mV_s,0.13167523013698276,0.19071798669638812,0.05904275655940536
1,2,3.0,0,interlayer_A,layer_class,0.09111930885238935,0.0726714464966607,-0.01844786235572865
1,2,3.0,0,target_cap_F_g,interlayer_A,0.24599861649491667,0.12028770417952901,-0.12571091231538767
1,2,3.0,0,target_cap_F_g,target_cap_F_g,1.0,1.0,0.0
1,2,3.0,0,target_cap_F_g,h2so4_M,0.2739375999872824,0.21379977587756582,-0.060137824109716576
1,2,3.0,0,target_cap_F_g,composition_family,0.19523576356725625,0.1563610619834216,-0.03887470158383466
1,2,3.0,0,target_cap_F_g,scan_rate_mV_s,0.20647966880514146,0.08944577903342442,-0.11703388977171704
1,2,3.0,0,target_cap_F_g,layer_class,0.09968559788496818,0.12653669671470666,0.026851098829738476
1,2,3.0,0,h2so4_M,interlayer_A,0.13012676725268765,0.0901111325287761,-0.04001563472391155
1,2,3.0,0,h2so4_M,target_cap_F_g,0.2739375999872824,0.21379977587756582,-0.060137824109716576
1,2,3.0,0,h2so4_M,h2so4_M,1.0,1.0,0.0
1,2,3.0,0,h2so4_M,composition_family,0.3022979047601231,0.15735443198419605,-0.14494347277592703
1,2,3.0,0,h2so4_M,scan_rate_mV_s,0.1661094624487936,0.09185117540803357,-0.07425828704076003
1,2,3.0,0,h2so4_M,layer_class,0.017910851905708295,0.05368162919454254,0.03577077728883425
1,2,3.0,0,composition_family,interlayer_A,0.18284034185862033,0.08988364402675392,-0.09295669783186641
1,2,3.0,0,composition_family,target_cap_F_g,0.19523576356725625,0.1563610619834216,-0.03887470158383466
1,2,3.0,0,composition_family,h2so4_M,0.3022979047601231,0.15735443198419605,-0.14494347277592703
1,2,3.0,0,composition_family,composition_family,1.0,1.0,0.0
1,2,3.0,0,composition_family,scan_rate_mV_s,0.1978387349456568,0.2230738651508164,0.025235130205159606
1,2,3.0,0,composition_family,layer_class,0.1262308376206321,0.0991622551105922,-0.027068582510039907
1,2,3.0,0,scan_rate_mV_s,interlayer_A,0.13167523013698276,0.19071798669638812,0.05904275655940536
1,2,3.0,0,scan_rate_mV_s,target_cap_F_g,0.20647966880514146,0.08944577903342442,-0.11703388977171704
1,2,3.0,0,scan_rate_mV_s,h2so4_M,0.1661094624487936,0.09185117540803357,-0.07425828704076003
1,2,3.0,0,scan_rate_mV_s,composition_family,0.1978387349456568,0.2230738651508164,0.025235130205159606
1,2,3.0,0,scan_rate_mV_s,scan_rate_mV_s,1.0,1.0,0.0
1,2,3.0,0,scan_rate_mV_s,layer_class,0.08806254932415215,0.12198565022136607,0.03392310089721391
1,2,3.0,0,layer_class,interlayer_A,0.09111930885238935,0.0726714464966607,-0.01844786235572865
1,2,3.0,0,layer_class,target_cap_F_g,0.09968559788496818,0.12653669671470666,0.026851098829738476
1,2,3.0,0,layer_class,h2so4_M,0.017910851905708295,0.05368162919454254,0.03577077728883425
1,2,3.0,0,layer_class,composition_family,0.1262308376206321,0.0991622551105922,-0.027068582510039907
1,2,3.0,0,layer_class,scan_rate_mV_s,0.08806254932415215,0.12198565022136607,0.03392310089721391
1,2,3.0,0,layer_class,layer_class,1.0,1.0,0.0
1,2,3.0,1,interlayer_A,interlayer_A,1.0,1.0,0.0
1,2,3.0,1,interlayer_A,target_cap_F_g,0.24599861649491667,0.10417951818226574,-0.14181909831265094
1,2,3.0,1,interlayer_A,h2so4_M,0.13012676725268765,0.09614571993034353,-0.033981047322344124
1,2,3.0,1,interlayer_A,composition_family,0.18284034185862033,0.09177881267904732,-0.09106152917957301
1,2,3.0,1,interlayer_A,scan_rate_mV_s,0.13167523013698276,0.17445582942413432,0.042780599287151555
1,2,3.0,1,interlayer_A,layer_class,0.09111930885238935,0.05007889742136267,-0.04104041143102668
1,2,3.0,1,target_cap_F_g,interlayer_A,0.24599861649491667,0.10417951818226574,-0.14181909831265094
1,2,3.0,1,target_cap_F_g,target_cap_F_g,1.0,1.0,0.0
1,2,3.0,1,target_cap_F_g,h2so4_M,0.2739375999872824,0.23397744182225821,-0.039960158165024184
1,2,3.0,1,target_cap_F_g,composition_family,0.19523576356725625,0.22415498263854436,0.02891921907128811
1,2,3.0,1,target_cap_F_g,scan_rate_mV_s,0.20647966880514146,0.11351394698208021,-0.09296572182306125
1,2,3.0,1,target_cap_F_g,layer_class,0.09968559788496818,0.07718560551843939,-0.02249999236652879
1,2,3.0,1,h2so4_M,interlayer_A,0.13012676725268765,0.09614571993034353,-0.033981047322344124
1,2,3.0,1,h2so4_M,target_cap_F_g,0.2739375999872824,0.23397744182225821,-0.039960158165024184
1,2,3.0,1,h2so4_M,h2so4_M,1.0,1.0,0.0
1,2,3.0,1,h2so4_M,composition_family,0.3022979047601231,0.14223465973449959,-0.1600632450256235
1,2,3.0,1,h2so4_M,scan_rate_mV_s,0.1661094624487936,0.22542008979966355,0.05931062735086995
1,2,3.0,1,h2so4_M,layer_class,0.017910851905708295,0.031184995236634584,0.013274143330926289
1,2,3.0,1,composition_family,interlayer_A,0.18284034185862033,0.09177881267904732,-0.09106152917957301
1,2,3.0,1,composition_family,target_cap_F_g,0.19523576356725625,0.22415498263854436,0.02891921907128811
1,2,3.0,1,composition_family,h2so4_M,0.3022979047601231,0.14223465973449959,-0.1600632450256235
1,2,3.0,1,composition_family,composition_family,1.0,1.0,0.0
1,2,3.0,1,composition_family,scan_rate_mV_s,0.1978387349456568,0.22620662185832582,0.028367886912669033
1,2,3.0,1,composition_family,layer_class,0.1262308376206321,0.04913788269151428,-0.07709295492911783
1,2,3.0,1,scan_rate_mV_s,interlayer_A,0.13167523013698276,0.17445582942413432,0.042780599287151555
1,2,3.0,1,scan_rate_mV_s,target_cap_F_g,0.20647966880514146,0.11351394698208021,-0.09296572182306125
1,2,3.0,1,scan_rate_mV_s,h2so4_M,0.1661094624487936,0.22542008979966355,0.05931062735086995
1,2,3.0,1,scan_rate_mV_s,composition_family,0.1978387349456568,0.22620662185832582,0.028367886912669033
1,2,3.0,1,scan_rate_mV_s,scan_rate_mV_s,1.0,1.0,0.0
1,2,3.0,1,scan_rate_mV_s,layer_class,0.08806254932415215,0.04515832646072956,-0.042904222863422596
1,2,3.0,1,layer_class,interlayer_A,0.09111930885238935,0.05007889742136267,-0.04104041143102668
1,2,3.0,1,layer_class,target_cap_F_g,0.09968559788496818,0.07718560551843939,-0.02249999236652879
1,2,3.0,1,layer_class,h2so4_M,0.017910851905708295,0.031184995236634584,0.013274143330926289
1,2,3.0,1,layer_class,composition_family,0.1262308376206321,0.04913788269151428,-0.07709295492911783
1,2,3.0,1,layer_class,scan_rate_mV_s,0.08806254932415215,0.04515832646072956,-0.042904222863422596
1,2,3.0,1,layer_class,layer_class,1.0,1.0,0.0
1,2,3.0,2,interlayer_A,interlayer_A,1.0,1.0,0.0
1,2,3.0,2,interlayer_A,target_cap_F_g,0.24599861649491667,0.16587814100836773,-0.08012047548654894
1,2,3.0,2,interlayer_A,h2so4_M,0.13012676725268765,0.09275770272342082,-0.03736906452926683
1,2,3.0,2,interlayer_A,composition_family,0.18284034185862033,0.09023328615187139,-0.09260705570674894
1,2,3.0,2,interlayer_A,scan_rate_mV_s,0.13167523013698276,0.15936242454152297,0.027687194404540205
1,2,3.0,2,interlayer_A,layer_class,0.09111930885238935,0.04477917691781715,-0.0463401319345722
1,2,3.0,2,target_cap_F_g,interlayer_A,0.24599861649491667,0.16587814100836773,-0.08012047548654894
1,2,3.0,2,target_cap_F_g,target_cap_F_g,1.0,1.0,0.0
1,2,3.0,2,target_cap_F_g,h2so4_M,0.2739375999872824,0.11199752949694156,-0.16194007049034084
1,2,3.0,2,target_cap_F_g,composition_family,0.19523576356725625,0.23785168112602492,0.04261591755876867
1,2,3.0,2,target_cap_F_g,scan_rate_mV_s,0.20647966880514146,0.12146846384216721,-0.08501120496297425
1,2,3.0,2,target_cap_F_g,layer_class,0.09968559788496818,0.08641009602262463,-0.013275501862343553
1,2,3.0,2,h2so4_M,interlayer_A,0.13012676725268765,0.09275770272342082,-0.03736906452926683
1,2,3.0,2,h2so4_M,target_cap_F_g,0.2739375999872824,0.11199752949694156,-0.16194007049034084
1,2,3.0,2,h2so4_M,h2so4_M,1.0,1.0,0.0
1,2,3.0,2,h2so4_M,composition_family,0.3022979047601231,0.12549146593229832,-0.17680643882782476
1,2,3.0,2,h2so4_M,scan_rate_mV_s,0.1661094624487936,0.18292378350322594,0.01681432105443234
1,2,3.0,2,h2so4_M,layer_class,0.017910851905708295,0.053150498612652954,0.035239646706944655
1,2,3.0,2,composition_family,interlayer_A,0.18284034185862033,0.09023328615187139,-0.09260705570674894
1,2,3.0,2,composition_family,target_cap_F_g,0.19523576356725625,0.23785168112602492,0.04261591755876867
1,2,3.0,2,composition_family,h2so4_M,0.3022979047601231,0.12549146593229832,-0.17680643882782476
1,2,3.0,2,composition_family,composition_family,1.0,1.0,0.0
1,2,3.0,2,composition_family,scan_rate_mV_s,0.1978387349456568,0.2040352582932737,0.006196523347616917
1,2,3.0,2,composition_family,layer_class,0.1262308376206321,0.062436274037641355,-0.06379456358299077
1,2,3.0,2,scan_rate_mV_s,interlayer_A,0.13167523013698276,0.15936242454152297,0.027687194404540205
1,2,3.0,2,scan_rate_mV_s,target_cap_F_g,0.20647966880514146,0.12146846384216721,-0.08501120496297425
1,2,3.0,2,scan_rate_mV_s,h2so4_M,0.1661094624487936,0.18292378350322594,0.01681432105443234
1,2,3.0,2,scan_rate_mV_s,composition_family,0.1978387349456568,0.2040352582932737,0.006196523347616917
1,2,3.0,2,scan_rate_mV_s,scan_rate_mV_s,1.0,1.0,0.0
1,2,3.0,2,scan_rate_mV_s,layer_class,0.08806254932415215,0.10755880598919985,0.0194962566650477
1,2,3.0,2,layer_class,interlayer_A,0.09111930885238935,0.04477917691781715,-0.0463401319345722
1,2,3.0,2,layer_class,target_cap_F_g,0.09968559788496818,0.08641009602262463,-0.013275501862343553
1,2,3.0,2,layer_class,h2so4_M,0.017910851905708295,0.053150498612652954,0.035239646706944655
1,2,3.0,2,layer_class,composition_family,0.1262308376206321,0.062436274037641355,-0.06379456358299077
1,2,3.0,2,layer_class,scan_rate_mV_s,0.08806254932415215,0.10755880598919985,0.0194962566650477
1,2,3.0,2,layer_class,layer_class,1.0,1.0,0.0
1,2,5.25,0,interlayer_A,interlayer_A,1.0,1.0,0.0
1,2,5.25,0,interlayer_A,target_cap_F_g,0.24599861649491667,0.07649486058633645,-0.16950375590858022
1,2,5.25,0,interlayer_A,h2so4_M,0.13012676725268765,0.09643678187323537,-0.03368998537945228
1,2,5.25,0,interlayer_A,composition_family,0.18284034185862033,0.10404028262971916,-0.07880005922890117
1,2,5.25,0,interlayer_A,scan_rate_mV_s,0.13167523013698276,0.12409296468097779,-0.007582265456004975
1,2,5.25,0,interlayer_A,layer_class,0.09111930885238935,0.03573835930500915,-0.0553809495473802
1,2,5.25,0,target_cap_F_g,interlayer_A,0.24599861649491667,0.07649486058633645,-0.16950375590858022
1,2,5.25,0,target_cap_F_g,target_cap_F_g,1.0,1.0,0.0
1,2,5.25,0,target_cap_F_g,h2so4_M,0.2739375999872824,0.20958299914579726,-0.06435460084148514
1,2,5.25,0,target_cap_F_g,composition_family,0.19523576356725625,0.17821345435385974,-0.017022309213396508
1,2,5.25,0,target_cap_F_g,scan_rate_mV_s,0.20647966880514146,0.08921179963888388,-0.11726786916625757
1,2,5.25,0,target_cap_F_g,layer_class,0.09968559788496818,0.13244501762046135,0.032759419735493164
1,2,5.25,0,h2so4_M,interlayer_A,0.13012676725268765,0.09643678187323537,-0.03368998537945228
1,2,5.25,0,h2so4_M,target_cap_F_g,0.2739375999872824,0.20958299914579726,-0.06435460084148514
1,2,5.25,0,h2so4_M,h2so4_M,1.0,1.0,0.0
1,2,5.25,0,h2so4_M,composition_family,0.3022979047601231,0.11872355641969054,-0.18357434834043254
1,2,5.25,0,h2so4_M,scan_rate_mV_s,0.1661094624487936,0.05988927005522116,-0.10622019239357244
1,2,5.25,0,h2so4_M,layer_class,0.017910851905708295,0.035666009464634704,0.01775515755892641
1,2,5.25,0,composition_family,interlayer_A,0.18284034185862033,0.10404028262971916,-0.07880005922890117
1,2,5.25,0,composition_family,target_cap_F_g,0.19523576356725625,0.17821345435385974,-0.017022309213396508
1,2,5.25,0,composition_family,h2so4_M,0.3022979047601231,0.11872355641969054,-0.18357434834043254
1,2,5.25,0,composition_family,composition_family,1.0,1.0,0.0
1,2,5.25,0,composition_family,scan_rate_mV_s,0.1978387349456568,0.1677644129067615,-0.03007432203889529
1,2,5.25,0,composition_family,layer_class,0.1262308376206321,0.08834678174282383,-0.037884055877808284
1,2,5.25,0,scan_rate_mV_s,interlayer_A,0.13167523013698276,0.12409296468097779,-0.007582265456004975
1,2,5.25,0,scan_rate_mV_s,target_cap_F_g,0.20647966880514146,0.08921179963888388,-0.11726786916625757
1,2,5.25,0,scan_rate_mV_s,h2so4_M,0.1661094624487936,0.05988927005522116,-0.10622019239357244
1,2,5.25,0,scan_rate_mV_s,composition_family,0.1978387349456568,0.1677644129067615,-0.03007432203889529
1,2,5.25,0,scan_rate_mV_s,scan_rate_mV_s,1.0,1.0,0.0
1,2,5.25,0,scan_rate_mV_s,layer_class,0.08806254932415215,0.11077395365379918,0.022711404329647022
1,2,5.25,0,layer_class,interlayer_A,0.09111930885238935,0.03573835930500915,-0.0553809495473802
1,2,5.25,0,layer_class,target_cap_F_g,0.09968559788496818,0.13244501762046135,0.032759419735493164
1,2,5.25,0,layer_class,h2so4_M,0.017910851905708295,0.035666009464634704,0.01775515755892641
1,2,5.25,0,layer_class,composition_family,0.1262308376206321,0.08834678174282383,-0.037884055877808284
1,2,5.25,0,layer_class,scan_rate_mV_s,0.08806254932415215,0.11077395365379918,0.022711404329647022
1,2,5.25,0,layer_class,layer_class,1.0,1.0,0.0
1,2,5.25,1,interlayer_A,interlayer_A,1.0,1.0,0.0
1,2,5.25,1,interlayer_A,target_cap_F_g,0.24599861649491667,0.061310088080280406,-0.18468852841463626
1,2,5.25,1,interlayer_A,h2so4_M,0.13012676725268765,0.06166752197165251,-0.06845924528103514
1,2,5.25,1,interlayer_A,composition_family,0.18284034185862033,0.08115270719016594,-0.10168763466845439
1,2,5.25,1,interlayer_A,scan_rate_mV_s,0.13167523013698276,0.10424344415997626,-0.027431785977006504
1,2,5.25,1,interlayer_A,layer_class,0.09111930885238935,0.028033510118115383,-0.06308579873427397
1,2,5.25,1,target_cap_F_g,interlayer_A,0.24599861649491667,0.061310088080280406,-0.18468852841463626
1,2,5.25,1,target_cap_F_g,target_cap_F_g,1.0,1.0,0.0
1,2,5.25,1,target_cap_F_g,h2so4_M,0.2739375999872824,0.13990701003858963,-0.13403058994869277
1,2,5.25,1,target_cap_F_g,composition_family,0.19523576356725625,0.15506419889818704,-0.04017156466906921
1,2,5.25,1,target_cap_F_g,scan_rate_mV_s,0.20647966880514146,0.06901514515339416,-0.1374645236517473
1,2,5.25,1,target_cap_F_g,layer_class,0.09968559788496818,0.10743569878802729,0.0077501009030591095
1,2,5.25,1,h2so4_M,interlayer_A,0.13012676725268765,0.06166752197165251,-0.06845924528103514
1,2,5.25,1,h2so4_M,target_cap_F_g,0.2739375999872824,0.13990701003858963,-0.13403058994869277
1,2,5.25,1,h2so4_M,h2so4_M,1.0,1.0,0.0
1,2,5.25,1,h2so4_M,composition_family,0.3022979047601231,0.18996426574775818,-0.1123336390123649
1,2,5.25,1,h2so4_M,scan_rate_mV_s,0.1661094624487936,0.16888185959886734,0.002772397150073741
1,2,5.25,1,h2so4_M,layer_class,0.017910851905708295,0.018708392582200556,0.0007975406764922609
1,2,5.25,1,composition_family,interlayer_A,0.18284034185862033,0.08115270719016594,-0.10168763466845439
1,2,5.25,1,composition_family,target_cap_F_g,0.19523576356725625,0.15506419889818704,-0.04017156466906921
1,2,5.25,1,composition_family,h2so4_M,0.3022979047601231,0.18996426574775818,-0.1123336390123649
1,2,5.25,1,composition_family,composition_family,1.0,1.0,0.0
1,2,5.25,1,composition_family,scan_rate_mV_s,0.1978387349456568,0.15824862379126414,-0.03959011115439265
1,2,5.25,1,composition_family,layer_class,0.1262308376206321,0.0307819758644441,-0.09544886175618801
1,2,5.25,1,scan_rate_mV_s,interlayer_A,0.13167523013698276,0.10424344415997626,-0.027431785977006504
1,2,5.25,1,scan_rate_mV_s,target_cap_F_g,0.20647966880514146,0.06901514515339416,-0.1374645236517473
1,2,5.25,1,scan_rate_mV_s,h2so4_M,0.1661094624487936,0.16888185959886734,0.002772397150073741
1,2,5.25,1,scan_rate_mV_s,composition_family,0.1978387349456568,0.15824862379126414,-0.03959011115439265
1,2,5.25,1,scan_rate_mV_s,scan_rate_mV_s,1.0,1.0,0.0
1,2,5.25,1,scan_rate_mV_s,layer_class,0.08806254932415215,0.08034277495009916,-0.007719774374052996
1,2,5.25,1,layer_class,interlayer_A,0.09111930885238935,0.028033510118115383,-0.06308579873427397
1,2,5.25,1,layer_class,target_cap_F_g,0.09968559788496818,0.10743569878802729,0.0077501009030591095
1,2,5.25,1,layer_class,h2so4_M,0.017910851905708295,0.018708392582200556,0.0007975406764922609
1,2,5.25,1,layer_class,composition_family,0.1262308376206321,0.0307819758644441,-0.09544886175618801
1,2,5.25,1,layer_class,scan_rate_mV_s,0.08806254932415215,0.08034277495009916,-0.007719774374052996
1,2,5.25,1,layer_class,layer_class,1.0,1.0,0.0
1,2,5.25,2,interlayer_A,interlayer_A,1.0,1.0,0.0
1,2,5.25,2,interlayer_A,target_cap_F_g,0.24599861649491667,0.07296795958146453,-0.17303065691345215
1,2,5.25,2,interlayer_A,h2so4_M,0.13012676725268765,0.1251219668671904,-0.005004800385497249
1,2,5.25,2,interlayer_A,composition_family,0.18284034185862033,0.06529746662441276,-0.11754287523420757
1,2,5.25,2,interlayer_A,scan_rate_mV_s,0.13167523013698276,0.10862996653189232,-0.023045263605090446
1,2,5.25,2,interlayer_A,layer_class,0.09111930885238935,0.03972246901436638,-0.05139683983802297
1,2,5.25,2,target_cap_F_g,interlayer_A,0.24599861649491667,0.07296795958146453,-0.17303065691345215
1,2,5.25,2,target_cap_F_g,target_cap_F_g,1.0,1.0,0.0
1,2,5.25,2,target_cap_F_g,h2so4_M,0.2739375999872824,0.249460762607299,-0.024476837379983407
1,2,5.25,2,target_cap_F_g,composition_family,0.19523576356725625,0.15021593805463668,-0.04501982551261957
1,2,5.25,2,target_cap_F_g,scan_rate_mV_s,0.20647966880514146,0.09152585812352752,-0.11495381068161394
1,2,5.25,2,target_cap_F_g,layer_class,0.09968559788496818,0.1379816603376815,0.03829606245271332
1,2,5.25,2,h2so4_M,interlayer_A,0.13012676725268765,0.1251219668671904,-0.005004800385497249
1,2,5.25,2,h2so4_M,target_cap_F_g,0.2739375999872824,0.249460762607299,-0.024476837379983407
1,2,5.25,2,h2so4_M,h2so4_M,1.0,1.0,0.0
1,2,5.25,2,h2so4_M,composition_family,0.3022979047601231,0.19419970813293594,-0.10809819662718714
1,2,5.25,2,h2so4_M,scan_rate_mV_s,0.1661094624487936,0.1827320671398817,0.01662260469108809
1,2,5.25,2,h2so4_M,layer_class,0.017910851905708295,0.08447840296641052,0.06656755106070222
1,2,5.25,2,composition_family,interlayer_A,0.18284034185862033,0.06529746662441276,-0.11754287523420757
1,2,5.25,2,composition_family,target_cap_F_g,0.19523576356725625,0.15021593805463668,-0.04501982551261957
1,2,5.25,2,composition_family,h2so4_M,0.3022979047601231,0.19419970813293594,-0.10809819662718714
1,2,5.25,2,composition_family,composition_family,1.0,1.0,0.0
1,2,5.25,2,composition_family,scan_rate_mV_s,0.1978387349456568,0.18297340040555587,-0.014865334540100916
1,2,5.25,2,composition_family,layer_class,0.1262308376206321,0.017551795900865707,-0.1086790417197664
1,2,5.25,2,scan_rate_mV_s,interlayer_A,0.13167523013698276,0.10862996653189232,-0.023045263605090446
1,2,5.25,2,scan_rate_mV_s,target_cap_F_g,0.20647966880514146,0.09152585812352752,-0.11495381068161394
1,2,5.25,2,scan_rate_mV_s,h2so4_M,0.1661094624487936,0.1827320671398817,0.01662260469108809
1,2,5.25,2,scan_rate_mV_s,composition_family,0.1978387349456568,0.18297340040555587,-0.014865334540100916
1,2,5.25,2,scan_rate_mV_s,scan_rate_mV_s,1.0,1.0,0.0
1,2,5.25,2,scan_rate_mV_s,layer_class,0.08806254932415215,0.061876452784649746,-0.026186096539502407
1,2,5.25,2,layer_class,interlayer_A,0.09111930885238935,0.03972246901436638,-0.05139683983802297
1,2,5.25,2,layer_class,target_cap_F_g,0.09968559788496818,0.1379816603376815,0.03829606245271332
1,2,5.25,2,layer_class,h2so4_M,0.017910851905708295,0.08447840296641052,0.06656755106070222
1,2,5.25,2,layer_class,composition_family,0.1262308376206321,0.017551795900865707,-0.1086790417197664
1,2,5.25,2,layer_class,scan_rate_mV_s,0.08806254932415215,0.061876452784649746,-0.026186096539502407
1,2,5.25,2,layer_class,layer_class,1.0,1.0,0.0
1,3,1.0,0,interlayer_A,interlayer_A,1.0,1.0,0.0
1,3,1.0,0,interlayer_A,target_cap_F_g,0.24599861649491667,0.14592508452313255,-0.10007353197178412
1,3,1.0,0,interlayer_A,h2so4_M,0.13012676725268765,0.0877578764881265,-0.04236889076456116
1,3,1.0,0,interlayer_A,composition_family,0.18284034185862033,0.17413008817824896,-0.008710253680371371
1,3,1.0,0,interlayer_A,scan_rate_mV_s,0.13167523013698276,0.21240705255976813,0.08073182242278537
1,3,1.0,0,interlayer_A,layer_class,0.09111930885238935,0.13193395419239953,0.04081464534001018
1,3,1.0,0,target_cap_F_g,interlayer_A,0.24599861649491667,0.14592508452313255,-0.10007353197178412
1,3,1.0,0,target_cap_F_g,target_cap_F_g,1.0,1.0,0.0
1,3,1.0,0,target_cap_F_g,h2so4_M,0.2739375999872824,0.4012858774388647,0.12734827745158228
1,3,1.0,0,target_cap_F_g,composition_family,0.19523576356725625,0.3095078393940546,0.11427207582679832
1,3,1.0,0,target_cap_F_g,scan_rate_mV_s,0.20647966880514146,0.175316485367814,-0.031163183437327463
1,3,1.0,0,target_cap_F_g,layer_class,0.09968559788496818,0.1326912625668969,0.03300566468192871
1,3,1.0,0,h2so4_M,interlayer_A,0.13012676725268765,0.0877578764881265,-0.04236889076456116
1,3,1.0,0,h2so4_M,target_cap_F_g,0.2739375999872824,0.4012858774388647,0.12734827745158228
1,3,1.0,0,h2so4_M,h2so4_M,1.0,1.0,0.0
1,3,1.0,0,h2so4_M,composition_family,0.3022979047601231,0.34215963882506034,0.03986173406493726
1,3,1.0,0,h2so4_M,scan_rate_mV_s,0.1661094624487936,0.13912058884693715,-0.02698887360185645
1,3,1.0,0,h2so4_M,layer_class,0.017910851905708295,0.09029150595563018,0.07238065404992189
1,3,1.0,0,composition_family,interlayer_A,0.18284034185862033,0.17413008817824896,-0.008710253680371371
1,3,1.0,0,composition_family,target_cap_F_g,0.19523576356725625,0.3095078393940546,0.11427207582679832
1,3,1.0,0,composition_family,h2so4_M,0.3022979047601231,0.34215963882506034,0.03986173406493726
1,3,1.0,0,composition_family,composition_family,1.0,1.0,0.0
1,3,1.0,0,composition_family,scan_rate_mV_s,0.1978387349456568,0.27927822135227387,0.08143948640661708
1,3,1.0,0,composition_family,layer_class,0.1262308376206321,0.17204305997460131,0.0458122223539692
1,3,1.0,0,scan_rate_mV_s,interlayer_A,0.13167523013698276,0.21240705255976813,0.08073182242278537
1,3,1.0,0,scan_rate_mV_s,target_cap_F_g,0.20647966880514146,0.175316485367814,-0.031163183437327463
1,3,1.0,0,scan_rate_mV_s,h2so4_M,0.1661094624487936,0.13912058884693715,-0.02698887360185645
1,3,1.0,0,scan_rate_mV_s,composition_family,0.1978387349456568,0.27927822135227387,0.08143948640661708
1,3,1.0,0,scan_rate_mV_s,scan_rate_mV_s,1.0,1.0,0.0
1,3,1.0,0,scan_rate_mV_s,layer_class,0.08806254932415215,0.0421635813288501,-0.045898967995302055
1,3,1.0,0,layer_class,interlayer_A,0.09111930885238935,0.13193395419239953,0.04081464534001018
1,3,1.0,0,layer_class,target_cap_F_g,0.09968559788496818,0.1326912625668969,0.03300566468192871
1,3,1.0,0,layer_class,h2so4_M,0.017910851905708295,0.09029150595563018,0.07238065404992189
1,3,1.0,0,layer_class,composition_family,0.1262308376206321,0.17204305997460131,0.0458122223539692
1,3,1.0,0,layer_class,scan_rate_mV_s,0.08806254932415215,0.0421635813288501,-0.045898967995302055
1,3,1.0,0,layer_class,layer_class,1.0,1.0,0.0
1,3,3.0,0,interlayer_A,interlayer_A,1.0,1.0,0.0
1,3,3.0,0,interlayer_A,target_cap_F_g,0.24599861649491667,0.04470450090343265,-0.20129411559148402
1,3,3.0,0,interlayer_A,h2so4_M,0.13012676725268765,0.07712823761300218,-0.052998529639685474
1,3,3.0,0,interlayer_A,composition_family,0.18284034185862033,0.17153713264193732,-0.011303209216683013
1,3,3.0,0,interlayer_A,scan_rate_mV_s,0.13167523013698276,0.15338373663870963,0.02170850650172687
1,3,3.0,0,interlayer_A,layer_class,0.09111930885238935,0.034734410258211924,-0.056384898594177425
1,3,3.0,0,target_cap_F_g,interlayer_A,0.24599861649491667,0.04470450090343265,-0.20129411559148402
1,3,3.0,0,target_cap_F_g,target_cap_F_g,1.0,1.0,0.0
1,3,3.0,0,target_cap_F_g,h2so4_M,0.2739375999872824,0.1321792082281393,-0.1417583917591431
1,3,3.0,0,target_cap_F_g,composition_family,0.19523576356725625,0.14647148927738649,-0.04876427428986976
1,3,3.0,0,target_cap_F_g,scan_rate_mV_s,0.20647966880514146,0.120494624907214,-0.08598504389792745
1,3,3.0,0,target_cap_F_g,layer_class,0.09968559788496818,0.08421090632441103,-0.015474691560557155
1,3,3.0,0,h2so4_M,interlayer_A,0.13012676725268765,0.07712823761300218,-0.052998529639685474
1,3,3.0,0,h2so4_M,target_cap_F_g,0.2739375999872824,0.1321792082281393,-0.1417583917591431
1,3,3.0,0,h2so4_M,h2so4_M,1.0,1.0,0.0
1,3,3.0,0,h2so4_M,composition_family,0.3022979047601231,0.30164746562560085,-0.0006504391345222293
1,3,3.0,0,h2so4_M,scan_rate_mV_s,0.1661094624487936,0.1862121973853093,0.02010273493651571
1,3,3.0,0,h2so4_M,layer_class,0.017910851905708295,0.02685499483268163,0.008944142926973334
1,3,3.0,0,composition_family,interlayer_A,0.18284034185862033,0.17153713264193732,-0.011303209216683013
1,3,3.0,0,composition_family,target_cap_F_g,0.19523576356725625,0.14647148927738649,-0.04876427428986976
1,3,3.0,0,composition_family,h2so4_M,0.3022979047601231,0.30164746562560085,-0.0006504391345222293
1,3,3.0,0,composition_family,composition_family,1.0,1.0,0.0
1,3,3.0,0,composition_family,scan_rate_mV_s,0.1978387349456568,0.18950805431084428,-0.008330680634812515
1,3,3.0,0,composition_family,layer_class,0.1262308376206321,0.10697809360828639,-0.019252744012345724
1,3,3.0,0,scan_rate_mV_s,interlayer_A,0.13167523013698276,0.15338373663870963,0.02170850650172687
1,3,3.0,0,scan_rate_mV_s,target_cap_F_g,0.20647966880514146,0.120494624907214,-0.08598504389792745
1,3,3.0,0,scan_rate_mV_s,h2so4_M,0.1661094624487936,0.1862121973853093,0.02010273493651571
1,3,3.0,0,scan_rate_mV_s,composition_family,0.1978387349456568,0.18950805431084428,-0.008330680634812515
1,3,3.0,0,scan_rate_mV_s,scan_rate_mV_s,1.0,1.0,0.0
1,3,3.0,0,scan_rate_mV_s,layer_class,0.08806254932415215,0.08160540517545664,-0.006457144148695512
1,3,3.0,0,layer_class,interlayer_A,0.09111930885238935,0.034734410258211924,-0.056384898594177425
1,3,3.0,0,layer_class,target_cap_F_g,0.09968559788496818,0.08421090632441103,-0.015474691560557155
1,3,3.0,0,layer_class,h2so4_M,0.017910851905708295,0.02685499483268163,0.008944142926973334
1,3,3.0,0,layer_class,composition_family,0.1262308376206321,0.10697809360828639,-0.019252744012345724
1,3,3.0,0,layer_class,scan_rate_mV_s,0.08806254932415215,0.08160540517545664,-0.006457144148695512
1,3,3.0,0,layer_class,layer_class,1.0,1.0,0.0
1,3,5.25,0,interlayer_A,interlayer_A,1.0,1.0,0.0
1,3,5.25,0,interlayer_A,target_cap_F_g,0.24599861649491667,0.10874115997434103,-0.13725745652057564
1,3,5.25,0,interlayer_A,h2so4_M,0.13012676725268765,0.13046529382434552,0.0003385265716578656
1,3,5.25,0,interlayer_A,composition_family,0.18284034185862033,0.09985382634509447,-0.08298651551352586
1,3,5.25,0,interlayer_A,scan_rate_mV_s,0.13167523013698276,0.16911240062917277,0.03743717049219
1,3,5.25,0,interlayer_A,layer_class,0.09111930885238935,0.02335582751985965,-0.0677634813325297
1,3,5.25,0,target_cap_F_g,interlayer_A,0.24599861649491667,0.10874115997434103,-0.13725745652057564
1,3,5.25,0,target_cap_F_g,target_cap_F_g,1.0,1.0,0.0
1,3,5.25,0,target_cap_F_g,h2so4_M,0.2739375999872824,0.21480012402890453,-0.05913747595837787
1,3,5.25,0,target_cap_F_g,composition_family,0.19523576356725625,0.18707936312543474,-0.008156400441821504
1,3,5.25,0,target_cap_F_g,scan_rate_mV_s,0.20647966880514146,0.10166425509274583,-0.10481541371239562
1,3,5.25,0,target_cap_F_g,layer_class,0.09968559788496818,0.12585061576501877,0.026165017880050587
1,3,5.25,0,h2so4_M,interlayer_A,0.13012676725268765,0.13046529382434552,0.0003385265716578656
1,3,5.25,0,h2so4_M,target_cap_F_g,0.2739375999872824,0.21480012402890453,-0.05913747595837787
1,3,5.25,0,h2so4_M,h2so4_M,1.0,1.0,0.0
1,3,5.25,0,h2so4_M,composition_family,0.3022979047601231,0.29956311015839054,-0.0027347946017325375
1,3,5.25,0,h2so4_M,scan_rate_mV_s,0.1661094624487936,0.20186133403561343,0.03575187158681983
1,3,5.25,0,h2so4_M,layer_class,0.017910851905708295,0.03805685247384348,0.020146000568135185
1,3,5.25,0,composition_family,interlayer_A,0.18284034185862033,0.09985382634509447,-0.08298651551352586
1,3,5.25,0,composition_family,target_cap_F_g,0.19523576356725625,0.18707936312543474,-0.008156400441821504
1,3,5.25,0,composition_family,h2so4_M,0.3022979047601231,0.29956311015839054,-0.0027347946017325375
1,3,5.25,0,composition_family,composition_family,1.0,1.0,0.0
1,3,5.25,0,composition_family,scan_rate_mV_s,0.1978387349456568,0.21597958664352934,0.01814085169787255
1,3,5.25,0,composition_family,layer_class,0.1262308376206321,0.12076810111320216,-0.005462736507429955
1,3,5.25,0,scan_rate_mV_s,interlayer_A,0.13167523013698276,0.16911240062917277,0.03743717049219
1,3,5.25,0,scan_rate_mV_s,target_cap_F_g,0.20647966880514146,0.10166425509274583,-0.10481541371239562
1,3,5.25,0,scan_rate_mV_s,h2so4_M,0.1661094624487936,0.20186133403561343,0.03575187158681983
1,3,5.25,0,scan_rate_mV_s,composition_family,0.1978387349456568,0.21597958664352934,0.01814085169787255
1,3,5.25,0,scan_rate_mV_s,scan_rate_mV_s,1.0,1.0,0.0
1,3,5.25,0,scan_rate_mV_s,layer_class,0.08806254932415215,0.0973262627582926,0.009263713434140453
1,3,5.25,0,layer_class,interlayer_A,0.09111930885238935,0.02335582751985965,-0.0677634813325297
1,3,5.25,0,layer_class,target_cap_F_g,0.09968559788496818,0.12585061576501877,0.026165017880050587
1,3,5.25,0,layer_class,h2so4_M,0.017910851905708295,0.03805685247384348,0.020146000568135185
1,3,5.25,0,layer_class,composition_family,0.1262308376206321,0.12076810111320216,-0.005462736507429955
1,3,5.25,0,layer_class,scan_rate_mV_s,0.08806254932415215,0.0973262627582926,0.009263713434140453
1,3,5.25,0,layer_class,layer_class,1.0,1.0,0.0
2,1,1.0,0,interlayer_A,interlayer_A,1.0,1.0,0.0
2,1,1.0,0,interlayer_A,target_cap_F_g,0.1993760274576379,0.2600810464126222,0.060705018954984286
2,1,1.0,0,interlayer_A,h2so4_M,0.4473058037480426,0.24723614761918838,-0.2000696561288542
2,1,1.0,0,interlayer_A,composition_family,0.19960984397779363,0.1060553403023087,-0.09355450367548493
2,1,1.0,0,interlayer_A,scan_rate_mV_s,0.2701792278237908,0.2384973672852048,-0.03168186053858599
2,1,1.0,0,interlayer_A,layer_class,0.4471535618818449,0.2902235185158017,-0.15693004336604321
2,1,1.0,0,target_cap_F_g,interlayer_A,0.1993760274576379,0.2600810464126222,0.060705018954984286
2,1,1.0,0,target_cap_F_g,target_cap_F_g,1.0,1.0,0.0
2,1,1.0,0,target_cap_F_g,h2so4_M,0.20826172837548448,0.12342963063707085,-0.08483209773841363
2,1,1.0,0,target_cap_F_g,composition_family,0.1961793158297404,0.19797947428376683,0.0018001584540264237
2,1,1.0,0,target_cap_F_g,scan_rate_mV_s,0.23165211879795664,0.287478740030123,0.05582662123216639
2,1,1.0,0,target_cap_F_g,layer_class,0.18285054967947595,0.12626545988967308,-0.05658508978980287
2,1,1.0,0,h2so4_M,interlayer_A,0.4473058037480426,0.24723614761918838,-0.2000696561288542
2,1,1.0,0,h2so4_M,target_cap_F_g,0.20826172837548448,0.12342963063707085,-0.08483209773841363
2,1,1.0,0,h2so4_M,h2so4_M,1.0,1.0,0.0
2,1,1.0,0,h2so4_M,composition_family,0.22671492128498705,0.08952884780922764,-0.1371860734757594
2,1,1.0,0,h2so4_M,scan_rate_mV_s,0.31140728877076734,0.17610326568865778,-0.13530402308210956
2,1,1.0,0,h2so4_M,layer_class,0.4097103329798944,0.40049491075995114,-0.009215422219943259
2,1,1.0,0,composition_family,interlayer_A,0.19960984397779363,0.1060553403023087,-0.09355450367548493
2,1,1.0,0,composition_family,target_cap_F_g,0.1961793158297404,0.19797947428376683,0.0018001584540264237
2,1,1.0,0,composition_family,h2so4_M,0.22671492128498705,0.08952884780922764,-0.1371860734757594
2,1,1.0,0,composition_family,composition_family,1.0,1.0,0.0
2,1,1.0,0,composition_family,scan_rate_mV_s,0.18558544654976725,0.2556725850564961,0.07008713850672885
2,1,1.0,0,composition_family,layer_class,0.1488601860401241,0.02988357461537455,-0.11897661142474955
2,1,1.0,0,scan_rate_mV_s,interlayer_A,0.2701792278237908,0.2384973672852048,-0.03168186053858599
2,1,1.0,0,scan_rate_mV_s,target_cap_F_g,0.23165211879795664,0.287478740030123,0.05582662123216639
2,1,1.0,0,scan_rate_mV_s,h2so4_M,0.31140728877076734,0.17610326568865778,-0.13530402308210956
2,1,1.0,0,scan_rate_mV_s,composition_family,0.18558544654976725,0.2556725850564961,0.07008713850672885
2,1,1.0,0,scan_rate_mV_s,scan_rate_mV_s,1.0,1.0,0.0
2,1,1.0,0,scan_rate_mV_s,layer_class,0.2294610999553567,0.22440190882898428,-0.005059191126372431
2,1,1.0,0,layer_class,interlayer_A,0.4471535618818449,0.2902235185158017,-0.15693004336604321
2,1,1.0,0,layer_class,target_cap_F_g,0.18285054967947595,0.12626545988967308,-0.05658508978980287
2,1,1.0,0,layer_class,h2so4_M,0.4097103329798944,0.40049491075995114,-0.009215422219943259
2,1,1.0,0,layer_class,composition_family,0.1488601860401241,0.02988357461537455,-0.11897661142474955
2,1,1.0,0,layer_class,scan_rate_mV_s,0.2294610999553567,0.22440190882898428,-0.005059191126372431
2,1,1.0,0,layer_class,layer_class,1.0,1.0,0.0
2,1,3.0,0,interlayer_A,interlayer_A,1.0,1.0,0.0
2,1,3.0,0,interlayer_A,target_cap_F_g,0.1993760274576379,0.1680851063116341,-0.03129092114600382
2,1,3.0,0,interlayer_A,h2so4_M,0.4473058037480426,0.347005089510336,-0.10030071423770659
2,1,3.0,0,interlayer_A,composition_family,0.19960984397779363,0.16921730477147595,-0.03039253920631768
2,1,3.0,0,interlayer_A,scan_rate_mV_s,0.2701792278237908,0.24088824579515694,-0.02929098202863384
2,1,3.0,0,interlayer_A,layer_class,0.4471535618818449,0.3358235142471945,-0.11133004763465043
2,1,3.0,0,target_cap_F_g,interlayer_A,0.1993760274576379,0.1680851063116341,-0.03129092114600382
2,1,3.0,0,target_cap_F_g,target_cap_F_g,1.0,1.0,0.0
2,1,3.0,0,target_cap_F_g,h2so4_M,0.20826172837548448,0.14852555639185586,-0.05973617198362863
2,1,3.0,0,target_cap_F_g,composition_family,0.1961793158297404,0.16769273390604364,-0.02848658192369677
2,1,3.0,0,target_cap_F_g,scan_rate_mV_s,0.23165211879795664,0.1122093053351818,-0.11944281346277484
2,1,3.0,0,target_cap_F_g,layer_class,0.18285054967947595,0.12105358848963908,-0.061796961189836866
2,1,3.0,0,h2so4_M,interlayer_A,0.4473058037480426,0.347005089510336,-0.10030071423770659
2,1,3.0,0,h2so4_M,target_cap_F_g,0.20826172837548448,0.14852555639185586,-0.05973617198362863
2,1,3.0,0,h2so4_M,h2so4_M,1.0,1.0,0.0
2,1,3.0,0,h2so4_M,composition_family,0.22671492128498705,0.06589281557292762,-0.16082210571205943
2,1,3.0,0,h2so4_M,scan_rate_mV_s,0.31140728877076734,0.25797214424878123,-0.05343514452198611
2,1,3.0,0,h2so4_M,layer_class,0.4097103329798944,0.43128447840981443,0.021574145429920033
2,1,3.0,0,composition_family,interlayer_A,0.19960984397779363,0.16921730477147595,-0.03039253920631768
2,1,3.0,0,composition_family,target_cap_F_g,0.1961793158297404,0.16769273390604364,-0.02848658192369677
2,1,3.0,0,composition_family,h2so4_M,0.22671492128498705,0.06589281557292762,-0.16082210571205943
2,1,3.0,0,composition_family,composition_family,1.0,1.0,0.0
2,1,3.0,0,composition_family,scan_rate_mV_s,0.18558544654976725,0.07645665132314651,-0.10912879522662074
2,1,3.0,0,composition_family,layer_class,0.1488601860401241,0.039506568646556064,-0.10935361739356804
2,1,3.0,0,scan_rate_mV_s,interlayer_A,0.2701792278237908,0.24088824579515694,-0.02929098202863384
2,1,3.0,0,scan_rate_mV_s,target_cap_F_g,0.23165211879795664,0.1122093053351818,-0.11944281346277484
2,1,3.0,0,scan_rate_mV_s,h2so4_M,0.31140728877076734,0.25797214424878123,-0.05343514452198611
2,1,3.0,0,scan_rate_mV_s,composition_family,0.18558544654976725,0.07645665132314651,-0.10912879522662074
2,1,3.0,0,scan_rate_mV_s,scan_rate_mV_s,1.0,1.0,0.0
2,1,3.0,0,scan_rate_mV_s,layer_class,0.2294610999553567,0.22944789584774297,-1.3204107613740135e-05
2,1,3.0,0,layer_class,interlayer_A,0.4471535618818449,0.3358235142471945,-0.11133004763465043
2,1,3.0,0,layer_class,target_cap_F_g,0.18285054967947595,0.12105358848963908,-0.061796961189836866
2,1,3.0,0,layer_class,h2so4_M,0.4097103329798944,0.43128447840981443,0.021574145429920033
2,1,3.0,0,layer_class,composition_family,0.1488601860401241,0.039506568646556064,-0.10935361739356804
2,1,3.0,0,layer_class,scan_rate_mV_s,0.2294610999553567,0.22944789584774297,-1.3204107613740135e-05
2,1,3.0,0,layer_class,layer_class,1.0,1.0,0.0
2,1,5.25,0,interlayer_A,interlayer_A,1.0,1.0,0.0
2,1,5.25,0,interlayer_A,target_cap_F_g,0.1993760274576379,0.15436903803485788,-0.04500698942278003
2,1,5.25,0,interlayer_A,h2so4_M,0.4473058037480426,0.26482115913479615,-0.18248464461324643
2,1,5.25,0,interlayer_A,composition_family,0.19960984397779363,0.06775545899113,-0.13185438498666363
2,1,5.25,0,interlayer_A,scan_rate_mV_s,0.2701792278237908,0.18680575346476538,-0.0833734743590254
2,1,5.25,0,interlayer_A,layer_class,0.4471535618818449,0.26555992180559546,-0.18159364007624945
2,1,5.25,0,target_cap_F_g,interlayer_A,0.1993760274576379,0.15436903803485788,-0.04500698942278003
2,1,5.25,0,target_cap_F_g,target_cap_F_g,1.0,1.0,0.0
2,1,5.25,0,target_cap_F_g,h2so4_M,0.20826172837548448,0.13143850410187843,-0.07682322427360605
2,1,5.25,0,target_cap_F_g,composition_family,0.1961793158297404,0.164387760296234,-0.031791555533506405
2,1,5.25,0,target_cap_F_g,scan_rate_mV_s,0.23165211879795664,0.07459851231039814,-0.1570536064875585
2,1,5.25,0,target_cap_F_g,layer_class,0.18285054967947595,0.12481632938851409,-0.05803422029096186
2,1,5.25,0,h2so4_M,interlayer_A,0.4473058037480426,0.26482115913479615,-0.18248464461324643
2,1,5.25,0,h2so4_M,target_cap_F_g,0.20826172837548448,0.13143850410187843,-0.07682322427360605
2,1,5.25,0,h2so4_M,h2so4_M,1.0,1.0,0.0
2,1,5.25,0,h2so4_M,composition_family,0.22671492128498705,0.03946983038629267,-0.18724509089869437
2,1,5.25,0,h2so4_M,scan_rate_mV_s,0.31140728877076734,0.1682717184172281,-0.14313557035353924
2,1,5.25,0,h2so4_M,layer_class,0.4097103329798944,0.3458183912515161,-0.06389194172837831
2,1,5.25,0,composition_family,interlayer_A,0.19960984397779363,0.06775545899113,-0.13185438498666363
2,1,5.25,0,composition_family,target_cap_F_g,0.1961793158297404,0.164387760296234,-0.031791555533506405
2,1,5.25,0,composition_family,h2so4_M,0.22671492128498705,0.03946983038629267,-0.18724509089869437
2,1,5.25,0,composition_family,composition_family,1.0,1.0,0.0
2,1,5.25,0,composition_family,scan_rate_mV_s,0.18558544654976725,0.06479207687647764,-0.1207933696732896
2,1,5.25,0,composition_family,layer_class,0.1488601860401241,0.06431872444219235,-0.08454146159793176
2,1,5.25,0,scan_rate_mV_s,interlayer_A,0.2701792278237908,0.18680575346476538,-0.0833734743590254
2,1,5.25,0,scan_rate_mV_s,target_cap_F_g,0.23165211879795664,0.07459851231039814,-0.1570536064875585
2,1,5.25,0,scan_rate_mV_s,h2so4_M,0.31140728877076734,0.1682717184172281,-0.14313557035353924
2,1,5.25,0,scan_rate_mV_s,composition_family,0.18558544654976725,0.06479207687647764,-0.1207933696732896
2,1,5.25,0,scan_rate_mV_s,scan_rate_mV_s,1.0,1.0,0.0
2,1,5.25,0,scan_rate_mV_s,layer_class,0.2294610999553567,0.17730990824506945,-0.05215119171028726
2,1,5.25,0,layer_class,interlayer_A,0.4471535618818449,0.26555992180559546,-0.18159364007624945
2,1,5.25,0,layer_class,target_cap_F_g,0.18285054967947595,0.12481632938851409,-0.05803422029096186
2,1,5.25,0,layer_class,h2so4_M,0.4097103329798944,0.3458183912515161,-0.06389194172837831
2,1,5.25,0,layer_class,composition_family,0.1488601860401241,0.06431872444219235,-0.08454146159793176
2,1,5.25,0,layer_class,scan_rate_mV_s,0.2294610999553567,0.17730990824506945,-0.05215119171028726
2,1,5.25,0,layer_class,layer_class,1.0,1.0,0.0
2,2,1.0,0,interlayer_A,interlayer_A,1.0,1.0,0.0
2,2,1.0,0,interlayer_A,target_cap_F_g,0.1993760274576379,0.22695620262274482,0.027580175165106913
2,2,1.0,0,interlayer_A,h2so4_M,0.4473058037480426,0.2842281179657404,-0.1630776857823022
2,2,1.0,0,interlayer_A,composition_family,0.19960984397779363,0.19131984031402813,-0.008290003663765505
2,2,1.0,0,interlayer_A,scan_rate_mV_s,0.2701792278237908,0.22447114945080612,-0.045708078372984656
2,2,1.0,0,interlayer_A,layer_class,0.4471535618818449,0.27418323564954594,-0.17297032623229897
2,2,1.0,0,target_cap_F_g,interlayer_A,0.1993760274576379,0.22695620262274482,0.027580175165106913
2,2,1.0,0,target_cap_F_g,target_cap_F_g,1.0,1.0,0.0
2,2,1.0,0,target_cap_F_g,h2so4_M,0.20826172837548448,0.21202003450860493,0.003758306133120448
2,2,1.0,0,target_cap_F_g,composition_family,0.1961793158297404,0.21696492054161448,0.020785604711874073
2,2,1.0,0,target_cap_F_g,scan_rate_mV_s,0.23165211879795664,0.28863119812766797,0.05697907932971133
2,2,1.0,0,target_cap_F_g,layer_class,0.18285054967947595,0.19817155829962627,0.015321008620150317
2,2,1.0,0,h2so4_M,interlayer_A,0.4473058037480426,0.2842281179657404,-0.1630776857823022
2,2,1.0,0,h2so4_M,target_cap_F_g,0.20826172837548448,0.21202003450860493,0.003758306133120448
2,2,1.0,0,h2so4_M,h2so4_M,1.0,1.0,0.0
2,2,1.0,0,h2so4_M,composition_family,0.22671492128498705,0.14410545178012535,-0.0826094695048617
2,2,1.0,0,h2so4_M,scan_rate_mV_s,0.31140728877076734,0.3575965266353077,0.04618923786454038
2,2,1.0,0,h2so4_M,layer_class,0.4097103329798944,0.5056685507372416,0.0959582177573472
2,2,1.0,0,composition_family,interlayer_A,0.19960984397779363,0.19131984031402813,-0.008290003663765505
2,2,1.0,0,composition_family,target_cap_F_g,0.1961793158297404,0.21696492054161448,0.020785604711874073
2,2,1.0,0,composition_family,h2so4_M,0.22671492128498705,0.14410545178012535,-0.0826094695048617
2,2,1.0,0,composition_family,composition_family,1.0,1.0,0.0
2,2,1.0,0,composition_family,scan_rate_mV_s,0.18558544654976725,0.19570386903598253,0.010118422486215278
2,2,1.0,0,composition_family,layer_class,0.1488601860401241,0.05173054172559081,-0.0971296443145333
2,2,1.0,0,scan_rate_mV_s,interlayer_A,0.2701792278237908,0.22447114945080612,-0.045708078372984656
2,2,1.0,0,scan_rate_mV_s,target_cap_F_g,0.23165211879795664,0.28863119812766797,0.05697907932971133
2,2,1.0,0,scan_rate_mV_s,h2so4_M,0.31140728877076734,0.3575965266353077,0.04618923786454038
2,2,1.0,0,scan_rate_mV_s,composition_family,0.18558544654976725,0.19570386903598253,0.010118422486215278
2,2,1.0,0,scan_rate_mV_s,scan_rate_mV_s,1.0,1.0,0.0
2,2,1.0,0,scan_rate_mV_s,layer_class,0.2294610999553567,0.22925849173804638,-0.0002026082173103294
2,2,1.0,0,layer_class,interlayer_A,0.4471535618818449,0.27418323564954594,-0.17297032623229897
2,2,1.0,0,layer_class,target_cap_F_g,0.18285054967947595,0.19817155829962627,0.015321008620150317
2,2,1.0,0,layer_class,h2so4_M,0.4097103329798944,0.5056685507372416,0.0959582177573472
2,2,1.0,0,layer_class,composition_family,0.1488601860401241,0.05173054172559081,-0.0971296443145333
2,2,1.0,0,layer_class,scan_rate_mV_s,0.2294610999553567,0.22925849173804638,-0.0002026082173103294
2,2,1.0,0,layer_class,layer_class,1.0,1.0,0.0
2,2,1.0,1,interlayer_A,interlayer_A,1.0,1.0,0.0
2,2,1.0,1,interlayer_A,target_cap_F_g,0.1993760274576379,0.24433901765453775,0.04496299019689984
2,2,1.0,1,interlayer_A,h2so4_M,0.4473058037480426,0.34833060257267484,-0.09897520117536773
2,2,1.0,1,interlayer_A,composition_family,0.19960984397779363,0.288287164226372,0.08867732024857838
2,2,1.0,1,interlayer_A,scan_rate_mV_s,0.2701792278237908,0.2144963304526942,-0.05568289737109658
2,2,1.0,1,interlayer_A,layer_class,0.4471535618818449,0.35235849861428364,-0.09479506326756126
2,2,1.0,1,target_cap_F_g,interlayer_A,0.1993760274576379,0.24433901765453775,0.04496299019689984
2,2,1.0,1,target_cap_F_g,target_cap_F_g,1.0,1.0,0.0
2,2,1.0,1,target_cap_F_g,h2so4_M,0.20826172837548448,0.27502692186421934,0.06676519348873486
2,2,1.0,1,target_cap_F_g,composition_family,0.1961793158297404,0.24842926864648118,0.052249952816740775
2,2,1.0,1,target_cap_F_g,scan_rate_mV_s,0.23165211879795664,0.279240494835282,0.04758837603732538
2,2,1.0,1,target_cap_F_g,layer_class,0.18285054967947595,0.2835862588697035,0.10073570919022756
2,2,1.0,1,h2so4_M,interlayer_A,0.4473058037480426,0.34833060257267484,-0.09897520117536773
2,2,1.0,1,h2so4_M,target_cap_F_g,0.20826172837548448,0.27502692186421934,0.06676519348873486
2,2,1.0,1,h2so4_M,h2so4_M,1.0,1.0,0.0
2,2,1.0,1,h2so4_M,composition_family,0.22671492128498705,0.2897693650074756,0.06305444372248853
2,2,1.0,1,h2so4_M,scan_rate_mV_s,0.31140728877076734,0.38038267801460285,0.0689753892438355
2,2,1.0,1,h2so4_M,layer_class,0.4097103329798944,0.3161481610734158,-0.09356217190647859
2,2,1.0,1,composition_family,interlayer_A,0.19960984397779363,0.288287164226372,0.08867732024857838
2,2,1.0,1,composition_family,target_cap_F_g,0.1961793158297404,0.24842926864648118,0.052249952816740775
2,2,1.0,1,composition_family,h2so4_M,0.22671492128498705,0.2897693650074756,0.06305444372248853
2,2,1.0,1,composition_family,composition_family,1.0,1.0,0.0
2,2,1.0,1,composition_family,scan_rate_mV_s,0.18558544654976725,0.25461686600513284,0.06903141945536559
2,2,1.0,1,composition_family,layer_class,0.1488601860401241,0.272675686359387,0.12381550031926289
2,2,1.0,1,scan_rate_mV_s,interlayer_A,0.2701792278237908,0.2144963304526942,-0.05568289737109658
2,2,1.0,1,scan_rate_mV_s,target_cap_F_g,0.23165211879795664,0.279240494835282,0.04758837603732538
2,2,1.0,1,scan_rate_mV_s,h2so4_M,0.31140728877076734,0.38038267801460285,0.0689753892438355
2,2,1.0,1,scan_rate_mV_s,composition_family,0.18558544654976725,0.25461686600513284,0.06903141945536559
2,2,1.0,1,scan_rate_mV_s,scan_rate_mV_s,1.0,1.0,0.0
2,2,1.0,1,scan_rate_mV_s,layer_class,0.2294610999553567,0.23447956359000052,0.0050184636346438105
2,2,1.0,1,layer_class,interlayer_A,0.4471535618818449,0.35235849861428364,-0.09479506326756126
2,2,1.0,1,layer_class,target_cap_F_g,0.18285054967947595,0.2835862588697035,0.10073570919022756
2,2,1.0,1,layer_class,h2so4_M,0.4097103329798944,0.3161481610734158,-0.09356217190647859
2,2,1.0,1,layer_class,composition_family,0.1488601860401241,0.272675686359387,0.12381550031926289
2,2,1.0,1,layer_class,scan_rate_mV_s,0.2294610999553567,0.23447956359000052,0.0050184636346438105
2,2,1.0,1,layer_class,layer_class,1.0,1.0,0.0
2,2,1.0,2,interlayer_A,interlayer_A,1.0,1.0,0.0
2,2,1.0,2,interlayer_A,target_cap_F_g,0.1993760274576379,0.2650924553634448,0.06571642790580687
2,2,1.0,2,interlayer_A,h2so4_M,0.4473058037480426,0.40754685849883754,-0.039758945249205035
2,2,1.0,2,interlayer_A,composition_family,0.19960984397779363,0.20113951955305473,0.0015296755752610969
2,2,1.0,2,interlayer_A,scan_rate_mV_s,0.2701792278237908,0.2582802754647994,-0.011898952358991355
2,2,1.0,2,interlayer_A,layer_class,0.4471535618818449,0.3089111093111067,-0.1382424525707382
2,2,1.0,2,target_cap_F_g,interlayer_A,0.1993760274576379,0.2650924553634448,0.06571642790580687
2,2,1.0,2,target_cap_F_g,target_cap_F_g,1.0,1.0,0.0
2,2,1.0,2,target_cap_F_g,h2so4_M,0.20826172837548448,0.32303572886856535,0.11477400049308087
2,2,1.0,2,target_cap_F_g,composition_family,0.1961793158297404,0.22382274301657354,0.02764342718683313
2,2,1.0,2,target_cap_F_g,scan_rate_mV_s,0.23165211879795664,0.23994875967319695,0.008296640875240319
2,2,1.0,2,target_cap_F_g,layer_class,0.18285054967947595,0.28925792891760616,0.1064073792381302
2,2,1.0,2,h2so4_M,interlayer_A,0.4473058037480426,0.40754685849883754,-0.039758945249205035
2,2,1.0,2,h2so4_M,target_cap_F_g,0.20826172837548448,0.32303572886856535,0.11477400049308087
2,2,1.0,2,h2so4_M,h2so4_M,1.0,1.0,0.0
2,2,1.0,2,h2so4_M,composition_family,0.22671492128498705,0.24355240903706354,0.016837487752076497
2,2,1.0,2,h2so4_M,scan_rate_mV_s,0.31140728877076734,0.4281729581409597,0.11676566937019234
2,2,1.0,2,h2so4_M,layer_class,0.4097103329798944,0.48462099297361333,0.07491065999371893
2,2,1.0,2,composition_family,interlayer_A,0.19960984397779363,0.20113951955305473,0.0015296755752610969
2,2,1.0,2,composition_family,target_cap_F_g,0.1961793158297404,0.22382274301657354,0.02764342718683313
2,2,1.0,2,composition_family,h2so4_M,0.22671492128498705,0.24355240903706354,0.016837487752076497
2,2,1.0,2,composition_family,composition_family,1.0,1.0,0.0
2,2,1.0,2,composition_family,scan_rate_mV_s,0.18558544654976725,0.16707926804679235,-0.018506178502974896
2,2,1.0,2,composition_family,layer_class,0.1488601860401241,0.21162263470522716,0.06276244866510305
2,2,1.0,2,scan_rate_mV_s,interlayer_A,0.2701792278237908,0.2582802754647994,-0.011898952358991355
2,2,1.0,2,scan_rate_mV_s,target_cap_F_g,0.23165211879795664,0.23994875967319695,0.008296640875240319
2,2,1.0,2,scan_rate_mV_s,h2so4_M,0.31140728877076734,0.4281729581409597,0.11676566937019234
2,2,1.0,2,scan_rate_mV_s,composition_family,0.18558544654976725,0.16707926804679235,-0.018506178502974896
2,2,1.0,2,scan_rate_mV_s,scan_rate_mV_s,1.0,1.0,0.0
2,2,1.0,2,scan_rate_mV_s,layer_class,0.2294610999553567,0.3457076759583011,0.11624657600294439
2,2,1.0,2,layer_class,interlayer_A,0.4471535618818449,0.3089111093111067,-0.1382424525707382
2,2,1.0,2,layer_class,target_cap_F_g,0.18285054967947595,0.28925792891760616,0.1064073792381302
2,2,1.0,2,layer_class,h2so4_M,0.4097103329798944,0.48462099297361333,0.07491065999371893
2,2,1.0,2,layer_class,composition_family,0.1488601860401241,0.21162263470522716,0.06276244866510305
2,2,1.0,2,layer_class,scan_rate_mV_s,0.2294610999553567,0.3457076759583011,0.11624657600294439
2,2,1.0,2,layer_class,layer_class,1.0,1.0,0.0
2,2,3.0,0,interlayer_A,interlayer_A,1.0,1.0,0.0
2,2,3.0,0,interlayer_A,target_cap_F_g,0.1993760274576379,0.12519947816410698,-0.07417654929353093
2,2,3.0,0,interlayer_A,h2so4_M,0.4473058037480426,0.2838794425798598,-0.16342636116818277
2,2,3.0,0,interlayer_A,composition_family,0.19960984397779363,0.11706561101287828,-0.08254423296491535
2,2,3.0,0,interlayer_A,scan_rate_mV_s,0.2701792278237908,0.2265618757979552,-0.04361735202583558
2,2,3.0,0,interlayer_A,layer_class,0.4471535618818449,0.2895535161729391,-0.1576000457089058
2,2,3.0,0,target_cap_F_g,interlayer_A,0.1993760274576379,0.12519947816410698,-0.07417654929353093
2,2,3.0,0,target_cap_F_g,target_cap_F_g,1.0,1.0,0.0
2,2,3.0,0,target_cap_F_g,h2so4_M,0.20826172837548448,0.1693242970173127,-0.03893743135817179
2,2,3.0,0,target_cap_F_g,composition_family,0.1961793158297404,0.23897222054195066,0.042792904712210256
2,2,3.0,0,target_cap_F_g,scan_rate_mV_s,0.23165211879795664,0.15710962082941643,-0.0745424979685402
2,2,3.0,0,target_cap_F_g,layer_class,0.18285054967947595,0.16192642933459622,-0.020924120344879726
2,2,3.0,0,h2so4_M,interlayer_A,0.4473058037480426,0.2838794425798598,-0.16342636116818277
2,2,3.0,0,h2so4_M,target_cap_F_g,0.20826172837548448,0.1693242970173127,-0.03893743135817179
2,2,3.0,0,h2so4_M,h2so4_M,1.0,1.0,0.0
2,2,3.0,0,h2so4_M,composition_family,0.22671492128498705,0.209124266226149,-0.017590655058838056
2,2,3.0,0,h2so4_M,scan_rate_mV_s,0.31140728877076734,0.25629861124417275,-0.055108677526594596
2,2,3.0,0,h2so4_M,layer_class,0.4097103329798944,0.3477147267307027,-0.061995606249191704
2,2,3.0,0,composition_family,interlayer_A,0.19960984397779363,0.11706561101287828,-0.08254423296491535
2,2,3.0,0,composition_family,target_cap_F_g,0.1961793158297404,0.23897222054195066,0.042792904712210256
2,2,3.0,0,composition_family,h2so4_M,0.22671492128498705,0.209124266226149,-0.017590655058838056
2,2,3.0,0,composition_family,composition_family,1.0,1.0,0.0
2,2,3.0,0,composition_family,scan_rate_mV_s,0.18558544654976725,0.19134324049178103,0.005757793942013784
2,2,3.0,0,composition_family,layer_class,0.1488601860401241,0.10569482033545838,-0.043165365704665726
2,2,3.0,0,scan_rate_mV_s,interlayer_A,0.2701792278237908,0.2265618757979552,-0.04361735202583558
2,2,3.0,0,scan_rate_mV_s,target_cap_F_g,0.23165211879795664,0.15710962082941643,-0.0745424979685402
2,2,3.0,0,scan_rate_mV_s,h2so4_M,0.31140728877076734,0.25629861124417275,-0.055108677526594596
2,2,3.0,0,scan_rate_mV_s,composition_family,0.18558544654976725,0.19134324049178103,0.005757793942013784
2,2,3.0,0,scan_rate_mV_s,scan_rate_mV_s,1.0,1.0,0.0
2,2,3.0,0,scan_rate_mV_s,layer_class,0.2294610999553567,0.2536821706571631,0.024221070701806374
2,2,3.0,0,layer_class,interlayer_A,0.4471535618818449,0.2895535161729391,-0.1576000457089058
2,2,3.0,0,layer_class,target_cap_F_g,0.18285054967947595,0.16192642933459622,-0.020924120344879726
2,2,3.0,0,layer_class,h2so4_M,0.4097103329798944,0.3477147267307027,-0.061995606249191704
2,2,3.0,0,layer_class,composition_family,0.1488601860401241,0.10569482033545838,-0.043165365704665726
2,2,3.0,0,layer_class,scan_rate_mV_s,0.2294610999553567,0.2536821706571631,0.024221070701806374
2,2,3.0,0,layer_class,layer_class,1.0,1.0,0.0
2,2,3.0,1,interlayer_A,interlayer_A,1.0,1.0,0.0
2,2,3.0,1,interlayer_A,target_cap_F_g,0.1993760274576379,0.09007225919728079,-0.10930376826035712
2,2,3.0,1,interlayer_A,h2so4_M,0.4473058037480426,0.3336777007725188,-0.11362810297552378
2,2,3.0,1,interlayer_A,composition_family,0.19960984397779363,0.13267851228219465,-0.06693133169559898
2,2,3.0,1,interlayer_A,scan_rate_mV_s,0.2701792278237908,0.19578449266124534,-0.07439473516254544
2,2,3.0,1,interlayer_A,layer_class,0.4471535618818449,0.32169519516331774,-0.12545836671852717
2,2,3.0,1,target_cap_F_g,interlayer_A,0.1993760274576379,0.09007225919728079,-0.10930376826035712
2,2,3.0,1,target_cap_F_g,target_cap_F_g,1.0,1.0,0.0
2,2,3.0,1,target_cap_F_g,h2so4_M,0.20826172837548448,0.1568288005837112,-0.051432927791773275
2,2,3.0,1,target_cap_F_g,composition_family,0.1961793158297404,0.1859823887098108,-0.010196927119929616
2,2,3.0,1,target_cap_F_g,scan_rate_mV_s,0.23165211879795664,0.1745096439432731,-0.057142474854683545
2,2,3.0,1,target_cap_F_g,layer_class,0.18285054967947595,0.2165828435519937,0.03373229387251775
2,2,3.0,1,h2so4_M,interlayer_A,0.4473058037480426,0.3336777007725188,-0.11362810297552378
2,2,3.0,1,h2so4_M,target_cap_F_g,0.20826172837548448,0.1568288005837112,-0.051432927791773275
2,2,3.0,1,h2so4_M,h2so4_M,1.0,1.0,0.0
2,2,3.0,1,h2so4_M,composition_family,0.22671492128498705,0.19379989400955805,-0.032915027275429
2,2,3.0,1,h2so4_M,scan_rate_mV_s,0.31140728877076734,0.30972660042017514,-0.0016806883505922077
2,2,3.0,1,h2so4_M,layer_class,0.4097103329798944,0.4189030248825974,0.009192691902702999
2,2,3.0,1,composition_family,interlayer_A,0.19960984397779363,0.13267851228219465,-0.06693133169559898
2,2,3.0,1,composition_family,target_cap_F_g,0.1961793158297404,0.1859823887098108,-0.010196927119929616
2,2,3.0,1,composition_family,h2so4_M,0.22671492128498705,0.19379989400955805,-0.032915027275429
2,2,3.0,1,composition_family,composition_family,1.0,1.0,0.0
2,2,3.0,1,composition_family,scan_rate_mV_s,0.18558544654976725,0.17091745911607342,-0.014667987433693824
2,2,3.0,1,composition_family,layer_class,0.1488601860401241,0.17922932480815906,0.03036913876803496
2,2,3.0,1,scan_rate_mV_s,interlayer_A,0.2701792278237908,0.19578449266124534,-0.07439473516254544
2,2,3.0,1,scan_rate_mV_s,target_cap_F_g,0.23165211879795664,0.1745096439432731,-0.057142474854683545
2,2,3.0,1,scan_rate_mV_s,h2so4_M,0.31140728877076734,0.30972660042017514,-0.0016806883505922077
2,2,3.0,1,scan_rate_mV_s,composition_family,0.18558544654976725,0.17091745911607342,-0.014667987433693824
2,2,3.0,1,scan_rate_mV_s,scan_rate_mV_s,1.0,1.0,0.0
2,2,3.0,1,scan_rate_mV_s,layer_class,0.2294610999553567,0.20007406662709024,-0.029387033328266476
2,2,3.0,1,layer_class,interlayer_A,0.4471535618818449,0.32169519516331774,-0.12545836671852717
2,2,3.0,1,layer_class,target_cap_F_g,0.18285054967947595,0.2165828435519937,0.03373229387251775
2,2,3.0,1,layer_class,h2so4_M,0.4097103329798944,0.4189030248825974,0.009192691902702999
2,2,3.0,1,layer_class,composition_family,0.1488601860401241,0.17922932480815906,0.03036913876803496
2,2,3.0,1,layer_class,scan_rate_mV_s,0.2294610999553567,0.20007406662709024,-0.029387033328266476
2,2,3.0,1,layer_class,layer_class,1.0,1.0,0.0
2,2,3.0,2,interlayer_A,interlayer_A,1.0,1.0,0.0
2,2,3.0,2,interlayer_A,target_cap_F_g,0.1993760274576379,0.08459146173912817,-0.11478456571850974
2,2,3.0,2,interlayer_A,h2so4_M,0.4473058037480426,0.34287389603568674,-0.10443190771235583
2,2,3.0,2,interlayer_A,composition_family,0.19960984397779363,0.10661472644323992,-0.09299511753455371
2,2,3.0,2,interlayer_A,scan_rate_mV_s,0.2701792278237908,0.257047503787148,-0.013131724036642756
2,2,3.0,2,interlayer_A,layer_class,0.4471535618818449,0.34775999224003773,-0.09939356964180718
2,2,3.0,2,target_cap_F_g,interlayer_A,0.1993760274576379,0.08459146173912817,-0.11478456571850974
2,2,3.0,2,target_cap_F_g,target_cap_F_g,1.0,1.0,0.0
2,2,3.0,2,target_cap_F_g,h2so4_M,0.20826172837548448,0.17134914637064622,-0.03691258200483827
2,2,3.0,2,target_cap_F_g,composition_family,0.1961793158297404,0.17533237099325408,-0.02084694483648633
2,2,3.0,2,target_cap_F_g,scan_rate_mV_s,0.23165211879795664,0.21725150157057035,-0.014400617227386281
2,2,3.0,2,target_cap_F_g,layer_class,0.18285054967947595,0.15646807139543772,-0.026382478284038224
2,2,3.0,2,h2so4_M,interlayer_A,0.4473058037480426,0.34287389603568674,-0.10443190771235583
2,2,3.0,2,h2so4_M,target_cap_F_g,0.20826172837548448,0.17134914637064622,-0.03691258200483827
2,2,3.0,2,h2so4_M,h2so4_M,1.0,1.0,0.0
2,2,3.0,2,h2so4_M,composition_family,0.22671492128498705,0.15934852528937463,-0.06736639599561242
2,2,3.0,2,h2so4_M,scan_rate_mV_s,0.31140728877076734,0.42343006326220756,0.11202277449144021
2,2,3.0,2,h2so4_M,layer_class,0.4097103329798944,0.4622624111375991,0.052552078157704685
2,2,3.0,2,composition_family,interlayer_A,0.19960984397779363,0.10661472644323992,-0.09299511753455371
2,2,3.0,2,composition_family,target_cap_F_g,0.1961793158297404,0.17533237099325408,-0.02084694483648633
2,2,3.0,2,composition_family,h2so4_M,0.22671492128498705,0.15934852528937463,-0.06736639599561242
2,2,3.0,2,composition_family,composition_family,1.0,1.0,0.0
2,2,3.0,2,composition_family,scan_rate_mV_s,0.18558544654976725,0.12604271554399743,-0.05954273100576982
2,2,3.0,2,composition_family,layer_class,0.1488601860401241,0.0693763894627559,-0.0794837965773682
2,2,3.0,2,scan_rate_mV_s,interlayer_A,0.2701792278237908,0.257047503787148,-0.013131724036642756
2,2,3.0,2,scan_rate_mV_s,target_cap_F_g,0.23165211879795664,0.21725150157057035,-0.014400617227386281
2,2,3.0,2,scan_rate_mV_s,h2so4_M,0.31140728877076734,0.42343006326220756,0.11202277449144021
2,2,3.0,2,scan_rate_mV_s,composition_family,0.18558544654976725,0.12604271554399743,-0.05954273100576982
2,2,3.0,2,scan_rate_mV_s,scan_rate_mV_s,1.0,1.0,0.0
2,2,3.0,2,scan_rate_mV_s,layer_class,0.2294610999553567,0.31937730622602983,0.08991620627067312
2,2,3.0,2,layer_class,interlayer_A,0.4471535618818449,0.34775999224003773,-0.09939356964180718
2,2,3.0,2,layer_class,target_cap_F_g,0.18285054967947595,0.15646807139543772,-0.026382478284038224
2,2,3.0,2,layer_class,h2so4_M,0.4097103329798944,0.4622624111375991,0.052552078157704685
2,2,3.0,2,layer_class,composition_family,0.1488601860401241,0.0693763894627559,-0.0794837965773682
2,2,3.0,2,layer_class,scan_rate_mV_s,0.2294610999553567,0.31937730622602983,0.08991620627067312
2,2,3.0,2,layer_class,layer_class,1.0,1.0,0.0
2,2,5.25,0,interlayer_A,interlayer_A,1.0,1.0,0.0
2,2,5.25,0,interlayer_A,target_cap_F_g,0.1993760274576379,0.09160981940276325,-0.10776620805487466
2,2,5.25,0,interlayer_A,h2so4_M,0.4473058037480426,0.3339000835880237,-0.11340572016001887
2,2,5.25,0,interlayer_A,composition_family,0.19960984397779363,0.12654496873032892,-0.07306487524746472
2,2,5.25,0,interlayer_A,scan_rate_mV_s,0.2701792278237908,0.22234652988563317,-0.047832697938157615
2,2,5.25,0,interlayer_A,layer_class,0.4471535618818449,0.3534894711995437,-0.0936640906823012
2,2,5.25,0,target_cap_F_g,interlayer_A,0.1993760274576379,0.09160981940276325,-0.10776620805487466
2,2,5.25,0,target_cap_F_g,target_cap_F_g,1.0,1.0,0.0
2,2,5.25,0,target_cap_F_g,h2so4_M,0.20826172837548448,0.15832419104623066,-0.04993753732925382
2,2,5.25,0,target_cap_F_g,composition_family,0.1961793158297404,0.15696226924762444,-0.03921704658211597
2,2,5.25,0,target_cap_F_g,scan_rate_mV_s,0.23165211879795664,0.17939223210981117,-0.05225988668814546
2,2,5.25,0,target_cap_F_g,layer_class,0.18285054967947595,0.12837992880225502,-0.05447062087722093
2,2,5.25,0,h2so4_M,interlayer_A,0.4473058037480426,0.3339000835880237,-0.11340572016001887
2,2,5.25,0,h2so4_M,target_cap_F_g,0.20826172837548448,0.15832419104623066,-0.04993753732925382
2,2,5.25,0,h2so4_M,h2so4_M,1.0,1.0,0.0
2,2,5.25,0,h2so4_M,composition_family,0.22671492128498705,0.13052010417870302,-0.09619481710628403
2,2,5.25,0,h2so4_M,scan_rate_mV_s,0.31140728877076734,0.29739465978100266,-0.014012628989764686
2,2,5.25,0,h2so4_M,layer_class,0.4097103329798944,0.4040275924790526,-0.005682740500841776
2,2,5.25,0,composition_family,interlayer_A,0.19960984397779363,0.12654496873032892,-0.07306487524746472
2,2,5.25,0,composition_family,target_cap_F_g,0.1961793158297404,0.15696226924762444,-0.03921704658211597
2,2,5.25,0,composition_family,h2so4_M,0.22671492128498705,0.13052010417870302,-0.09619481710628403
2,2,5.25,0,composition_family,composition_family,1.0,1.0,0.0
2,2,5.25,0,composition_family,scan_rate_mV_s,0.18558544654976725,0.173478006264551,-0.012107440285216237
2,2,5.25,0,composition_family,layer_class,0.1488601860401241,0.04559220103029905,-0.10326798500982506
2,2,5.25,0,scan_rate_mV_s,interlayer_A,0.2701792278237908,0.22234652988563317,-0.047832697938157615
2,2,5.25,0,scan_rate_mV_s,target_cap_F_g,0.23165211879795664,0.17939223210981117,-0.05225988668814546
2,2,5.25,0,scan_rate_mV_s,h2so4_M,0.31140728877076734,0.29739465978100266,-0.014012628989764686
2,2,5.25,0,scan_rate_mV_s,composition_family,0.18558544654976725,0.173478006264551,-0.012107440285216237
2,2,5.25,0,scan_rate_mV_s,scan_rate_mV_s,1.0,1.0,0.0
2,2,5.25,0,scan_rate_mV_s,layer_class,0.2294610999553567,0.23472410835748456,0.0052630084021278445
2,2,5.25,0,layer_class,interlayer_A,0.4471535618818449,0.3534894711995437,-0.0936640906823012
2,2,5.25,0,layer_class,target_cap_F_g,0.18285054967947595,0.12837992880225502,-0.05447062087722093
2,2,5.25,0,layer_class,h2so4_M,0.4097103329798944,0.4040275924790526,-0.005682740500841776
2,2,5.25,0,layer_class,composition_family,0.1488601860401241,0.04559220103029905,-0.10326798500982506
2,2,5.25,0,layer_class,scan_rate_mV_s,0.2294610999553567,0.23472410835748456,0.0052630084021278445
2,2,5.25,0,layer_class,layer_class,1.0,1.0,0.0
2,2,5.25,1,interlayer_A,interlayer_A,1.0,1.0,0.0
2,2,5.25,1,interlayer_A,target_cap_F_g,0.1993760274576379,0.06671718660454125,-0.13265884085309665
2,2,5.25,1,interlayer_A,h2so4_M,0.4473058037480426,0.3001006383651112,-0.14720516538293138
2,2,5.25,1,interlayer_A,composition_family,0.19960984397779363,0.11627611194468837,-0.08333373203310526
2,2,5.25,1,interlayer_A,scan_rate_mV_s,0.2701792278237908,0.18950924179866585,-0.08066998602512493
2,2,5.25,1,interlayer_A,layer_class,0.4471535618818449,0.31682693390161565,-0.13032662798022926
2,2,5.25,1,target_cap_F_g,interlayer_A,0.1993760274576379,0.06671718660454125,-0.13265884085309665
2,2,5.25,1,target_cap_F_g,target_cap_F_g,1.0,1.0,0.0
2,2,5.25,1,target_cap_F_g,h2so4_M,0.20826172837548448,0.11820195317177398,-0.0900597752037105
2,2,5.25,1,target_cap_F_g,composition_family,0.1961793158297404,0.21776758272348992,0.021588266893749514
2,2,5.25,1,target_cap_F_g,scan_rate_mV_s,0.23165211879795664,0.13877916718763897,-0.09287295161031767
2,2,5.25,1,target_cap_F_g,layer_class,0.18285054967947595,0.1610461736212835,-0.021804376058192437
2,2,5.25,1,h2so4_M,interlayer_A,0.4473058037480426,0.3001006383651112,-0.14720516538293138
2,2,5.25,1,h2so4_M,target_cap_F_g,0.20826172837548448,0.11820195317177398,-0.0900597752037105
2,2,5.25,1,h2so4_M,h2so4_M,1.0,1.0,0.0
2,2,5.25,1,h2so4_M,composition_family,0.22671492128498705,0.126991629900036,-0.09972329138495103
2,2,5.25,1,h2so4_M,scan_rate_mV_s,0.31140728877076734,0.2940236795653656,-0.017383609205401718
2,2,5.25,1,h2so4_M,layer_class,0.4097103329798944,0.4062390248842529,-0.003471308095641501
2,2,5.25,1,composition_family,interlayer_A,0.19960984397779363,0.11627611194468837,-0.08333373203310526
2,2,5.25,1,composition_family,target_cap_F_g,0.1961793158297404,0.21776758272348992,0.021588266893749514
2,2,5.25,1,composition_family,h2so4_M,0.22671492128498705,0.126991629900036,-0.09972329138495103
2,2,5.25,1,composition_family,composition_family,1.0,1.0,0.0
2,2,5.25,1,composition_family,scan_rate_mV_s,0.18558544654976725,0.1455636152164369,-0.04002183133333034
2,2,5.25,1,composition_family,layer_class,0.1488601860401241,0.1084225086241089,-0.0404376774160152
2,2,5.25,1,scan_rate_mV_s,interlayer_A,0.2701792278237908,0.18950924179866585,-0.08066998602512493
2,2,5.25,1,scan_rate_mV_s,target_cap_F_g,0.23165211879795664,0.13877916718763897,-0.09287295161031767
2,2,5.25,1,scan_rate_mV_s,h2so4_M,0.31140728877076734,0.2940236795653656,-0.017383609205401718
2,2,5.25,1,scan_rate_mV_s,composition_family,0.18558544654976725,0.1455636152164369,-0.04002183133333034
2,2,5.25,1,scan_rate_mV_s,scan_rate_mV_s,1.0,1.0,0.0
2,2,5.25,1,scan_rate_mV_s,layer_class,0.2294610999553567,0.20832987895418761,-0.021131221001169098
2,2,5.25,1,layer_class,interlayer_A,0.4471535618818449,0.31682693390161565,-0.13032662798022926
2,2,5.25,1,layer_class,target_cap_F_g,0.18285054967947595,0.1610461736212835,-0.021804376058192437
2,2,5.25,1,layer_class,h2so4_M,0.4097103329798944,0.4062390248842529,-0.003471308095641501
2,2,5.25,1,layer_class,composition_family,0.1488601860401241,0.1084225086241089,-0.0404376774160152
2,2,5.25,1,layer_class,scan_rate_mV_s,0.2294610999553567,0.20832987895418761,-0.021131221001169098
2,2,5.25,1,layer_class,layer_class,1.0,1.0,0.0
2,2,5.25,2,interlayer_A,interlayer_A,1.0,1.0,0.0
2,2,5.25,2,interlayer_A,target_cap_F_g,0.1993760274576379,0.10935499699476464,-0.09002103046287327
2,2,5.25,2,interlayer_A,h2so4_M,0.4473058037480426,0.33858436542497117,-0.1087214383230714
2,2,5.25,2,interlayer_A,composition_family,0.19960984397779363,0.1249911331467105,-0.07461871083108314
2,2,5.25,2,interlayer_A,scan_rate_mV_s,0.2701792278237908,0.19764317978078533,-0.07253604804300545
2,2,5.25,2,interlayer_A,layer_class,0.4471535618818449,0.32291355599231986,-0.12424000588952505
2,2,5.25,2,target_cap_F_g,interlayer_A,0.1993760274576379,0.10935499699476464,-0.09002103046287327
2,2,5.25,2,target_cap_F_g,target_cap_F_g,1.0,1.0,0.0
2,2,5.25,2,target_cap_F_g,h2so4_M,0.20826172837548448,0.19521261204505141,-0.01304911633043307
2,2,5.25,2,target_cap_F_g,composition_family,0.1961793158297404,0.18079423383206922,-0.01538508199767119
2,2,5.25,2,target_cap_F_g,scan_rate_mV_s,0.23165211879795664,0.19894490619959143,-0.032707212598365204
2,2,5.25,2,target_cap_F_g,layer_class,0.18285054967947595,0.20573270843768793,0.02288215875821198
2,2,5.25,2,h2so4_M,interlayer_A,0.4473058037480426,0.33858436542497117,-0.1087214383230714
2,2,5.25,2,h2so4_M,target_cap_F_g,0.20826172837548448,0.19521261204505141,-0.01304911633043307
2,2,5.25,2,h2so4_M,h2so4_M,1.0,1.0,0.0
2,2,5.25,2,h2so4_M,composition_family,0.22671492128498705,0.17206089511534484,-0.05465402616964221
2,2,5.25,2,h2so4_M,scan_rate_mV_s,0.31140728877076734,0.29928735976348725,-0.012119929007280095
2,2,5.25,2,h2so4_M,layer_class,0.4097103329798944,0.4774806404863803,0.06777030750648588
2,2,5.25,2,composition_family,interlayer_A,0.19960984397779363,0.1249911331467105,-0.07461871083108314
2,2,5.25,2,composition_family,target_cap_F_g,0.1961793158297404,0.18079423383206922,-0.01538508199767119
2,2,5.25,2,composition_family,h2so4_M,0.22671492128498705,0.17206089511534484,-0.05465402616964221
2,2,5.25,2,composition_family,composition_family,1.0,1.0,0.0
2,2,5.25,2,composition_family,scan_rate_mV_s,0.18558544654976725,0.1947499316027859,0.009164485053018645
2,2,5.25,2,composition_family,layer_class,0.1488601860401241,0.10642212735438336,-0.04243805868574074
2,2,5.25,2,scan_rate_mV_s,interlayer_A,0.2701792278237908,0.19764317978078533,-0.07253604804300545
2,2,5.25,2,scan_rate_mV_s,target_cap_F_g,0.23165211879795664,0.19894490619959143,-0.032707212598365204
2,2,5.25,2,scan_rate_mV_s,h2so4_M,0.31140728877076734,0.29928735976348725,-0.012119929007280095
2,2,5.25,2,scan_rate_mV_s,composition_family,0.18558544654976725,0.1947499316027859,0.009164485053018645
2,2,5.25,2,scan_rate_mV_s,scan_rate_mV_s,1.0,1.0,0.0
2,2,5.25,2,scan_rate_mV_s,layer_class,0.2294610999553567,0.20921468450215852,-0.02024641545319819
2,2,5.25,2,layer_class,interlayer_A,0.4471535618818449,0.32291355599231986,-0.12424000588952505
2,2,5.25,2,layer_class,target_cap_F_g,0.18285054967947595,0.20573270843768793,0.02288215875821198
2,2,5.25,2,layer_class,h2so4_M,0.4097103329798944,0.4774806404863803,0.06777030750648588
2,2,5.25,2,layer_class,composition_family,0.1488601860401241,0.10642212735438336,-0.04243805868574074
2,2,5.25,2,layer_class,scan_rate_mV_s,0.2294610999553567,0.20921468450215852,-0.02024641545319819
2,2,5.25,2,layer_class,layer_class,1.0,1.0,0.0
2,3,1.0,0,interlayer_A,interlayer_A,1.0,1.0,0.0
2,3,1.0,0,interlayer_A,target_cap_F_g,0.1993760274576379,0.30616032271342297,0.10678429525578506
2,3,1.0,0,interlayer_A,h2so4_M,0.4473058037480426,0.5956765551006815,0.14837075135263894
2,3,1.0,0,interlayer_A,composition_family,0.19960984397779363,0.22249660686219233,0.022886762884398698
2,3,1.0,0,interlayer_A,scan_rate_mV_s,0.2701792278237908,0.33533899562753716,0.06515976780374638
2,3,1.0,0,interlayer_A,layer_class,0.4471535618818449,0.48269203729021476,0.03553847540836985
2,3,1.0,0,target_cap_F_g,interlayer_A,0.1993760274576379,0.30616032271342297,0.10678429525578506
2,3,1.0,0,target_cap_F_g,target_cap_F_g,1.0,1.0,0.0
2,3,1.0,0,target_cap_F_g,h2so4_M,0.20826172837548448,0.3025193218352863,0.09425759345980181
2,3,1.0,0,target_cap_F_g,composition_family,0.1961793158297404,0.28524605497786454,0.08906673914812413
2,3,1.0,0,target_cap_F_g,scan_rate_mV_s,0.23165211879795664,0.24048392150670503,0.008831802708748393
2,3,1.0,0,target_cap_F_g,layer_class,0.18285054967947595,0.1964164422706732,0.013565892591197254
2,3,1.0,0,h2so4_M,interlayer_A,0.4473058037480426,0.5956765551006815,0.14837075135263894
2,3,1.0,0,h2so4_M,target_cap_F_g,0.20826172837548448,0.3025193218352863,0.09425759345980181
2,3,1.0,0,h2so4_M,h2so4_M,1.0,1.0,0.0
2,3,1.0,0,h2so4_M,composition_family,0.22671492128498705,0.2129604748962305,-0.013754446388756558
2,3,1.0,0,h2so4_M,scan_rate_mV_s,0.31140728877076734,0.3707486524929036,0.059341363722136276
2,3,1.0,0,h2so4_M,layer_class,0.4097103329798944,0.5208304459805523,0.11112011300065788
2,3,1.0,0,composition_family,interlayer_A,0.19960984397779363,0.22249660686219233,0.022886762884398698
2,3,1.0,0,composition_family,target_cap_F_g,0.1961793158297404,0.28524605497786454,0.08906673914812413
2,3,1.0,0,composition_family,h2so4_M,0.22671492128498705,0.2129604748962305,-0.013754446388756558
2,3,1.0,0,composition_family,composition_family,1.0,1.0,0.0
2,3,1.0,0,composition_family,scan_rate_mV_s,0.18558544654976725,0.22107944964614845,0.035494003096381205
2,3,1.0,0,composition_family,layer_class,0.1488601860401241,0.2890239132929345,0.14016372725281037
2,3,1.0,0,scan_rate_mV_s,interlayer_A,0.2701792278237908,0.33533899562753716,0.06515976780374638
2,3,1.0,0,scan_rate_mV_s,target_cap_F_g,0.23165211879795664,0.24048392150670503,0.008831802708748393
2,3,1.0,0,scan_rate_mV_s,h2so4_M,0.31140728877076734,0.3707486524929036,0.059341363722136276
2,3,1.0,0,scan_rate_mV_s,composition_family,0.18558544654976725,0.22107944964614845,0.035494003096381205
2,3,1.0,0,scan_rate_mV_s,scan_rate_mV_s,1.0,1.0,0.0
2,3,1.0,0,scan_rate_mV_s,layer_class,0.2294610999553567,0.2573884728918837,0.027927372936527
2,3,1.0,0,layer_class,interlayer_A,0.4471535618818449,0.48269203729021476,0.03553847540836985
2,3,1.0,0,layer_class,target_cap_F_g,0.18285054967947595,0.1964164422706732,0.013565892591197254
2,3,1.0,0,layer_class,h2so4_M,0.4097103329798944,0.5208304459805523,0.11112011300065788
2,3,1.0,0,layer_class,composition_family,0.1488601860401241,0.2890239132929345,0.14016372725281037
2,3,1.0,0,layer_class,scan_rate_mV_s,0.2294610999553567,0.2573884728918837,0.027927372936527
2,3,1.0,0,layer_class,layer_class,1.0,1.0,0.0
2,3,3.0,0,interlayer_A,interlayer_A,1.0,1.0,0.0
2,3,3.0,0,interlayer_A,target_cap_F_g,0.1993760274576379,0.10872825953405862,-0.09064776792357929
2,3,3.0,0,interlayer_A,h2so4_M,0.4473058037480426,0.3260188202297126,-0.12128698351832995
2,3,3.0,0,interlayer_A,composition_family,0.19960984397779363,0.13382469915848497,-0.06578514481930867
2,3,3.0,0,interlayer_A,scan_rate_mV_s,0.2701792278237908,0.2346380058313574,-0.03554122199243337
2,3,3.0,0,interlayer_A,layer_class,0.4471535618818449,0.2952996760597902,-0.15185388582205472
2,3,3.0,0,target_cap_F_g,interlayer_A,0.1993760274576379,0.10872825953405862,-0.09064776792357929
2,3,3.0,0,target_cap_F_g,target_cap_F_g,1.0,1.0,0.0
2,3,3.0,0,target_cap_F_g,h2so4_M,0.20826172837548448,0.18708281775139715,-0.021178910624087333
2,3,3.0,0,target_cap_F_g,composition_family,0.1961793158297404,0.22685763911508644,0.030678323285346032
2,3,3.0,0,target_cap_F_g,scan_rate_mV_s,0.23165211879795664,0.1809559616554241,-0.05069615714253253
2,3,3.0,0,target_cap_F_g,layer_class,0.18285054967947595,0.17956747559787117,-0.0032830740816047754
2,3,3.0,0,h2so4_M,interlayer_A,0.4473058037480426,0.3260188202297126,-0.12128698351832995
2,3,3.0,0,h2so4_M,target_cap_F_g,0.20826172837548448,0.18708281775139715,-0.021178910624087333
2,3,3.0,0,h2so4_M,h2so4_M,1.0,1.0,0.0
2,3,3.0,0,h2so4_M,composition_family,0.22671492128498705,0.22552723698641064,-0.001187684298576408
2,3,3.0,0,h2so4_M,scan_rate_mV_s,0.31140728877076734,0.29924203239563396,-0.012165256375133382
2,3,3.0,0,h2so4_M,layer_class,0.4097103329798944,0.37538089285850756,-0.034329440121386834
2,3,3.0,0,composition_family,interlayer_A,0.19960984397779363,0.13382469915848497,-0.06578514481930867
2,3,3.0,0,composition_family,target_cap_F_g,0.1961793158297404,0.22685763911508644,0.030678323285346032
2,3,3.0,0,composition_family,h2so4_M,0.22671492128498705,0.22552723698641064,-0.001187684298576408
2,3,3.0,0,composition_family,composition_family,1.0,1.0,0.0
2,3,3.0,0,composition_family,scan_rate_mV_s,0.18558544654976725,0.20367706198351224,0.01809161543374499
2,3,3.0,0,composition_family,layer_class,0.1488601860401241,0.1972583871666635,0.04839820112653939
2,3,3.0,0,scan_rate_mV_s,interlayer_A,0.2701792278237908,0.2346380058313574,-0.03554122199243337
2,3,3.0,0,scan_rate_mV_s,target_cap_F_g,0.23165211879795664,0.1809559616554241,-0.05069615714253253
2,3,3.0,0,scan_rate_mV_s,h2so4_M,0.31140728877076734,0.29924203239563396,-0.012165256375133382
2,3,3.0,0,scan_rate_mV_s,composition_family,0.18558544654976725,0.20367706198351224,0.01809161543374499
2,3,3.0,0,scan_rate_mV_s,scan_rate_mV_s,1.0,1.0,0.0
2,3,3.0,0,scan_rate_mV_s,layer_class,0.2294610999553567,0.23497209203044647,0.00551099207508976
2,3,3.0,0,layer_class,interlayer_A,0.4471535618818449,0.2952996760597902,-0.15185388582205472
2,3,3.0,0,layer_class,target_cap_F_g,0.18285054967947595,0.17956747559787117,-0.0032830740816047754
2,3,3.0,0,layer_class,h2so4_M,0.4097103329798944,0.37538089285850756,-0.034329440121386834
2,3,3.0,0,layer_class,composition_family,0.1488601860401241,0.1972583871666635,0.04839820112653939
2,3,3.0,0,layer_class,scan_rate_mV_s,0.2294610999553567,0.23497209203044647,0.00551099207508976
2,3,3.0,0,layer_class,layer_class,1.0,1.0,0.0
2,3,5.25,0,interlayer_A,interlayer_A,1.0,1.0,0.0
2,3,5.25,0,interlayer_A,target_cap_F_g,0.1993760274576379,0.10883464141627101,-0.0905413860413669
2,3,5.25,0,interlayer_A,h2so4_M,0.4473058037480426,0.3192860283638379,-0.12801977538420467
2,3,5.25,0,interlayer_A,composition_family,0.19960984397779363,0.09925387742919425,-0.10035596654859938
2,3,5.25,0,interlayer_A,scan_rate_mV_s,0.2701792278237908,0.22161211476590814,-0.04856711305788264
2,3,5.25,0,interlayer_A,layer_class,0.4471535618818449,0.2994561256372599,-0.14769743624458503
2,3,5.25,0,target_cap_F_g,interlayer_A,0.1993760274576379,0.10883464141627101,-0.0905413860413669
2,3,5.25,0,target_cap_F_g,target_cap_F_g,1.0,1.0,0.0
2,3,5.25,0,target_cap_F_g,h2so4_M,0.20826172837548448,0.21038628167227705,0.002124553296792564
2,3,5.25,0,target_cap_F_g,composition_family,0.1961793158297404,0.11584517509900491,-0.0803341407307355
2,3,5.25,0,target_cap_F_g,scan_rate_mV_s,0.23165211879795664,0.12426265968341539,-0.10738945911454124
2,3,5.25,0,target_cap_F_g,layer_class,0.18285054967947595,0.15942888337434605,-0.0234216663051299
2,3,5.25,0,h2so4_M,interlayer_A,0.4473058037480426,0.3192860283638379,-0.12801977538420467
2,3,5.25,0,h2so4_M,target_cap_F_g,0.20826172837548448,0.21038628167227705,0.002124553296792564
2,3,5.25,0,h2so4_M,h2so4_M,1.0,1.0,0.0
2,3,5.25,0,h2so4_M,composition_family,0.22671492128498705,0.23586011413735827,0.009145192852371226
2,3,5.25,0,h2so4_M,scan_rate_mV_s,0.31140728877076734,0.3178675346100406,0.006460245839273238
2,3,5.25,0,h2so4_M,layer_class,0.4097103329798944,0.3646726639434497,-0.04503766903644468
2,3,5.25,0,composition_family,interlayer_A,0.19960984397779363,0.09925387742919425,-0.10035596654859938
2,3,5.25,0,composition_family,target_cap_F_g,0.1961793158297404,0.11584517509900491,-0.0803341407307355
2,3,5.25,0,composition_family,h2so4_M,0.22671492128498705,0.23586011413735827,0.009145192852371226
2,3,5.25,0,composition_family,composition_family,1.0,1.0,0.0
2,3,5.25,0,composition_family,scan_rate_mV_s,0.18558544654976725,0.16945694817234444,-0.016128498377422806
2,3,5.25,0,composition_family,layer_class,0.1488601860401241,0.0959180647329856,-0.052942121307138504
2,3,5.25,0,scan_rate_mV_s,interlayer_A,0.2701792278237908,0.22161211476590814,-0.04856711305788264
2,3,5.25,0,scan_rate_mV_s,target_cap_F_g,0.23165211879795664,0.12426265968341539,-0.10738945911454124
2,3,5.25,0,scan_rate_mV_s,h2so4_M,0.31140728877076734,0.3178675346100406,0.006460245839273238
2,3,5.25,0,scan_rate_mV_s,composition_family,0.18558544654976725,0.16945694817234444,-0.016128498377422806
2,3,5.25,0,scan_rate_mV_s,scan_rate_mV_s,1.0,1.0,0.0
2,3,5.25,0,scan_rate_mV_s,layer_class,0.2294610999553567,0.24574465838495743,0.01628355842960072
2,3,5.25,0,layer_class,interlayer_A,0.4471535618818449,0.2994561256372599,-0.14769743624458503
2,3,5.25,0,layer_class,target_cap_F_g,0.18285054967947595,0.15942888337434605,-0.0234216663051299
2,3,5.25,0,layer_class,h2so4_M,0.4097103329798944,0.3646726639434497,-0.04503766903644468
2,3,5.25,0,layer_class,composition_family,0.1488601860401241,0.0959180647329856,-0.052942121307138504
2,3,5.25,0,layer_class,scan_rate_mV_s,0.2294610999553567,0.24574465838495743,0.01628355842960072
2,3,5.25,0,layer_class,layer_class,1.0,1.0,0.0
3,1,1.0,0,interlayer_A,interlayer_A,1.0,1.0,0.0
3,1,1.0,0,interlayer_A,target_cap_F_g,0.22537310035321448,0.36244276460367136,0.13706966425045689
3,1,1.0,0,interlayer_A,h2so4_M,0.42046796417072113,0.48602404782624037,0.06555608365551924
3,1,1.0,0,interlayer_A,composition_family,0.11206268682142488,0.18684901193991338,0.0747863251184885
3,1,1.0,0,interlayer_A,scan_rate_mV_s,0.31264606961089725,0.4473908215493117,0.13474475193841445
3,1,1.0,0,interlayer_A,layer_class,0.28605830122246506,0.41469343188729224,0.12863513066482718
3,1,1.0,0,target_cap_F_g,interlayer_A,0.22537310035321448,0.36244276460367136,0.13706966425045689
3,1,1.0,0,target_cap_F_g,target_cap_F_g,1.0,1.0,0.0
3,1,1.0,0,target_cap_F_g,h2so4_M,0.2979137672186263,0.32532063765886937,0.027406870440243092
3,1,1.0,0,target_cap_F_g,composition_family,0.12439079608337049,0.195656995152108,0.0712661990687375
3,1,1.0,0,target_cap_F_g,scan_rate_mV_s,0.22795561190423372,0.46038534339062226,0.23242973148638854
3,1,1.0,0,target_cap_F_g,layer_class,0.19212593992874186,0.13435582384865455,-0.05777011608008731
3,1,1.0,0,h2so4_M,interlayer_A,0.42046796417072113,0.48602404782624037,0.06555608365551924
3,1,1.0,0,h2so4_M,target_cap_F_g,0.2979137672186263,0.32532063765886937,0.027406870440243092
3,1,1.0,0,h2so4_M,h2so4_M,1.0,1.0,0.0
3,1,1.0,0,h2so4_M,composition_family,0.241140039375533,0.1230148941488195,-0.1181251452267135
3,1,1.0,0,h2so4_M,scan_rate_mV_s,0.3915505075053859,0.35082159295156234,-0.04072891455382355
3,1,1.0,0,h2so4_M,layer_class,0.34464141313081226,0.4799552469622111,0.13531383383139883
3,1,1.0,0,composition_family,interlayer_A,0.11206268682142488,0.18684901193991338,0.0747863251184885
3,1,1.0,0,composition_family,target_cap_F_g,0.12439079608337049,0.195656995152108,0.0712661990687375
3,1,1.0,0,composition_family,h2so4_M,0.241140039375533,0.1230148941488195,-0.1181251452267135
3,1,1.0,0,composition_family,composition_family,1.0,1.0,0.0
3,1,1.0,0,composition_family,scan_rate_mV_s,0.1605108710379459,0.16709082276166937,0.006579951723723471
3,1,1.0,0,composition_family,layer_class,0.05095946252775164,0.08727292481006721,0.03631346228231557
3,1,1.0,0,scan_rate_mV_s,interlayer_A,0.31264606961089725,0.4473908215493117,0.13474475193841445
3,1,1.0,0,scan_rate_mV_s,target_cap_F_g,0.22795561190423372,0.46038534339062226,0.23242973148638854
3,1,1.0,0,scan_rate_mV_s,h2so4_M,0.3915505075053859,0.35082159295156234,-0.04072891455382355
3,1,1.0,0,scan_rate_mV_s,composition_family,0.1605108710379459,0.16709082276166937,0.006579951723723471
3,1,1.0,0,scan_rate_mV_s,scan_rate_mV_s,1.0,1.0,0.0
3,1,1.0,0,scan_rate_mV_s,layer_class,0.2684495785511484,0.1579208229221292,-0.11052875562901923
3,1,1.0,0,layer_class,interlayer_A,0.28605830122246506,0.41469343188729224,0.12863513066482718
3,1,1.0,0,layer_class,target_cap_F_g,0.19212593992874186,0.13435582384865455,-0.05777011608008731
3,1,1.0,0,layer_class,h2so4_M,0.34464141313081226,0.4799552469622111,0.13531383383139883
3,1,1.0,0,layer_class,composition_family,0.05095946252775164,0.08727292481006721,0.03631346228231557
3,1,1.0,0,layer_class,scan_rate_mV_s,0.2684495785511484,0.1579208229221292,-0.11052875562901923
3,1,1.0,0,layer_class,layer_class,1.0,1.0,0.0
3,1,3.0,0,interlayer_A,interlayer_A,1.0,1.0,0.0
3,1,3.0,0,interlayer_A,target_cap_F_g,0.22537310035321448,0.24859666266197114,0.023223562308756662
3,1,3.0,0,interlayer_A,h2so4_M,0.42046796417072113,0.45371406300508477,0.033246098834363635
3,1,3.0,0,interlayer_A,composition_family,0.11206268682142488,0.12007845087278377,0.008015764051358884
3,1,3.0,0,interlayer_A,scan_rate_mV_s,0.31264606961089725,0.21082412693087343,-0.10182194268002381
3,1,3.0,0,interlayer_A,layer_class,0.28605830122246506,0.3238528748666653,0.03779457364420025
3,1,3.0,0,target_cap_F_g,interlayer_A,0.22537310035321448,0.24859666266197114,0.023223562308756662
3,1,3.0,0,target_cap_F_g,target_cap_F_g,1.0,1.0,0.0
3,1,3.0,0,target_cap_F_g,h2so4_M,0.2979137672186263,0.2609695734644797,-0.03694419375414659
3,1,3.0,0,target_cap_F_g,composition_family,0.12439079608337049,0.17111460581769938,0.046723809734328894
3,1,3.0,0,target_cap_F_g,scan_rate_mV_s,0.22795561190423372,0.320217604036706,0.0922619921324723
3,1,3.0,0,target_cap_F_g,layer_class,0.19212593992874186,0.08195164935965722,-0.11017429056908463
3,1,3.0,0,h2so4_M,interlayer_A,0.42046796417072113,0.45371406300508477,0.033246098834363635
3,1,3.0,0,h2so4_M,target_cap_F_g,0.2979137672186263,0.2609695734644797,-0.03694419375414659
3,1,3.0,0,h2so4_M,h2so4_M,1.0,1.0,0.0
3,1,3.0,0,h2so4_M,composition_family,0.241140039375533,0.1985691550028802,-0.0425708843726528
3,1,3.0,0,h2so4_M,scan_rate_mV_s,0.3915505075053859,0.20716384580501682,-0.18438666170036908
3,1,3.0,0,h2so4_M,layer_class,0.34464141313081226,0.3682049036087557,0.023563490477943427
3,1,3.0,0,composition_family,interlayer_A,0.11206268682142488,0.12007845087278377,0.008015764051358884
3,1,3.0,0,composition_family,target_cap_F_g,0.12439079608337049,0.17111460581769938,0.046723809734328894
3,1,3.0,0,composition_family,h2so4_M,0.241140039375533,0.1985691550028802,-0.0425708843726528
3,1,3.0,0,composition_family,composition_family,1.0,1.0,0.0
3,1,3.0,0,composition_family,scan_rate_mV_s,0.1605108710379459,0.07992010834754966,-0.08059076269039624
3,1,3.0,0,composition_family,layer_class,0.05095946252775164,0.006685321250318738,-0.0442741412774329
3,1,3.0,0,scan_rate_mV_s,interlayer_A,0.31264606961089725,0.21082412693087343,-0.10182194268002381
3,1,3.0,0,scan_rate_mV_s,target_cap_F_g,0.22795561190423372,0.320217604036706,0.0922619921324723
3,1,3.0,0,scan_rate_mV_s,h2so4_M,0.3915505075053859,0.20716384580501682,-0.18438666170036908
3,1,3.0,0,scan_rate_mV_s,composition_family,0.1605108710379459,0.07992010834754966,-0.08059076269039624
3,1,3.0,0,scan_rate_mV_s,scan_rate_mV_s,1.0,1.0,0.0
3,1,3.0,0,scan_rate_mV_s,layer_class,0.2684495785511484,0.1265077433563408,-0.14194183519480763
3,1,3.0,0,layer_class,interlayer_A,0.28605830122246506,0.3238528748666653,0.03779457364420025
3,1,3.0,0,layer_class,target_cap_F_g,0.19212593992874186,0.08195164935965722,-0.11017429056908463
3,1,3.0,0,layer_class,h2so4_M,0.34464141313081226,0.3682049036087557,0.023563490477943427
3,1,3.0,0,layer_class,composition_family,0.05095946252775164,0.006685321250318738,-0.0442741412774329
3,1,3.0,0,layer_class,scan_rate_mV_s,0.2684495785511484,0.1265077433563408,-0.14194183519480763
3,1,3.0,0,layer_class,layer_class,1.0,1.0,0.0
3,1,5.25,0,interlayer_A,interlayer_A,1.0,1.0,0.0
3,1,5.25,0,interlayer_A,target_cap_F_g,0.22537310035321448,0.1626806027350654,-0.06269249761814907
3,1,5.25,0,interlayer_A,h2so4_M,0.42046796417072113,0.4166388014099611,-0.0038291627607600076
3,1,5.25,0,interlayer_A,composition_family,0.11206268682142488,0.08614966886933106,-0.025913017952093817
3,1,5.25,0,interlayer_A,scan_rate_mV_s,0.31264606961089725,0.10553030221443557,-0.20711576739646168
3,1,5.25,0,interlayer_A,layer_class,0.28605830122246506,0.3110176614325633,0.024959360210098258
3,1,5.25,0,target_cap_F_g,interlayer_A,0.22537310035321448,0.1626806027350654,-0.06269249761814907
3,1,5.25,0,target_cap_F_g,target_cap_F_g,1.0,1.0,0.0
3,1,5.25,0,target_cap_F_g,h2so4_M,0.2979137672186263,0.12040420609712754,-0.17750956112149874
3,1,5.25,0,target_cap_F_g,composition_family,0.12439079608337049,0.10397786798974863,-0.020412928093621857
3,1,5.25,0,target_cap_F_g,scan_rate_mV_s,0.22795561190423372,0.2584296970174101,0.03047408511317637
3,1,5.25,0,target_cap_F_g,layer_class,0.19212593992874186,0.05666189482135318,-0.1354640451073887
3,1,5.25,0,h2so4_M,interlayer_A,0.42046796417072113,0.4166388014099611,-0.0038291627607600076
3,1,5.25,0,h2so4_M,target_cap_F_g,0.2979137672186263,0.12040420609712754,-0.17750956112149874
3,1,5.25,0,h2so4_M,h2so4_M,1.0,1.0,0.0
3,1,5.25,0,h2so4_M,composition_family,0.241140039375533,0.07139528564939844,-0.16974475372613457
3,1,5.25,0,h2so4_M,scan_rate_mV_s,0.3915505075053859,0.09152561828527662,-0.3000248892201093
3,1,5.25,0,h2so4_M,layer_class,0.34464141313081226,0.3366005181655839,-0.008040894965228362
3,1,5.25,0,composition_family,interlayer_A,0.11206268682142488,0.08614966886933106,-0.025913017952093817
3,1,5.25,0,composition_family,target_cap_F_g,0.12439079608337049,0.10397786798974863,-0.020412928093621857
3,1,5.25,0,composition_family,h2so4_M,0.241140039375533,0.07139528564939844,-0.16974475372613457
3,1,5.25,0,composition_family,composition_family,1.0,1.0,0.0
3,1,5.25,0,composition_family,scan_rate_mV_s,0.1605108710379459,0.052068789432792355,-0.10844208160515353
3,1,5.25,0,composition_family,layer_class,0.05095946252775164,0.011596727611730903,-0.039362734916020735
3,1,5.25,0,scan_rate_mV_s,interlayer_A,0.31264606961089725,0.10553030221443557,-0.20711576739646168
3,1,5.25,0,scan_rate_mV_s,target_cap_F_g,0.22795561190423372,0.2584296970174101,0.03047408511317637
3,1,5.25,0,scan_rate_mV_s,h2so4_M,0.3915505075053859,0.09152561828527662,-0.3000248892201093
3,1,5.25,0,scan_rate_mV_s,composition_family,0.1605108710379459,0.052068789432792355,-0.10844208160515353
3,1,5.25,0,scan_rate_mV_s,scan_rate_mV_s,1.0,1.0,0.0
3,1,5.25,0,scan_rate_mV_s,layer_class,0.2684495785511484,0.04205428599172009,-0.22639529255942833
3,1,5.25,0,layer_class,interlayer_A,0.28605830122246506,0.3110176614325633,0.024959360210098258
3,1,5.25,0,layer_class,target_cap_F_g,0.19212593992874186,0.05666189482135318,-0.1354640451073887
3,1,5.25,0,layer_class,h2so4_M,0.34464141313081226,0.3366005181655839,-0.008040894965228362
3,1,5.25,0,layer_class,composition_family,0.05095946252775164,0.011596727611730903,-0.039362734916020735
3,1,5.25,0,layer_class,scan_rate_mV_s,0.2684495785511484,0.04205428599172009,-0.22639529255942833
3,1,5.25,0,layer_class,layer_class,1.0,1.0,0.0
3,2,1.0,0,interlayer_A,interlayer_A,1.0,1.0,0.0
3,2,1.0,0,interlayer_A,target_cap_F_g,0.22537310035321448,0.38198707934370413,0.15661397899048965
3,2,1.0,0,interlayer_A,h2so4_M,0.42046796417072113,0.5211429584588558,0.1006749942881347
3,2,1.0,0,interlayer_A,composition_family,0.11206268682142488,0.31982375645418315,0.20776106963275826
3,2,1.0,0,interlayer_A,scan_rate_mV_s,0.31264606961089725,0.4200735480125925,0.10742747840169525
3,2,1.0,0,interlayer_A,layer_class,0.28605830122246506,0.4380134445344111,0.15195514331194604
3,2,1.0,0,target_cap_F_g,interlayer_A,0.22537310035321448,0.38198707934370413,0.15661397899048965
3,2,1.0,0,target_cap_F_g,target_cap_F_g,1.0,1.0,0.0
3,2,1.0,0,target_cap_F_g,h2so4_M,0.2979137672186263,0.38256919501136344,0.08465542779273716
3,2,1.0,0,target_cap_F_g,composition_family,0.12439079608337049,0.11245720153573037,-0.01193359454764012
3,2,1.0,0,target_cap_F_g,scan_rate_mV_s,0.22795561190423372,0.3666721429401271,0.1387165310358934
3,2,1.0,0,target_cap_F_g,layer_class,0.19212593992874186,0.235237620206145,0.04311168027740314
3,2,1.0,0,h2so4_M,interlayer_A,0.42046796417072113,0.5211429584588558,0.1006749942881347
3,2,1.0,0,h2so4_M,target_cap_F_g,0.2979137672186263,0.38256919501136344,0.08465542779273716
3,2,1.0,0,h2so4_M,h2so4_M,1.0,1.0,0.0
3,2,1.0,0,h2so4_M,composition_family,0.241140039375533,0.309602607520626,0.06846256814509302
3,2,1.0,0,h2so4_M,scan_rate_mV_s,0.3915505075053859,0.5190353699108027,0.1274848624054168
3,2,1.0,0,h2so4_M,layer_class,0.34464141313081226,0.4561813566985123,0.11153994356770003
3,2,1.0,0,composition_family,interlayer_A,0.11206268682142488,0.31982375645418315,0.20776106963275826
3,2,1.0,0,composition_family,target_cap_F_g,0.12439079608337049,0.11245720153573037,-0.01193359454764012
3,2,1.0,0,composition_family,h2so4_M,0.241140039375533,0.309602607520626,0.06846256814509302
3,2,1.0,0,composition_family,composition_family,1.0,1.0,0.0
3,2,1.0,0,composition_family,scan_rate_mV_s,0.1605108710379459,0.22361367103077376,0.06310279999282786
3,2,1.0,0,composition_family,layer_class,0.05095946252775164,0.05095946252775164,0.0
3,2,1.0,0,scan_rate_mV_s,interlayer_A,0.31264606961089725,0.4200735480125925,0.10742747840169525
3,2,1.0,0,scan_rate_mV_s,target_cap_F_g,0.22795561190423372,0.3666721429401271,0.1387165310358934
3,2,1.0,0,scan_rate_mV_s,h2so4_M,0.3915505075053859,0.5190353699108027,0.1274848624054168
3,2,1.0,0,scan_rate_mV_s,composition_family,0.1605108710379459,0.22361367103077376,0.06310279999282786
3,2,1.0,0,scan_rate_mV_s,scan_rate_mV_s,1.0,1.0,0.0
3,2,1.0,0,scan_rate_mV_s,layer_class,0.2684495785511484,0.24599623556836267,-0.022453342982785757
3,2,1.0,0,layer_class,interlayer_A,0.28605830122246506,0.4380134445344111,0.15195514331194604
3,2,1.0,0,layer_class,target_cap_F_g,0.19212593992874186,0.235237620206145,0.04311168027740314
3,2,1.0,0,layer_class,h2so4_M,0.34464141313081226,0.4561813566985123,0.11153994356770003
3,2,1.0,0,layer_class,composition_family,0.05095946252775164,0.05095946252775164,0.0
3,2,1.0,0,layer_class,scan_rate_mV_s,0.2684495785511484,0.24599623556836267,-0.022453342982785757
3,2,1.0,0,layer_class,layer_class,1.0,1.0,0.0
3,2,1.0,1,interlayer_A,interlayer_A,1.0,1.0,0.0
3,2,1.0,1,interlayer_A,target_cap_F_g,0.22537310035321448,0.30946853295233867,0.08409543259912419
3,2,1.0,1,interlayer_A,h2so4_M,0.42046796417072113,0.4327967201030947,0.012328755932373592
3,2,1.0,1,interlayer_A,composition_family,0.11206268682142488,0.29748008654469377,0.18541739972326887
3,2,1.0,1,interlayer_A,scan_rate_mV_s,0.31264606961089725,0.2776113771586758,-0.03503469245222146
3,2,1.0,1,interlayer_A,layer_class,0.28605830122246506,0.43631212076375214,0.15025381954128708
3,2,1.0,1,target_cap_F_g,interlayer_A,0.22537310035321448,0.30946853295233867,0.08409543259912419
3,2,1.0,1,target_cap_F_g,target_cap_F_g,1.0,1.0,0.0
3,2,1.0,1,target_cap_F_g,h2so4_M,0.2979137672186263,0.38337611452426373,0.08546234730563745
3,2,1.0,1,target_cap_F_g,composition_family,0.12439079608337049,0.20112399893736602,0.07673320285399553
3,2,1.0,1,target_cap_F_g,scan_rate_mV_s,0.22795561190423372,0.4506239859474638,0.22266837404323006
3,2,1.0,1,target_cap_F_g,layer_class,0.19212593992874186,0.23666612379870636,0.0445401838699645
3,2,1.0,1,h2so4_M,interlayer_A,0.42046796417072113,0.4327967201030947,0.012328755932373592
3,2,1.0,1,h2so4_M,target_cap_F_g,0.2979137672186263,0.38337611452426373,0.08546234730563745
3,2,1.0,1,h2so4_M,h2so4_M,1.0,1.0,0.0
3,2,1.0,1,h2so4_M,composition_family,0.241140039375533,0.17339960385571654,-0.06774043551981646
3,2,1.0,1,h2so4_M,scan_rate_mV_s,0.3915505075053859,0.39135752620771197,-0.00019298129767392203
3,2,1.0,1,h2so4_M,layer_class,0.34464141313081226,0.4381301095843086,0.09348869645349633
3,2,1.0,1,composition_family,interlayer_A,0.11206268682142488,0.29748008654469377,0.18541739972326887
3,2,1.0,1,composition_family,target_cap_F_g,0.12439079608337049,0.20112399893736602,0.07673320285399553
3,2,1.0,1,composition_family,h2so4_M,0.241140039375533,0.17339960385571654,-0.06774043551981646
3,2,1.0,1,composition_family,composition_family,1.0,1.0,0.0
3,2,1.0,1,composition_family,scan_rate_mV_s,0.1605108710379459,0.13319447528485742,-0.027316395753088474
3,2,1.0,1,composition_family,layer_class,0.05095946252775164,0.08000622251455429,0.029046759986802652
3,2,1.0,1,scan_rate_mV_s,interlayer_A,0.31264606961089725,0.2776113771586758,-0.03503469245222146
3,2,1.0,1,scan_rate_mV_s,target_cap_F_g,0.22795561190423372,0.4506239859474638,0.22266837404323006
3,2,1.0,1,scan_rate_mV_s,h2so4_M,0.3915505075053859,0.39135752620771197,-0.00019298129767392203
3,2,1.0,1,scan_rate_mV_s,composition_family,0.1605108710379459,0.13319447528485742,-0.027316395753088474
3,2,1.0,1,scan_rate_mV_s,scan_rate_mV_s,1.0,1.0,0.0
3,2,1.0,1,scan_rate_mV_s,layer_class,0.2684495785511484,0.24088027208774135,-0.02756930646340708
3,2,1.0,1,layer_class,interlayer_A,0.28605830122246506,0.43631212076375214,0.15025381954128708
3,2,1.0,1,layer_class,target_cap_F_g,0.19212593992874186,0.23666612379870636,0.0445401838699645
3,2,1.0,1,layer_class,h2so4_M,0.34464141313081226,0.4381301095843086,0.09348869645349633
3,2,1.0,1,layer_class,composition_family,0.05095946252775164,0.08000622251455429,0.029046759986802652
3,2,1.0,1,layer_class,scan_rate_mV_s,0.2684495785511484,0.24088027208774135,-0.02756930646340708
3,2,1.0,1,layer_class,layer_class,1.0,1.0,0.0
3,2,1.0,2,interlayer_A,interlayer_A,1.0,1.0,0.0
3,2,1.0,2,interlayer_A,target_cap_F_g,0.22537310035321448,0.3621121464042826,0.1367390460510681
3,2,1.0,2,interlayer_A,h2so4_M,0.42046796417072113,0.46428058318803195,0.04381261901731082
3,2,1.0,2,interlayer_A,composition_family,0.11206268682142488,0.18997116568328523,0.07790847886186035
3,2,1.0,2,interlayer_A,scan_rate_mV_s,0.31264606961089725,0.3297911523670459,0.017145082756148677
3,2,1.0,2,interlayer_A,layer_class,0.28605830122246506,0.3045474708081418,0.018489169585676757
3,2,1.0,2,target_cap_F_g,interlayer_A,0.22537310035321448,0.3621121464042826,0.1367390460510681
3,2,1.0,2,target_cap_F_g,target_cap_F_g,1.0,1.0,0.0
3,2,1.0,2,target_cap_F_g,h2so4_M,0.2979137672186263,0.31721785148113185,0.019304084262505572
3,2,1.0,2,target_cap_F_g,composition_family,0.12439079608337049,0.16032776812631716,0.03593697204294667
3,2,1.0,2,target_cap_F_g,scan_rate_mV_s,0.22795561190423372,0.3691917369344856,0.14123612503025187
3,2,1.0,2,target_cap_F_g,layer_class,0.19212593992874186,0.2434020507645047,0.051276110835762834
3,2,1.0,2,h2so4_M,interlayer_A,0.42046796417072113,0.46428058318803195,0.04381261901731082
3,2,1.0,2,h2so4_M,target_cap_F_g,0.2979137672186263,0.31721785148113185,0.019304084262505572
3,2,1.0,2,h2so4_M,h2so4_M,1.0,1.0,0.0
3,2,1.0,2,h2so4_M,composition_family,0.241140039375533,0.2706455050221258,0.029505465646592816
3,2,1.0,2,h2so4_M,scan_rate_mV_s,0.3915505075053859,0.4151167220872934,0.023566214581907496
3,2,1.0,2,h2so4_M,layer_class,0.34464141313081226,0.26254348102506625,-0.08209793210574601
3,2,1.0,2,composition_family,interlayer_A,0.11206268682142488,0.18997116568328523,0.07790847886186035
3,2,1.0,2,composition_family,target_cap_F_g,0.12439079608337049,0.16032776812631716,0.03593697204294667
3,2,1.0,2,composition_family,h2so4_M,0.241140039375533,0.2706455050221258,0.029505465646592816
3,2,1.0,2,composition_family,composition_family,1.0,1.0,0.0
3,2,1.0,2,composition_family,scan_rate_mV_s,0.1605108710379459,0.1757433071649665,0.015232436127020604
3,2,1.0,2,composition_family,layer_class,0.05095946252775164,0.07595357737234237,0.024994114844590735
3,2,1.0,2,scan_rate_mV_s,interlayer_A,0.31264606961089725,0.3297911523670459,0.017145082756148677
3,2,1.0,2,scan_rate_mV_s,target_cap_F_g,0.22795561190423372,0.3691917369344856,0.14123612503025187
3,2,1.0,2,scan_rate_mV_s,h2so4_M,0.3915505075053859,0.4151167220872934,0.023566214581907496
3,2,1.0,2,scan_rate_mV_s,composition_family,0.1605108710379459,0.1757433071649665,0.015232436127020604
3,2,1.0,2,scan_rate_mV_s,scan_rate_mV_s,1.0,1.0,0.0
3,2,1.0,2,scan_rate_mV_s,layer_class,0.2684495785511484,0.2359401156241226,-0.032509462927025834
3,2,1.0,2,layer_class,interlayer_A,0.28605830122246506,0.3045474708081418,0.018489169585676757
3,2,1.0,2,layer_class,target_cap_F_g,0.19212593992874186,0.2434020507645047,0.051276110835762834
3,2,1.0,2,layer_class,h2so4_M,0.34464141313081226,0.26254348102506625,-0.08209793210574601
3,2,1.0,2,layer_class,composition_family,0.05095946252775164,0.07595357737234237,0.024994114844590735
3,2,1.0,2,layer_class,scan_rate_mV_s,0.2684495785511484,0.2359401156241226,-0.032509462927025834
3,2,1.0,2,layer_class,layer_class,1.0,1.0,0.0
3,2,3.0,0,interlayer_A,interlayer_A,1.0,1.0,0.0
3,2,3.0,0,interlayer_A,target_cap_F_g,0.22537310035321448,0.15083340518846777,-0.0745396951647467
3,2,3.0,0,interlayer_A,h2so4_M,0.42046796417072113,0.45289476756548963,0.0324268033947685
3,2,3.0,0,interlayer_A,composition_family,0.11206268682142488,0.2055998355033527,0.09353714868192782
3,2,3.0,0,interlayer_A,scan_rate_mV_s,0.31264606961089725,0.24761809752424652,-0.06502797208665073
3,2,3.0,0,interlayer_A,layer_class,0.28605830122246506,0.3272269830391518,0.04116868181668676
3,2,3.0,0,target_cap_F_g,interlayer_A,0.22537310035321448,0.15083340518846777,-0.0745396951647467
3,2,3.0,0,target_cap_F_g,target_cap_F_g,1.0,1.0,0.0
3,2,3.0,0,target_cap_F_g,h2so4_M,0.2979137672186263,0.3098008118377057,0.011887044619079412
3,2,3.0,0,target_cap_F_g,composition_family,0.12439079608337049,0.11009493853272379,-0.014295857550646704
3,2,3.0,0,target_cap_F_g,scan_rate_mV_s,0.22795561190423372,0.25054706081187633,0.022591448907642614
3,2,3.0,0,target_cap_F_g,layer_class,0.19212593992874186,0.12040450681694656,-0.0717214331117953
3,2,3.0,0,h2so4_M,interlayer_A,0.42046796417072113,0.45289476756548963,0.0324268033947685
3,2,3.0,0,h2so4_M,target_cap_F_g,0.2979137672186263,0.3098008118377057,0.011887044619079412
3,2,3.0,0,h2so4_M,h2so4_M,1.0,1.0,0.0
3,2,3.0,0,h2so4_M,composition_family,0.241140039375533,0.21509608764700522,-0.026043951728527776
3,2,3.0,0,h2so4_M,scan_rate_mV_s,0.3915505075053859,0.34880090844738293,-0.04274959905800296
3,2,3.0,0,h2so4_M,layer_class,0.34464141313081226,0.39687994999206455,0.052238536861252294
3,2,3.0,0,composition_family,interlayer_A,0.11206268682142488,0.2055998355033527,0.09353714868192782
3,2,3.0,0,composition_family,target_cap_F_g,0.12439079608337049,0.11009493853272379,-0.014295857550646704
3,2,3.0,0,composition_family,h2so4_M,0.241140039375533,0.21509608764700522,-0.026043951728527776
3,2,3.0,0,composition_family,composition_family,1.0,1.0,0.0
3,2,3.0,0,composition_family,scan_rate_mV_s,0.1605108710379459,0.13080540526232537,-0.029705465775620526
3,2,3.0,0,composition_family,layer_class,0.05095946252775164,0.013591152433897094,-0.037368310093854544
3,2,3.0,0,scan_rate_mV_s,interlayer_A,0.31264606961089725,0.24761809752424652,-0.06502797208665073
3,2,3.0,0,scan_rate_mV_s,target_cap_F_g,0.22795561190423372,0.25054706081187633,0.022591448907642614
3,2,3.0,0,scan_rate_mV_s,h2so4_M,0.3915505075053859,0.34880090844738293,-0.04274959905800296
3,2,3.0,0,scan_rate_mV_s,composition_family,0.1605108710379459,0.13080540526232537,-0.029705465775620526
3,2,3.0,0,scan_rate_mV_s,scan_rate_mV_s,1.0,1.0,0.0
3,2,3.0,0,scan_rate_mV_s,layer_class,0.2684495785511484,0.2539926475323136,-0.014456931018834829
3,2,3.0,0,layer_class,interlayer_A,0.28605830122246506,0.3272269830391518,0.04116868181668676
3,2,3.0,0,layer_class,target_cap_F_g,0.19212593992874186,0.12040450681694656,-0.0717214331117953
3,2,3.0,0,layer_class,h2so4_M,0.34464141313081226,0.39687994999206455,0.052238536861252294
3,2,3.0,0,layer_class,composition_family,0.05095946252775164,0.013591152433897094,-0.037368310093854544
3,2,3.0,0,layer_class,scan_rate_mV_s,0.2684495785511484,0.2539926475323136,-0.014456931018834829
3,2,3.0,0,layer_class,layer_class,1.0,1.0,0.0
3,2,3.0,1,interlayer_A,interlayer_A,1.0,1.0,0.0
3,2,3.0,1,interlayer_A,target_cap_F_g,0.22537310035321448,0.17510818033755013,-0.05026492001566435
3,2,3.0,1,interlayer_A,h2so4_M,0.42046796417072113,0.4250395916630762,0.004571627492355068
3,2,3.0,1,interlayer_A,composition_family,0.11206268682142488,0.14938927566412832,0.03732658884270344
3,2,3.0,1,interlayer_A,scan_rate_mV_s,0.31264606961089725,0.36433695578694164,0.05169088617604439
3,2,3.0,1,interlayer_A,layer_class,0.28605830122246506,0.2995283678055062,0.013470066583041118
3,2,3.0,1,target_cap_F_g,interlayer_A,0.22537310035321448,0.17510818033755013,-0.05026492001566435
3,2,3.0,1,target_cap_F_g,target_cap_F_g,1.0,1.0,0.0
3,2,3.0,1,target_cap_F_g,h2so4_M,0.2979137672186263,0.26809941513279273,-0.02981435208583355
3,2,3.0,1,target_cap_F_g,composition_family,0.12439079608337049,0.09053332057160982,-0.033857475511760673
3,2,3.0,1,target_cap_F_g,scan_rate_mV_s,0.22795561190423372,0.2785813673758296,0.050625755471595896
3,2,3.0,1,target_cap_F_g,layer_class,0.19212593992874186,0.14227685070576498,-0.04984908922297687
3,2,3.0,1,h2so4_M,interlayer_A,0.42046796417072113,0.4250395916630762,0.004571627492355068
3,2,3.0,1,h2so4_M,target_cap_F_g,0.2979137672186263,0.26809941513279273,-0.02981435208583355
3,2,3.0,1,h2so4_M,h2so4_M,1.0,1.0,0.0
3,2,3.0,1,h2so4_M,composition_family,0.241140039375533,0.2163174864348167,-0.02482255294071628
3,2,3.0,1,h2so4_M,scan_rate_mV_s,0.3915505075053859,0.4548890978928318,0.06333859038744588
3,2,3.0,1,h2so4_M,layer_class,0.34464141313081226,0.3380315599402688,-0.006609853190543469
3,2,3.0,1,composition_family,interlayer_A,0.11206268682142488,0.14938927566412832,0.03732658884270344
3,2,3.0,1,composition_family,target_cap_F_g,0.12439079608337049,0.09053332057160982,-0.033857475511760673
3,2,3.0,1,composition_family,h2so4_M,0.241140039375533,0.2163174864348167,-0.02482255294071628
3,2,3.0,1,composition_family,composition_family,1.0,1.0,0.0
3,2,3.0,1,composition_family,scan_rate_mV_s,0.1605108710379459,0.124356647910932,-0.0361542231270139
3,2,3.0,1,composition_family,layer_class,0.05095946252775164,0.033049633383738085,-0.017909829144013553
3,2,3.0,1,scan_rate_mV_s,interlayer_A,0.31264606961089725,0.36433695578694164,0.05169088617604439
3,2,3.0,1,scan_rate_mV_s,target_cap_F_g,0.22795561190423372,0.2785813673758296,0.050625755471595896
3,2,3.0,1,scan_rate_mV_s,h2so4_M,0.3915505075053859,0.4548890978928318,0.06333859038744588
3,2,3.0,1,scan_rate_mV_s,composition_family,0.1605108710379459,0.124356647910932,-0.0361542231270139
3,2,3.0,1,scan_rate_mV_s,scan_rate_mV_s,1.0,1.0,0.0
3,2,3.0,1,scan_rate_mV_s,layer_class,0.2684495785511484,0.27581171888802414,0.007362140336875711
3,2,3.0,1,layer_class,interlayer_A,0.28605830122246506,0.2995283678055062,0.013470066583041118
3,2,3.0,1,layer_class,target_cap_F_g,0.19212593992874186,0.14227685070576498,-0.04984908922297687
3,2,3.0,1,layer_class,h2so4_M,0.34464141313081226,0.3380315599402688,-0.006609853190543469
3,2,3.0,1,layer_class,composition_family,0.05095946252775164,0.033049633383738085,-0.017909829144013553
3,2,3.0,1,layer_class,scan_rate_mV_s,0.2684495785511484,0.27581171888802414,0.007362140336875711
3,2,3.0,1,layer_class,layer_class,1.0,1.0,0.0
3,2,3.0,2,interlayer_A,interlayer_A,1.0,1.0,0.0
3,2,3.0,2,interlayer_A,target_cap_F_g,0.22537310035321448,0.18015131836588,-0.04522178198733448
3,2,3.0,2,interlayer_A,h2so4_M,0.42046796417072113,0.4172292293938821,-0.0032387347768390584
3,2,3.0,2,interlayer_A,composition_family,0.11206268682142488,0.19141944123270863,0.07935675441128374
3,2,3.0,2,interlayer_A,scan_rate_mV_s,0.31264606961089725,0.26383355006864095,-0.048812519542256294
3,2,3.0,2,interlayer_A,layer_class,0.28605830122246506,0.3093725971700198,0.023314295947554742
3,2,3.0,2,target_cap_F_g,interlayer_A,0.22537310035321448,0.18015131836588,-0.04522178198733448
3,2,3.0,2,target_cap_F_g,target_cap_F_g,1.0,1.0,0.0
3,2,3.0,2,target_cap_F_g,h2so4_M,0.2979137672186263,0.2614558714580723,-0.03645789576055397
3,2,3.0,2,target_cap_F_g,composition_family,0.12439079608337049,0.17008146550489506,0.04569066942152457
3,2,3.0,2,target_cap_F_g,scan_rate_mV_s,0.22795561190423372,0.25409226643600447,0.026136654531770748
3,2,3.0,2,target_cap_F_g,layer_class,0.19212593992874186,0.10470178946203967,-0.08742415046670218
3,2,3.0,2,h2so4_M,interlayer_A,0.42046796417072113,0.4172292293938821,-0.0032387347768390584
3,2,3.0,2,h2so4_M,target_cap_F_g,0.2979137672186263,0.2614558714580723,-0.03645789576055397
3,2,3.0,2,h2so4_M,h2so4_M,1.0,1.0,0.0
3,2,3.0,2,h2so4_M,composition_family,0.241140039375533,0.23897862502124376,-0.0021614143542892372
3,2,3.0,2,h2so4_M,scan_rate_mV_s,0.3915505075053859,0.3580454835611084,-0.03350502394427751
3,2,3.0,2,h2so4_M,layer_class,0.34464141313081226,0.3516438470039692,0.007002433873156966
3,2,3.0,2,composition_family,interlayer_A,0.11206268682142488,0.19141944123270863,0.07935675441128374
3,2,3.0,2,composition_family,target_cap_F_g,0.12439079608337049,0.17008146550489506,0.04569066942152457
3,2,3.0,2,composition_family,h2so4_M,0.241140039375533,0.23897862502124376,-0.0021614143542892372
3,2,3.0,2,composition_family,composition_family,1.0,1.0,0.0
3,2,3.0,2,composition_family,scan_rate_mV_s,0.1605108710379459,0.18773706065465848,0.02722618961671258
3,2,3.0,2,composition_family,layer_class,0.05095946252775164,0.04649459485433004,-0.004464867673421601
3,2,3.0,2,scan_rate_mV_s,interlayer_A,0.31264606961089725,0.26383355006864095,-0.048812519542256294
3,2,3.0,2,scan_rate_mV_s,target_cap_F_g,0.22795561190423372,0.25409226643600447,0.026136654531770748
3,2,3.0,2,scan_rate_mV_s,h2so4_M,0.3915505075053859,0.3580454835611084,-0.03350502394427751
3,2,3.0,2,scan_rate_mV_s,composition_family,0.1605108710379459,0.18773706065465848,0.02722618961671258
3,2,3.0,2,scan_rate_mV_s,scan_rate_mV_s,1.0,1.0,0.0
3,2,3.0,2,scan_rate_mV_s,layer_class,0.2684495785511484,0.2134363799292834,-0.05501319862186502
3,2,3.0,2,layer_class,interlayer_A,0.28605830122246506,0.3093725971700198,0.023314295947554742
3,2,3.0,2,layer_class,target_cap_F_g,0.19212593992874186,0.10470178946203967,-0.08742415046670218
3,2,3.0,2,layer_class,h2so4_M,0.34464141313081226,0.3516438470039692,0.007002433873156966
3,2,3.0,2,layer_class,composition_family,0.05095946252775164,0.04649459485433004,-0.004464867673421601
3,2,3.0,2,layer_class,scan_rate_mV_s,0.2684495785511484,0.2134363799292834,-0.05501319862186502
3,2,3.0,2,layer_class,layer_class,1.0,1.0,0.0
3,2,5.25,0,interlayer_A,interlayer_A,1.0,1.0,0.0
3,2,5.25,0,interlayer_A,target_cap_F_g,0.22537310035321448,0.18498448907676437,-0.040388611276450104
3,2,5.25,0,interlayer_A,h2so4_M,0.42046796417072113,0.40689296459961855,-0.013574999571102586
3,2,5.25,0,interlayer_A,composition_family,0.11206268682142488,0.16852040925412834,0.05645772243270346
3,2,5.25,0,interlayer_A,scan_rate_mV_s,0.31264606961089725,0.2659651542812864,-0.04668091532961083
3,2,5.25,0,interlayer_A,layer_class,0.28605830122246506,0.2672190979490416,-0.018839203273423477
3,2,5.25,0,target_cap_F_g,interlayer_A,0.22537310035321448,0.18498448907676437,-0.040388611276450104
3,2,5.25,0,target_cap_F_g,target_cap_F_g,1.0,1.0,0.0
3,2,5.25,0,target_cap_F_g,h2so4_M,0.2979137672186263,0.28278657035963156,-0.015127196858994718
3,2,5.25,0,target_cap_F_g,composition_family,0.12439079608337049,0.12049940359848134,-0.00389139248488915
3,2,5.25,0,target_cap_F_g,scan_rate_mV_s,0.22795561190423372,0.23286229440437964,0.00490668250014592
3,2,5.25,0,target_cap_F_g,layer_class,0.19212593992874186,0.13040659479622302,-0.06171934513251884
3,2,5.25,0,h2so4_M,interlayer_A,0.42046796417072113,0.40689296459961855,-0.013574999571102586
3,2,5.25,0,h2so4_M,target_cap_F_g,0.2979137672186263,0.28278657035963156,-0.015127196858994718
3,2,5.25,0,h2so4_M,h2so4_M,1.0,1.0,0.0
3,2,5.25,0,h2so4_M,composition_family,0.241140039375533,0.23892916442740086,-0.00221087494813213
3,2,5.25,0,h2so4_M,scan_rate_mV_s,0.3915505075053859,0.3871111124854275,-0.004439395019958381
3,2,5.25,0,h2so4_M,layer_class,0.34464141313081226,0.3157325606178478,-0.028908852512964434
3,2,5.25,0,composition_family,interlayer_A,0.11206268682142488,0.16852040925412834,0.05645772243270346
3,2,5.25,0,composition_family,target_cap_F_g,0.12439079608337049,0.12049940359848134,-0.00389139248488915
3,2,5.25,0,composition_family,h2so4_M,0.241140039375533,0.23892916442740086,-0.00221087494813213
3,2,5.25,0,composition_family,composition_family,1.0,1.0,0.0
3,2,5.25,0,composition_family,scan_rate_mV_s,0.1605108710379459,0.16664220394070456,0.006131332902758663
3,2,5.25,0,composition_family,layer_class,0.05095946252775164,0.06991119867611897,0.018951736148367336
3,2,5.25,0,scan_rate_mV_s,interlayer_A,0.31264606961089725,0.2659651542812864,-0.04668091532961083
3,2,5.25,0,scan_rate_mV_s,target_cap_F_g,0.22795561190423372,0.23286229440437964,0.00490668250014592
3,2,5.25,0,scan_rate_mV_s,h2so4_M,0.3915505075053859,0.3871111124854275,-0.004439395019958381
3,2,5.25,0,scan_rate_mV_s,composition_family,0.1605108710379459,0.16664220394070456,0.006131332902758663
3,2,5.25,0,scan_rate_mV_s,scan_rate_mV_s,1.0,1.0,0.0
3,2,5.25,0,scan_rate_mV_s,layer_class,0.2684495785511484,0.19513192375622232,-0.07331765479492611
3,2,5.25,0,layer_class,interlayer_A,0.28605830122246506,0.2672190979490416,-0.018839203273423477
3,2,5.25,0,layer_class,target_cap_F_g,0.19212593992874186,0.13040659479622302,-0.06171934513251884
3,2,5.25,0,layer_class,h2so4_M,0.34464141313081226,0.3157325606178478,-0.028908852512964434
3,2,5.25,0,layer_class,composition_family,0.05095946252775164,0.06991119867611897,0.018951736148367336
3,2,5.25,0,layer_class,scan_rate_mV_s,0.2684495785511484,0.19513192375622232,-0.07331765479492611
3,2,5.25,0,layer_class,layer_class,1.0,1.0,0.0
3,2,5.25,1,interlayer_A,interlayer_A,1.0,1.0,0.0
3,2,5.25,1,interlayer_A,target_cap_F_g,0.22537310035321448,0.19520430207953543,-0.03016879827367905
3,2,5.25,1,interlayer_A,h2so4_M,0.42046796417072113,0.4418459783090778,0.02137801413835666
3,2,5.25,1,interlayer_A,composition_family,0.11206268682142488,0.10855061831724294,-0.0035120685041819394
3,2,5.25,1,interlayer_A,scan_rate_mV_s,0.31264606961089725,0.2817948430780942,-0.030851226532803033
3,2,5.25,1,interlayer_A,layer_class,0.28605830122246506,0.3441613173770495,0.058103016154584464
3,2,5.25,1,target_cap_F_g,interlayer_A,0.22537310035321448,0.19520430207953543,-0.03016879827367905
3,2,5.25,1,target_cap_F_g,target_cap_F_g,1.0,1.0,0.0
3,2,5.25,1,target_cap_F_g,h2so4_M,0.2979137672186263,0.24570782097850274,-0.052205946240123535
3,2,5.25,1,target_cap_F_g,composition_family,0.12439079608337049,0.09740519686030046,-0.026985599223070034
3,2,5.25,1,target_cap_F_g,scan_rate_mV_s,0.22795561190423372,0.20980554847730193,-0.01815006342693179
3,2,5.25,1,target_cap_F_g,layer_class,0.19212593992874186,0.09821709959472608,-0.09390884033401578
3,2,5.25,1,h2so4_M,interlayer_A,0.42046796417072113,0.4418459783090778,0.02137801413835666
3,2,5.25,1,h2so4_M,target_cap_F_g,0.2979137672186263,0.24570782097850274,-0.052205946240123535
3,2,5.25,1,h2so4_M,h2so4_M,1.0,1.0,0.0
3,2,5.25,1,h2so4_M,composition_family,0.241140039375533,0.20563746660355645,-0.03550257277197655
3,2,5.25,1,h2so4_M,scan_rate_mV_s,0.3915505075053859,0.41397929226348773,0.02242878475810184
3,2,5.25,1,h2so4_M,layer_class,0.34464141313081226,0.37725666021789594,0.03261524708708369
3,2,5.25,1,composition_family,interlayer_A,0.11206268682142488,0.10855061831724294,-0.0035120685041819394
3,2,5.25,1,composition_family,target_cap_F_g,0.12439079608337049,0.09740519686030046,-0.026985599223070034
3,2,5.25,1,composition_family,h2so4_M,0.241140039375533,0.20563746660355645,-0.03550257277197655
3,2,5.25,1,composition_family,composition_family,1.0,1.0,0.0
3,2,5.25,1,composition_family,scan_rate_mV_s,0.1605108710379459,0.1271397705307944,-0.0333711005071515
3,2,5.25,1,composition_family,layer_class,0.05095946252775164,0.03839522502925041,-0.012564237498501225
3,2,5.25,1,scan_rate_mV_s,interlayer_A,0.31264606961089725,0.2817948430780942,-0.030851226532803033
3,2,5.25,1,scan_rate_mV_s,target_cap_F_g,0.22795561190423372,0.20980554847730193,-0.01815006342693179
3,2,5.25,1,scan_rate_mV_s,h2so4_M,0.3915505075053859,0.41397929226348773,0.02242878475810184
3,2,5.25,1,scan_rate_mV_s,composition_family,0.1605108710379459,0.1271397705307944,-0.0333711005071515
3,2,5.25,1,scan_rate_mV_s,scan_rate_mV_s,1.0,1.0,0.0
3,2,5.25,1,scan_rate_mV_s,layer_class,0.2684495785511484,0.3034613196485492,0.035011741097400795
3,2,5.25,1,layer_class,interlayer_A,0.28605830122246506,0.3441613173770495,0.058103016154584464
3,2,5.25,1,layer_class,target_cap_F_g,0.19212593992874186,0.09821709959472608,-0.09390884033401578
3,2,5.25,1,layer_class,h2so4_M,0.34464141313081226,0.37725666021789594,0.03261524708708369
3,2,5.25,1,layer_class,composition_family,0.05095946252775164,0.03839522502925041,-0.012564237498501225
3,2,5.25,1,layer_class,scan_rate_mV_s,0.2684495785511484,0.3034613196485492,0.035011741097400795
3,2,5.25,1,layer_class,layer_class,1.0,1.0,0.0
3,2,5.25,2,interlayer_A,interlayer_A,1.0,1.0,0.0
3,2,5.25,2,interlayer_A,target_cap_F_g,0.22537310035321448,0.19232686609584562,-0.033046234257368856
3,2,5.25,2,interlayer_A,h2so4_M,0.42046796417072113,0.4275904059132354,0.007122441742514252
3,2,5.25,2,interlayer_A,composition_family,0.11206268682142488,0.17837567421564526,0.06631298739422038
3,2,5.25,2,interlayer_A,scan_rate_mV_s,0.31264606961089725,0.27527904944287784,-0.037367020168019405
3,2,5.25,2,interlayer_A,layer_class,0.28605830122246506,0.3022371881043449,0.01617888688187985
3,2,5.25,2,target_cap_F_g,interlayer_A,0.22537310035321448,0.19232686609584562,-0.033046234257368856
3,2,5.25,2,target_cap_F_g,target_cap_F_g,1.0,1.0,0.0
3,2,5.25,2,target_cap_F_g,h2so4_M,0.2979137672186263,0.2898926859606225,-0.00802108125800377
3,2,5.25,2,target_cap_F_g,composition_family,0.12439079608337049,0.13429096312740588,0.009900167044035388
3,2,5.25,2,target_cap_F_g,scan_rate_mV_s,0.22795561190423372,0.22674586968248678,-0.00120974222174694
3,2,5.25,2,target_cap_F_g,layer_class,0.19212593992874186,0.09228613523384639,-0.09983980469489546
3,2,5.25,2,h2so4_M,interlayer_A,0.42046796417072113,0.4275904059132354,0.007122441742514252
3,2,5.25,2,h2so4_M,target_cap_F_g,0.2979137672186263,0.2898926859606225,-0.00802108125800377
3,2,5.25,2,h2so4_M,h2so4_M,1.0,1.0,0.0
3,2,5.25,2,h2so4_M,composition_family,0.241140039375533,0.23907846809037464,-0.0020615712851583534
3,2,5.25,2,h2so4_M,scan_rate_mV_s,0.3915505075053859,0.4012828389745159,0.009732331469129996
3,2,5.25,2,h2so4_M,layer_class,0.34464141313081226,0.34532735422267147,0.0006859410918592102
3,2,5.25,2,composition_family,interlayer_A,0.11206268682142488,0.17837567421564526,0.06631298739422038
3,2,5.25,2,composition_family,target_cap_F_g,0.12439079608337049,0.13429096312740588,0.009900167044035388
3,2,5.25,2,composition_family,h2so4_M,0.241140039375533,0.23907846809037464,-0.0020615712851583534
3,2,5.25,2,composition_family,composition_family,1.0,1.0,0.0
3,2,5.25,2,composition_family,scan_rate_mV_s,0.1605108710379459,0.1392856045762929,-0.021225266461652986
3,2,5.25,2,composition_family,layer_class,0.05095946252775164,0.03962161230495342,-0.01133785022279822
3,2,5.25,2,scan_rate_mV_s,interlayer_A,0.31264606961089725,0.27527904944287784,-0.037367020168019405
3,2,5.25,2,scan_rate_mV_s,target_cap_F_g,0.22795561190423372,0.22674586968248678,-0.00120974222174694
3,2,5.25,2,scan_rate_mV_s,h2so4_M,0.3915505075053859,0.4012828389745159,0.009732331469129996
3,2,5.25,2,scan_rate_mV_s,composition_family,0.1605108710379459,0.1392856045762929,-0.021225266461652986
3,2,5.25,2,scan_rate_mV_s,scan_rate_mV_s,1.0,1.0,0.0
3,2,5.25,2,scan_rate_mV_s,layer_class,0.2684495785511484,0.22373317920897334,-0.044716399342175084
3,2,5.25,2,layer_class,interlayer_A,0.28605830122246506,0.3022371881043449,0.01617888688187985
3,2,5.25,2,layer_class,target_cap_F_g,0.19212593992874186,0.09228613523384639,-0.09983980469489546
3,2,5.25,2,layer_class,h2so4_M,0.34464141313081226,0.34532735422267147,0.0006859410918592102
3,2,5.25,2,layer_class,composition_family,0.05095946252775164,0.03962161230495342,-0.01133785022279822
3,2,5.25,2,layer_class,scan_rate_mV_s,0.2684495785511484,0.22373317920897334,-0.044716399342175084
3,2,5.25,2,layer_class,layer_class,1.0,1.0,0.0
3,3,1.0,0,interlayer_A,interlayer_A,1.0,1.0,0.0
3,3,1.0,0,interlayer_A,target_cap_F_g,0.22537310035321448,0.47322984262667506,0.24785674227346058
3,3,1.0,0,interlayer_A,h2so4_M,0.42046796417072113,0.40955731585241667,-0.010910648318304461
3,3,1.0,0,interlayer_A,composition_family,0.11206268682142488,0.18581880732755693,0.07375612050613205
3,3,1.0,0,interlayer_A,scan_rate_mV_s,0.31264606961089725,0.3575836600577477,0.04493759044685047
3,3,1.0,0,interlayer_A,layer_class,0.28605830122246506,0.2759843607523585,-0.010073940470106568
3,3,1.0,0,target_cap_F_g,interlayer_A,0.22537310035321448,0.47322984262667506,0.24785674227346058
3,3,1.0,0,target_cap_F_g,target_cap_F_g,1.0,1.0,0.0
3,3,1.0,0,target_cap_F_g,h2so4_M,0.2979137672186263,0.2993941118954416,0.0014803446768152928
3,3,1.0,0,target_cap_F_g,composition_family,0.12439079608337049,0.09833778391487567,-0.026053012168494816
3,3,1.0,0,target_cap_F_g,scan_rate_mV_s,0.22795561190423372,0.37748087887192305,0.14952526696768934
3,3,1.0,0,target_cap_F_g,layer_class,0.19212593992874186,0.09791885020496816,-0.0942070897237737
3,3,1.0,0,h2so4_M,interlayer_A,0.42046796417072113,0.40955731585241667,-0.010910648318304461
3,3,1.0,0,h2so4_M,target_cap_F_g,0.2979137672186263,0.2993941118954416,0.0014803446768152928
3,3,1.0,0,h2so4_M,h2so4_M,1.0,1.0,0.0
3,3,1.0,0,h2so4_M,composition_family,0.241140039375533,0.2808264997515624,0.03968646037602938
3,3,1.0,0,h2so4_M,scan_rate_mV_s,0.3915505075053859,0.45706262828127237,0.06551212077588647
3,3,1.0,0,h2so4_M,layer_class,0.34464141313081226,0.3058343010579992,-0.038807112072813066
3,3,1.0,0,composition_family,interlayer_A,0.11206268682142488,0.18581880732755693,0.07375612050613205
3,3,1.0,0,composition_family,target_cap_F_g,0.12439079608337049,0.09833778391487567,-0.026053012168494816
3,3,1.0,0,composition_family,h2so4_M,0.241140039375533,0.2808264997515624,0.03968646037602938
3,3,1.0,0,composition_family,composition_family,1.0,1.0,0.0
3,3,1.0,0,composition_family,scan_rate_mV_s,0.1605108710379459,0.1295758123669649,-0.030935058670981008
3,3,1.0,0,composition_family,layer_class,0.05095946252775164,0.07881359202405322,0.02785412949630158
3,3,1.0,0,scan_rate_mV_s,interlayer_A,0.31264606961089725,0.3575836600577477,0.04493759044685047
3,3,1.0,0,scan_rate_mV_s,target_cap_F_g,0.22795561190423372,0.37748087887192305,0.14952526696768934
3,3,1.0,0,scan_rate_mV_s,h2so4_M,0.3915505075053859,0.45706262828127237,0.06551212077588647
3,3,1.0,0,scan_rate_mV_s,composition_family,0.1605108710379459,0.1295758123669649,-0.030935058670981008
3,3,1.0,0,scan_rate_mV_s,scan_rate_mV_s,1.0,1.0,0.0
3,3,1.0,0,scan_rate_mV_s,layer_class,0.2684495785511484,0.30718094038106486,0.03873136182991643
3,3,1.0,0,layer_class,interlayer_A,0.28605830122246506,0.2759843607523585,-0.010073940470106568
3,3,1.0,0,layer_class,target_cap_F_g,0.19212593992874186,0.09791885020496816,-0.0942070897237737
3,3,1.0,0,layer_class,h2so4_M,0.34464141313081226,0.3058343010579992,-0.038807112072813066
3,3,1.0,0,layer_class,composition_family,0.05095946252775164,0.07881359202405322,0.02785412949630158
3,3,1.0,0,layer_class,scan_rate_mV_s,0.2684495785511484,0.30718094038106486,0.03873136182991643
3,3,1.0,0,layer_class,layer_class,1.0,1.0,0.0
3,3,3.0,0,interlayer_A,interlayer_A,1.0,1.0,0.0
3,3,3.0,0,interlayer_A,target_cap_F_g,0.22537310035321448,0.21625323605786043,-0.009119864295354052
3,3,3.0,0,interlayer_A,h2so4_M,0.42046796417072113,0.37104569530261017,-0.04942226886811096
3,3,3.0,0,interlayer_A,composition_family,0.11206268682142488,0.14366111130402046,0.031598424482595575
3,3,3.0,0,interlayer_A,scan_rate_mV_s,0.31264606961089725,0.24627687839652826,-0.06636919121436899
3,3,3.0,0,interlayer_A,layer_class,0.28605830122246506,0.2660574552986495,-0.02000084592381557
3,3,3.0,0,target_cap_F_g,interlayer_A,0.22537310035321448,0.21625323605786043,-0.009119864295354052
3,3,3.0,0,target_cap_F_g,target_cap_F_g,1.0,1.0,0.0
3,3,3.0,0,target_cap_F_g,h2so4_M,0.2979137672186263,0.23859315285832972,-0.059320614360296564
3,3,3.0,0,target_cap_F_g,composition_family,0.12439079608337049,0.17316528923706517,0.048774493153694684
3,3,3.0,0,target_cap_F_g,scan_rate_mV_s,0.22795561190423372,0.23321204687805705,0.005256434973823332
3,3,3.0,0,target_cap_F_g,layer_class,0.19212593992874186,0.10161566277589731,-0.09051027715284454
3,3,3.0,0,h2so4_M,interlayer_A,0.42046796417072113,0.37104569530261017,-0.04942226886811096
3,3,3.0,0,h2so4_M,target_cap_F_g,0.2979137672186263,0.23859315285832972,-0.059320614360296564
3,3,3.0,0,h2so4_M,h2so4_M,1.0,1.0,0.0
3,3,3.0,0,h2so4_M,composition_family,0.241140039375533,0.28106391346037546,0.039923874084842464
3,3,3.0,0,h2so4_M,scan_rate_mV_s,0.3915505075053859,0.4026687929688904,0.011118285463504518
3,3,3.0,0,h2so4_M,layer_class,0.34464141313081226,0.2824677082336918,-0.06217370489712043
3,3,3.0,0,composition_family,interlayer_A,0.11206268682142488,0.14366111130402046,0.031598424482595575
3,3,3.0,0,composition_family,target_cap_F_g,0.12439079608337049,0.17316528923706517,0.048774493153694684
3,3,3.0,0,composition_family,h2so4_M,0.241140039375533,0.28106391346037546,0.039923874084842464
3,3,3.0,0,composition_family,composition_family,1.0,1.0,0.0
3,3,3.0,0,composition_family,scan_rate_mV_s,0.1605108710379459,0.19835207920982093,0.03784120817187503
3,3,3.0,0,composition_family,layer_class,0.05095946252775164,0.08418213652644366,0.03322267399869202
3,3,3.0,0,scan_rate_mV_s,interlayer_A,0.31264606961089725,0.24627687839652826,-0.06636919121436899
3,3,3.0,0,scan_rate_mV_s,target_cap_F_g,0.22795561190423372,0.23321204687805705,0.005256434973823332
3,3,3.0,0,scan_rate_mV_s,h2so4_M,0.3915505075053859,0.4026687929688904,0.011118285463504518
3,3,3.0,0,scan_rate_mV_s,composition_family,0.1605108710379459,0.19835207920982093,0.03784120817187503
3,3,3.0,0,scan_rate_mV_s,scan_rate_mV_s,1.0,1.0,0.0
3,3,3.0,0,scan_rate_mV_s,layer_class,0.2684495785511484,0.2943237386447006,0.0258741600935522
3,3,3.0,0,layer_class,interlayer_A,0.28605830122246506,0.2660574552986495,-0.02000084592381557
3,3,3.0,0,layer_class,target_cap_F_g,0.19212593992874186,0.10161566277589731,-0.09051027715284454
3,3,3.0,0,layer_class,h2so4_M,0.34464141313081226,0.2824677082336918,-0.06217370489712043
3,3,3.0,0,layer_class,composition_family,0.05095946252775164,0.08418213652644366,0.03322267399869202
3,3,3.0,0,layer_class,scan_rate_mV_s,0.2684495785511484,0.2943237386447006,0.0258741600935522
3,3,3.0,0,layer_class,layer_class,1.0,1.0,0.0
3,3,5.25,0,interlayer_A,interlayer_A,1.0,1.0,0.0
3,3,5.25,0,interlayer_A,target_cap_F_g,0.22537310035321448,0.2448282210081774,0.01945512065496291
3,3,5.25,0,interlayer_A,h2so4_M,0.42046796417072113,0.41884784123247515,-0.0016201229382459825
3,3,5.25,0,interlayer_A,composition_family,0.11206268682142488,0.14613536597204688,0.034072679150621996
3,3,5.25,0,interlayer_A,scan_rate_mV_s,0.31264606961089725,0.29443500475334444,-0.018211064857552806
3,3,5.25,0,interlayer_A,layer_class,0.28605830122246506,0.2756229609975715,-0.010435340224893563
3,3,5.25,0,target_cap_F_g,interlayer_A,0.22537310035321448,0.2448282210081774,0.01945512065496291
3,3,5.25,0,target_cap_F_g,target_cap_F_g,1.0,1.0,0.0
3,3,5.25,0,target_cap_F_g,h2so4_M,0.2979137672186263,0.24583458390136256,-0.052079183317263716
3,3,5.25,0,target_cap_F_g,composition_family,0.12439079608337049,0.13230981580914805,0.007919019725777562
3,3,5.25,0,target_cap_F_g,scan_rate_mV_s,0.22795561190423372,0.24263366140827045,0.014678049504036728
3,3,5.25,0,target_cap_F_g,layer_class,0.19212593992874186,0.08312029929094056,-0.1090056406378013
3,3,5.25,0,h2so4_M,interlayer_A,0.42046796417072113,0.41884784123247515,-0.0016201229382459825
3,3,5.25,0,h2so4_M,target_cap_F_g,0.2979137672186263,0.24583458390136256,-0.052079183317263716
3,3,5.25,0,h2so4_M,h2so4_M,1.0,1.0,0.0
3,3,5.25,0,h2so4_M,composition_family,0.241140039375533,0.27550036749228646,0.034360328116753464
3,3,5.25,0,h2so4_M,scan_rate_mV_s,0.3915505075053859,0.419436609543949,0.02788610203856312
3,3,5.25,0,h2so4_M,layer_class,0.34464141313081226,0.31626355246788873,-0.028377860662923526
3,3,5.25,0,composition_family,interlayer_A,0.11206268682142488,0.14613536597204688,0.034072679150621996
3,3,5.25,0,composition_family,target_cap_F_g,0.12439079608337049,0.13230981580914805,0.007919019725777562
3,3,5.25,0,composition_family,h2so4_M,0.241140039375533,0.27550036749228646,0.034360328116753464
3,3,5.25,0,composition_family,composition_family,1.0,1.0,0.0
3,3,5.25,0,composition_family,scan_rate_mV_s,0.1605108710379459,0.15758248476763573,-0.002928386270310168
3,3,5.25,0,composition_family,layer_class,0.05095946252775164,0.03793565171061899,-0.01302381081713265
3,3,5.25,0,scan_rate_mV_s,interlayer_A,0.31264606961089725,0.29443500475334444,-0.018211064857552806
3,3,5.25,0,scan_rate_mV_s,target_cap_F_g,0.22795561190423372,0.24263366140827045,0.014678049504036728
3,3,5.25,0,scan_rate_mV_s,h2so4_M,0.3915505075053859,0.419436609543949,0.02788610203856312
3,3,5.25,0,scan_rate_mV_s,composition_family,0.1605108710379459,0.15758248476763573,-0.002928386270310168
3,3,5.25,0,scan_rate_mV_s,scan_rate_mV_s,1.0,1.0,0.0
3,3,5.25,0,scan_rate_mV_s,layer_class,0.2684495785511484,0.3466088087203984,0.07815923016924997
3,3,5.25,0,layer_class,interlayer_A,0.28605830122246506,0.2756229609975715,-0.010435340224893563
3,3,5.25,0,layer_class,target_cap_F_g,0.19212593992874186,0.08312029929094056,-0.1090056406378013
3,3,5.25,0,layer_class,h2so4_M,0.34464141313081226,0.31626355246788873,-0.028377860662923526
3,3,5.25,0,layer_class,composition_family,0.05095946252775164,0.03793565171061899,-0.01302381081713265
3,3,5.25,0,layer_class,scan_rate_mV_s,0.2684495785511484,0.3466088087203984,0.07815923016924997
3,3,5.25,0,layer_class,layer_class,1.0,1.0,0.0
4,1,1.0,0,interlayer_A,interlayer_A,1.0,1.0,0.0
4,1,1.0,0,interlayer_A,target_cap_F_g,0.28197247784478996,0.1954012146912127,-0.08657126315357727
4,1,1.0,0,interlayer_A,h2so4_M,0.4417147516150549,0.3509639443856153,-0.09075080722943962
4,1,1.0,0,interlayer_A,composition_family,0.14842004624920885,0.06022967054660038,-0.08819037570260846
4,1,1.0,0,interlayer_A,scan_rate_mV_s,0.23810217260567929,0.15653908380555975,-0.08156308880011953
4,1,1.0,0,interlayer_A,layer_class,0.31951514917560525,0.28012237490760256,-0.039392774268002695
4,1,1.0,0,target_cap_F_g,interlayer_A,0.28197247784478996,0.1954012146912127,-0.08657126315357727
4,1,1.0,0,target_cap_F_g,target_cap_F_g,1.0,1.0,0.0
4,1,1.0,0,target_cap_F_g,h2so4_M,0.29728382529865477,0.2089156692941777,-0.08836815600447706
4,1,1.0,0,target_cap_F_g,composition_family,0.2470506474757184,0.12816643600177008,-0.11888421147394831
4,1,1.0,0,target_cap_F_g,scan_rate_mV_s,0.21186070145964234,0.16198311489530692,-0.04987758656433541
4,1,1.0,0,target_cap_F_g,layer_class,0.12323145072761027,0.08897157849613234,-0.03425987223147793
4,1,1.0,0,h2so4_M,interlayer_A,0.4417147516150549,0.3509639443856153,-0.09075080722943962
4,1,1.0,0,h2so4_M,target_cap_F_g,0.29728382529865477,0.2089156692941777,-0.08836815600447706
4,1,1.0,0,h2so4_M,h2so4_M,1.0,1.0,0.0
4,1,1.0,0,h2so4_M,composition_family,0.3574855240540586,0.15544177418726868,-0.2020437498667899
4,1,1.0,0,h2so4_M,scan_rate_mV_s,0.25236908915249107,0.18948265466021078,-0.06288643449228029
4,1,1.0,0,h2so4_M,layer_class,0.3403563804969691,0.28883822555317107,-0.05151815494379802
4,1,1.0,0,composition_family,interlayer_A,0.14842004624920885,0.06022967054660038,-0.08819037570260846
4,1,1.0,0,composition_family,target_cap_F_g,0.2470506474757184,0.12816643600177008,-0.11888421147394831
4,1,1.0,0,composition_family,h2so4_M,0.3574855240540586,0.15544177418726868,-0.2020437498667899
4,1,1.0,0,composition_family,composition_family,1.0,1.0,0.0
4,1,1.0,0,composition_family,scan_rate_mV_s,0.1349591468907887,0.14404000901194208,0.009080862121153388
4,1,1.0,0,composition_family,layer_class,0.07999147035133115,0.08585442459682478,0.005862954245493629
4,1,1.0,0,scan_rate_mV_s,interlayer_A,0.23810217260567929,0.15653908380555975,-0.08156308880011953
4,1,1.0,0,scan_rate_mV_s,target_cap_F_g,0.21186070145964234,0.16198311489530692,-0.04987758656433541
4,1,1.0,0,scan_rate_mV_s,h2so4_M,0.25236908915249107,0.18948265466021078,-0.06288643449228029
4,1,1.0,0,scan_rate_mV_s,composition_family,0.1349591468907887,0.14404000901194208,0.009080862121153388
4,1,1.0,0,scan_rate_mV_s,scan_rate_mV_s,1.0,1.0,0.0
4,1,1.0,0,scan_rate_mV_s,layer_class,0.2581298428978515,0.14346806199335307,-0.11466178090449844
4,1,1.0,0,layer_class,interlayer_A,0.31951514917560525,0.28012237490760256,-0.039392774268002695
4,1,1.0,0,layer_class,target_cap_F_g,0.12323145072761027,0.08897157849613234,-0.03425987223147793
4,1,1.0,0,layer_class,h2so4_M,0.3403563804969691,0.28883822555317107,-0.05151815494379802
4,1,1.0,0,layer_class,composition_family,0.07999147035133115,0.08585442459682478,0.005862954245493629
4,1,1.0,0,layer_class,scan_rate_mV_s,0.2581298428978515,0.14346806199335307,-0.11466178090449844
4,1,1.0,0,layer_class,layer_class,1.0,1.0,0.0
4,1,3.0,0,interlayer_A,interlayer_A,1.0,1.0,0.0
4,1,3.0,0,interlayer_A,target_cap_F_g,0.28197247784478996,0.1150291092286298,-0.16694336861616016
4,1,3.0,0,interlayer_A,h2so4_M,0.4417147516150549,0.3695727800324241,-0.0721419715826308
4,1,3.0,0,interlayer_A,composition_family,0.14842004624920885,0.08321631132812521,-0.06520373492108364
4,1,3.0,0,interlayer_A,scan_rate_mV_s,0.23810217260567929,0.23082011189150542,-0.007282060714173866
4,1,3.0,0,interlayer_A,layer_class,0.31951514917560525,0.3077541366482229,-0.011761012527382375
4,1,3.0,0,target_cap_F_g,interlayer_A,0.28197247784478996,0.1150291092286298,-0.16694336861616016
4,1,3.0,0,target_cap_F_g,target_cap_F_g,1.0,1.0,0.0
4,1,3.0,0,target_cap_F_g,h2so4_M,0.29728382529865477,0.34530931832040346,0.04802549302174869
4,1,3.0,0,target_cap_F_g,composition_family,0.2470506474757184,0.1905310065275982,-0.0565196409481202
4,1,3.0,0,target_cap_F_g,scan_rate_mV_s,0.21186070145964234,0.14501248417892787,-0.06684821728071447
4,1,3.0,0,target_cap_F_g,layer_class,0.12323145072761027,0.11970750975684513,-0.003523940970765138
4,1,3.0,0,h2so4_M,interlayer_A,0.4417147516150549,0.3695727800324241,-0.0721419715826308
4,1,3.0,0,h2so4_M,target_cap_F_g,0.29728382529865477,0.34530931832040346,0.04802549302174869
4,1,3.0,0,h2so4_M,h2so4_M,1.0,1.0,0.0
4,1,3.0,0,h2so4_M,composition_family,0.3574855240540586,0.19932436453888663,-0.15816115951517196
4,1,3.0,0,h2so4_M,scan_rate_mV_s,0.25236908915249107,0.26123365386245256,0.008864564709961498
4,1,3.0,0,h2so4_M,layer_class,0.3403563804969691,0.30153515107071455,-0.038821229426254544
4,1,3.0,0,composition_family,interlayer_A,0.14842004624920885,0.08321631132812521,-0.06520373492108364
4,1,3.0,0,composition_family,target_cap_F_g,0.2470506474757184,0.1905310065275982,-0.0565196409481202
4,1,3.0,0,composition_family,h2so4_M,0.3574855240540586,0.19932436453888663,-0.15816115951517196
4,1,3.0,0,composition_family,composition_family,1.0,1.0,0.0
4,1,3.0,0,composition_family,scan_rate_mV_s,0.1349591468907887,0.06527613123621293,-0.06968301565457577
4,1,3.0,0,composition_family,layer_class,0.07999147035133115,0.06338201419316587,-0.01660945615816528
4,1,3.0,0,scan_rate_mV_s,interlayer_A,0.23810217260567929,0.23082011189150542,-0.007282060714173866
4,1,3.0,0,scan_rate_mV_s,target_cap_F_g,0.21186070145964234,0.14501248417892787,-0.06684821728071447
4,1,3.0,0,scan_rate_mV_s,h2so4_M,0.25236908915249107,0.26123365386245256,0.008864564709961498
4,1,3.0,0,scan_rate_mV_s,composition_family,0.1349591468907887,0.06527613123621293,-0.06968301565457577
4,1,3.0,0,scan_rate_mV_s,scan_rate_mV_s,1.0,1.0,0.0
4,1,3.0,0,scan_rate_mV_s,layer_class,0.2581298428978515,0.20320597995998838,-0.05492386293786314
4,1,3.0,0,layer_class,interlayer_A,0.31951514917560525,0.3077541366482229,-0.011761012527382375
4,1,3.0,0,layer_class,target_cap_F_g,0.12323145072761027,0.11970750975684513,-0.003523940970765138
4,1,3.0,0,layer_class,h2so4_M,0.3403563804969691,0.30153515107071455,-0.038821229426254544
4,1,3.0,0,layer_class,composition_family,0.07999147035133115,0.06338201419316587,-0.01660945615816528
4,1,3.0,0,layer_class,scan_rate_mV_s,0.2581298428978515,0.20320597995998838,-0.05492386293786314
4,1,3.0,0,layer_class,layer_class,1.0,1.0,0.0
4,1,5.25,0,interlayer_A,interlayer_A,1.0,1.0,0.0
4,1,5.25,0,interlayer_A,target_cap_F_g,0.28197247784478996,0.09752827377931975,-0.1844442040654702
4,1,5.25,0,interlayer_A,h2so4_M,0.4417147516150549,0.3714908903333556,-0.07022386128169933
4,1,5.25,0,interlayer_A,composition_family,0.14842004624920885,0.046777679588161925,-0.10164236666104692
4,1,5.25,0,interlayer_A,scan_rate_mV_s,0.23810217260567929,0.19540004732973884,-0.042702125275940445
4,1,5.25,0,interlayer_A,layer_class,0.31951514917560525,0.27924569349372014,-0.040269455681885113
4,1,5.25,0,target_cap_F_g,interlayer_A,0.28197247784478996,0.09752827377931975,-0.1844442040654702
4,1,5.25,0,target_cap_F_g,target_cap_F_g,1.0,1.0,0.0
4,1,5.25,0,target_cap_F_g,h2so4_M,0.29728382529865477,0.284482362488519,-0.012801462810135777
4,1,5.25,0,target_cap_F_g,composition_family,0.2470506474757184,0.1695944240692674,-0.077456223406451
4,1,5.25,0,target_cap_F_g,scan_rate_mV_s,0.21186070145964234,0.08033326786796763,-0.1315274335916747
4,1,5.25,0,target_cap_F_g,layer_class,0.12323145072761027,0.04894933213405639,-0.07428211859355388
4,1,5.25,0,h2so4_M,interlayer_A,0.4417147516150549,0.3714908903333556,-0.07022386128169933
4,1,5.25,0,h2so4_M,target_cap_F_g,0.29728382529865477,0.284482362488519,-0.012801462810135777
4,1,5.25,0,h2so4_M,h2so4_M,1.0,1.0,0.0
4,1,5.25,0,h2so4_M,composition_family,0.3574855240540586,0.15923072370881106,-0.19825480034524753
4,1,5.25,0,h2so4_M,scan_rate_mV_s,0.25236908915249107,0.2082161070332241,-0.044152982119266965
4,1,5.25,0,h2so4_M,layer_class,0.3403563804969691,0.28117234404090385,-0.05918403645606524
4,1,5.25,0,composition_family,interlayer_A,0.14842004624920885,0.046777679588161925,-0.10164236666104692
4,1,5.25,0,composition_family,target_cap_F_g,0.2470506474757184,0.1695944240692674,-0.077456223406451
4,1,5.25,0,composition_family,h2so4_M,0.3574855240540586,0.15923072370881106,-0.19825480034524753
4,1,5.25,0,composition_family,composition_family,1.0,1.0,0.0
4,1,5.25,0,composition_family,scan_rate_mV_s,0.1349591468907887,0.043736705820773575,-0.09122244107001512
4,1,5.25,0,composition_family,layer_class,0.07999147035133115,0.039759611655362154,-0.040231858695969
4,1,5.25,0,scan_rate_mV_s,interlayer_A,0.23810217260567929,0.19540004732973884,-0.042702125275940445
4,1,5.25,0,scan_rate_mV_s,target_cap_F_g,0.21186070145964234,0.08033326786796763,-0.1315274335916747
4,1,5.25,0,scan_rate_mV_s,h2so4_M,0.25236908915249107,0.2082161070332241,-0.044152982119266965
4,1,5.25,0,scan_rate_mV_s,composition_family,0.1349591468907887,0.043736705820773575,-0.09122244107001512
4,1,5.25,0,scan_rate_mV_s,scan_rate_mV_s,1.0,1.0,0.0
4,1,5.25,0,scan_rate_mV_s,layer_class,0.2581298428978515,0.15279726367327218,-0.10533257922457934
4,1,5.25,0,layer_class,interlayer_A,0.31951514917560525,0.27924569349372014,-0.040269455681885113
4,1,5.25,0,layer_class,target_cap_F_g,0.12323145072761027,0.04894933213405639,-0.07428211859355388
4,1,5.25,0,layer_class,h2so4_M,0.3403563804969691,0.28117234404090385,-0.05918403645606524
4,1,5.25,0,layer_class,composition_family,0.07999147035133115,0.039759611655362154,-0.040231858695969
4,1,5.25,0,layer_class,scan_rate_mV_s,0.2581298428978515,0.15279726367327218,-0.10533257922457934
4,1,5.25,0,layer_class,layer_class,1.0,1.0,0.0
4,2,1.0,0,interlayer_A,interlayer_A,1.0,1.0,0.0
4,2,1.0,0,interlayer_A,target_cap_F_g,0.28197247784478996,0.29855654515968294,0.01658406731489298
4,2,1.0,0,interlayer_A,h2so4_M,0.4417147516150549,0.4424908977552002,0.0007761461401452618
4,2,1.0,0,interlayer_A,composition_family,0.14842004624920885,0.1861814668271553,0.03776142057794646
4,2,1.0,0,interlayer_A,scan_rate_mV_s,0.23810217260567929,0.26265688598845577,0.024554713382776483
4,2,1.0,0,interlayer_A,layer_class,0.31951514917560525,0.270415023934211,-0.04910012524139423
4,2,1.0,0,target_cap_F_g,interlayer_A,0.28197247784478996,0.29855654515968294,0.01658406731489298
4,2,1.0,0,target_cap_F_g,target_cap_F_g,1.0,1.0,0.0
4,2,1.0,0,target_cap_F_g,h2so4_M,0.29728382529865477,0.3246528837669525,0.027369058468297736
4,2,1.0,0,target_cap_F_g,composition_family,0.2470506474757184,0.2248288677114115,-0.022221779764306893
4,2,1.0,0,target_cap_F_g,scan_rate_mV_s,0.21186070145964234,0.26751232027894223,0.05565161881929989
4,2,1.0,0,target_cap_F_g,layer_class,0.12323145072761027,0.18746319362069264,0.06423174289308237
4,2,1.0,0,h2so4_M,interlayer_A,0.4417147516150549,0.4424908977552002,0.0007761461401452618
4,2,1.0,0,h2so4_M,target_cap_F_g,0.29728382529865477,0.3246528837669525,0.027369058468297736
4,2,1.0,0,h2so4_M,h2so4_M,1.0,1.0,0.0
4,2,1.0,0,h2so4_M,composition_family,0.3574855240540586,0.3920640589492615,0.034578534895202906
4,2,1.0,0,h2so4_M,scan_rate_mV_s,0.25236908915249107,0.21148338681394088,-0.040885702338550184
4,2,1.0,0,h2so4_M,layer_class,0.3403563804969691,0.25417105238006155,-0.08618532811690754
4,2,1.0,0,composition_family,interlayer_A,0.14842004624920885,0.1861814668271553,0.03776142057794646
4,2,1.0,0,composition_family,target_cap_F_g,0.2470506474757184,0.2248288677114115,-0.022221779764306893
4,2,1.0,0,composition_family,h2so4_M,0.3574855240540586,0.3920640589492615,0.034578534895202906
4,2,1.0,0,composition_family,composition_family,1.0,1.0,0.0
4,2,1.0,0,composition_family,scan_rate_mV_s,0.1349591468907887,0.22322048946734352,0.08826134257655482
4,2,1.0,0,composition_family,layer_class,0.07999147035133115,0.07834677974646836,-0.001644690604862789
4,2,1.0,0,scan_rate_mV_s,interlayer_A,0.23810217260567929,0.26265688598845577,0.024554713382776483
4,2,1.0,0,scan_rate_mV_s,target_cap_F_g,0.21186070145964234,0.26751232027894223,0.05565161881929989
4,2,1.0,0,scan_rate_mV_s,h2so4_M,0.25236908915249107,0.21148338681394088,-0.040885702338550184
4,2,1.0,0,scan_rate_mV_s,composition_family,0.1349591468907887,0.22322048946734352,0.08826134257655482
4,2,1.0,0,scan_rate_mV_s,scan_rate_mV_s,1.0,1.0,0.0
4,2,1.0,0,scan_rate_mV_s,layer_class,0.2581298428978515,0.2459138628318102,-0.012215980066041326
4,2,1.0,0,layer_class,interlayer_A,0.31951514917560525,0.270415023934211,-0.04910012524139423
4,2,1.0,0,layer_class,target_cap_F_g,0.12323145072761027,0.18746319362069264,0.06423174289308237
4,2,1.0,0,layer_class,h2so4_M,0.3403563804969691,0.25417105238006155,-0.08618532811690754
4,2,1.0,0,layer_class,composition_family,0.07999147035133115,0.07834677974646836,-0.001644690604862789
4,2,1.0,0,layer_class,scan_rate_mV_s,0.2581298428978515,0.2459138628318102,-0.012215980066041326
4,2,1.0,0,layer_class,layer_class,1.0,1.0,0.0
4,2,1.0,1,interlayer_A,interlayer_A,1.0,1.0,0.0
4,2,1.0,1,interlayer_A,target_cap_F_g,0.28197247784478996,0.22312954783563438,-0.05884293000915558
4,2,1.0,1,interlayer_A,h2so4_M,0.4417147516150549,0.3817253878136951,-0.05998936380135983
4,2,1.0,1,interlayer_A,composition_family,0.14842004624920885,0.217788544409563,0.06936849816035415
4,2,1.0,1,interlayer_A,scan_rate_mV_s,0.23810217260567929,0.33194588207840675,0.09384370947272747
4,2,1.0,1,interlayer_A,layer_class,0.31951514917560525,0.3023926946688084,-0.017122454506796836
4,2,1.0,1,target_cap_F_g,interlayer_A,0.28197247784478996,0.22312954783563438,-0.05884293000915558
4,2,1.0,1,target_cap_F_g,target_cap_F_g,1.0,1.0,0.0
4,2,1.0,1,target_cap_F_g,h2so4_M,0.29728382529865477,0.2632706155396037,-0.03401320975905109
4,2,1.0,1,target_cap_F_g,composition_family,0.2470506474757184,0.1652876933751601,-0.08176295410055828
4,2,1.0,1,target_cap_F_g,scan_rate_mV_s,0.21186070145964234,0.22580286115180037,0.013942159692158035
4,2,1.0,1,target_cap_F_g,layer_class,0.12323145072761027,0.07624904698306777,-0.0469824037445425
4,2,1.0,1,h2so4_M,interlayer_A,0.4417147516150549,0.3817253878136951,-0.05998936380135983
4,2,1.0,1,h2so4_M,target_cap_F_g,0.29728382529865477,0.2632706155396037,-0.03401320975905109
4,2,1.0,1,h2so4_M,h2so4_M,1.0,1.0,0.0
4,2,1.0,1,h2so4_M,composition_family,0.3574855240540586,0.26960265331156075,-0.08788287074249784
4,2,1.0,1,h2so4_M,scan_rate_mV_s,0.25236908915249107,0.26752403502849165,0.01515494587600058
4,2,1.0,1,h2so4_M,layer_class,0.3403563804969691,0.36441262837386257,0.024056247876893477
4,2,1.0,1,composition_family,interlayer_A,0.14842004624920885,0.217788544409563,0.06936849816035415
4,2,1.0,1,composition_family,target_cap_F_g,0.2470506474757184,0.1652876933751601,-0.08176295410055828
4,2,1.0,1,composition_family,h2so4_M,0.3574855240540586,0.26960265331156075,-0.08788287074249784
4,2,1.0,1,composition_family,composition_family,1.0,1.0,0.0
4,2,1.0,1,composition_family,scan_rate_mV_s,0.1349591468907887,0.10348417575690765,-0.03147497113388105
4,2,1.0,1,composition_family,layer_class,0.07999147035133115,0.136917543546785,0.056926073195453855
4,2,1.0,1,scan_rate_mV_s,interlayer_A,0.23810217260567929,0.33194588207840675,0.09384370947272747
4,2,1.0,1,scan_rate_mV_s,target_cap_F_g,0.21186070145964234,0.22580286115180037,0.013942159692158035
4,2,1.0,1,scan_rate_mV_s,h2so4_M,0.25236908915249107,0.26752403502849165,0.01515494587600058
4,2,1.0,1,scan_rate_mV_s,composition_family,0.1349591468907887,0.10348417575690765,-0.03147497113388105
4,2,1.0,1,scan_rate_mV_s,scan_rate_mV_s,1.0,1.0,0.0
4,2,1.0,1,scan_rate_mV_s,layer_class,0.2581298428978515,0.2532842080401111,-0.004845634857740422
4,2,1.0,1,layer_class,interlayer_A,0.31951514917560525,0.3023926946688084,-0.017122454506796836
4,2,1.0,1,layer_class,target_cap_F_g,0.12323145072761027,0.07624904698306777,-0.0469824037445425
4,2,1.0,1,layer_class,h2so4_M,0.3403563804969691,0.36441262837386257,0.024056247876893477
4,2,1.0,1,layer_class,composition_family,0.07999147035133115,0.136917543546785,0.056926073195453855
4,2,1.0,1,layer_class,scan_rate_mV_s,0.2581298428978515,0.2532842080401111,-0.004845634857740422
4,2,1.0,1,layer_class,layer_class,1.0,1.0,0.0
4,2,1.0,2,interlayer_A,interlayer_A,1.0,1.0,0.0
4,2,1.0,2,interlayer_A,target_cap_F_g,0.28197247784478996,0.3727472948576042,0.09077481701281426
4,2,1.0,2,interlayer_A,h2so4_M,0.4417147516150549,0.5377780442369493,0.09606329262189439
4,2,1.0,2,interlayer_A,composition_family,0.14842004624920885,0.3133417247553477,0.16492167850613887
4,2,1.0,2,interlayer_A,scan_rate_mV_s,0.23810217260567929,0.32864115530779814,0.09053898270211885
4,2,1.0,2,interlayer_A,layer_class,0.31951514917560525,0.45413772714054845,0.1346225779649432
4,2,1.0,2,target_cap_F_g,interlayer_A,0.28197247784478996,0.3727472948576042,0.09077481701281426
4,2,1.0,2,target_cap_F_g,target_cap_F_g,1.0,1.0,0.0
4,2,1.0,2,target_cap_F_g,h2so4_M,0.29728382529865477,0.29505409823227574,-0.002229727066379028
4,2,1.0,2,target_cap_F_g,composition_family,0.2470506474757184,0.3229384016115672,0.07588775413584883
4,2,1.0,2,target_cap_F_g,scan_rate_mV_s,0.21186070145964234,0.23586627056083975,0.024005569101197416
4,2,1.0,2,target_cap_F_g,layer_class,0.12323145072761027,0.15958845595510807,0.036357005227497796
4,2,1.0,2,h2so4_M,interlayer_A,0.4417147516150549,0.5377780442369493,0.09606329262189439
4,2,1.0,2,h2so4_M,target_cap_F_g,0.29728382529865477,0.29505409823227574,-0.002229727066379028
4,2,1.0,2,h2so4_M,h2so4_M,1.0,1.0,0.0
4,2,1.0,2,h2so4_M,composition_family,0.3574855240540586,0.45403206788185646,0.09654654382779787
4,2,1.0,2,h2so4_M,scan_rate_mV_s,0.25236908915249107,0.3590635688356138,0.10669447968312273
4,2,1.0,2,h2so4_M,layer_class,0.3403563804969691,0.46382974584935444,0.12347336535238534
4,2,1.0,2,composition_family,interlayer_A,0.14842004624920885,0.3133417247553477,0.16492167850613887
4,2,1.0,2,composition_family,target_cap_F_g,0.2470506474757184,0.3229384016115672,0.07588775413584883
4,2,1.0,2,composition_family,h2so4_M,0.3574855240540586,0.45403206788185646,0.09654654382779787
4,2,1.0,2,composition_family,composition_family,1.0,1.0,0.0
4,2,1.0,2,composition_family,scan_rate_mV_s,0.1349591468907887,0.2828771002419185,0.14791795335112978
4,2,1.0,2,composition_family,layer_class,0.07999147035133115,0.14849150297855118,0.06850003262722003
4,2,1.0,2,scan_rate_mV_s,interlayer_A,0.23810217260567929,0.32864115530779814,0.09053898270211885
4,2,1.0,2,scan_rate_mV_s,target_cap_F_g,0.21186070145964234,0.23586627056083975,0.024005569101197416
4,2,1.0,2,scan_rate_mV_s,h2so4_M,0.25236908915249107,0.3590635688356138,0.10669447968312273
4,2,1.0,2,scan_rate_mV_s,composition_family,0.1349591468907887,0.2828771002419185,0.14791795335112978
4,2,1.0,2,scan_rate_mV_s,scan_rate_mV_s,1.0,1.0,0.0
4,2,1.0,2,scan_rate_mV_s,layer_class,0.2581298428978515,0.2661642823373208,0.008034439439469299
4,2,1.0,2,layer_class,interlayer_A,0.31951514917560525,0.45413772714054845,0.1346225779649432
4,2,1.0,2,layer_class,target_cap_F_g,0.12323145072761027,0.15958845595510807,0.036357005227497796
4,2,1.0,2,layer_class,h2so4_M,0.3403563804969691,0.46382974584935444,0.12347336535238534
4,2,1.0,2,layer_class,composition_family,0.07999147035133115,0.14849150297855118,0.06850003262722003
4,2,1.0,2,layer_class,scan_rate_mV_s,0.2581298428978515,0.2661642823373208,0.008034439439469299
4,2,1.0,2,layer_class,layer_class,1.0,1.0,0.0
4,2,3.0,0,interlayer_A,interlayer_A,1.0,1.0,0.0
4,2,3.0,0,interlayer_A,target_cap_F_g,0.28197247784478996,0.1804924961506086,-0.10147998169418135
4,2,3.0,0,interlayer_A,h2so4_M,0.4417147516150549,0.4343509543198463,-0.007363797295208585
4,2,3.0,0,interlayer_A,composition_family,0.14842004624920885,0.2155744754175937,0.06715442916838485
4,2,3.0,0,interlayer_A,scan_rate_mV_s,0.23810217260567929,0.21596512590176528,-0.022137046703914004
4,2,3.0,0,interlayer_A,layer_class,0.31951514917560525,0.302426975248047,-0.017088173927558237
4,2,3.0,0,target_cap_F_g,interlayer_A,0.28197247784478996,0.1804924961506086,-0.10147998169418135
4,2,3.0,0,target_cap_F_g,target_cap_F_g,1.0,1.0,0.0
4,2,3.0,0,target_cap_F_g,h2so4_M,0.29728382529865477,0.2648198607799125,-0.03246396451874228
4,2,3.0,0,target_cap_F_g,composition_family,0.2470506474757184,0.14797962516955254,-0.09907102230616585
4,2,3.0,0,target_cap_F_g,scan_rate_mV_s,0.21186070145964234,0.11898865299954638,-0.09287204846009596
4,2,3.0,0,target_cap_F_g,layer_class,0.12323145072761027,0.08988522988392353,-0.03334622084368674
4,2,3.0,0,h2so4_M,interlayer_A,0.4417147516150549,0.4343509543198463,-0.007363797295208585
4,2,3.0,0,h2so4_M,target_cap_F_g,0.29728382529865477,0.2648198607799125,-0.03246396451874228
4,2,3.0,0,h2so4_M,h2so4_M,1.0,1.0,0.0
4,2,3.0,0,h2so4_M,composition_family,0.3574855240540586,0.4164128074340177,0.05892728337995912
4,2,3.0,0,h2so4_M,scan_rate_mV_s,0.25236908915249107,0.2311794391966971,-0.021189649955793977
4,2,3.0,0,h2so4_M,layer_class,0.3403563804969691,0.32106793294119756,-0.019288447555771526
4,2,3.0,0,composition_family,interlayer_A,0.14842004624920885,0.2155744754175937,0.06715442916838485
4,2,3.0,0,composition_family,target_cap_F_g,0.2470506474757184,0.14797962516955254,-0.09907102230616585
4,2,3.0,0,composition_family,h2so4_M,0.3574855240540586,0.4164128074340177,0.05892728337995912
4,2,3.0,0,composition_family,composition_family,1.0,1.0,0.0
4,2,3.0,0,composition_family,scan_rate_mV_s,0.1349591468907887,0.07306726374139438,-0.06189188314939431
4,2,3.0,0,composition_family,layer_class,0.07999147035133115,0.01708382854951195,-0.06290764180181921
4,2,3.0,0,scan_rate_mV_s,interlayer_A,0.23810217260567929,0.21596512590176528,-0.022137046703914004
4,2,3.0,0,scan_rate_mV_s,target_cap_F_g,0.21186070145964234,0.11898865299954638,-0.09287204846009596
4,2,3.0,0,scan_rate_mV_s,h2so4_M,0.25236908915249107,0.2311794391966971,-0.021189649955793977
4,2,3.0,0,scan_rate_mV_s,composition_family,0.1349591468907887,0.07306726374139438,-0.06189188314939431
4,2,3.0,0,scan_rate_mV_s,scan_rate_mV_s,1.0,1.0,0.0
4,2,3.0,0,scan_rate_mV_s,layer_class,0.2581298428978515,0.2500405282157482,-0.008089314682103332
4,2,3.0,0,layer_class,interlayer_A,0.31951514917560525,0.302426975248047,-0.017088173927558237
4,2,3.0,0,layer_class,target_cap_F_g,0.12323145072761027,0.08988522988392353,-0.03334622084368674
4,2,3.0,0,layer_class,h2so4_M,0.3403563804969691,0.32106793294119756,-0.019288447555771526
4,2,3.0,0,layer_class,composition_family,0.07999147035133115,0.01708382854951195,-0.06290764180181921
4,2,3.0,0,layer_class,scan_rate_mV_s,0.2581298428978515,0.2500405282157482,-0.008089314682103332
4,2,3.0,0,layer_class,layer_class,1.0,1.0,0.0
4,2,3.0,1,interlayer_A,interlayer_A,1.0,1.0,0.0
4,2,3.0,1,interlayer_A,target_cap_F_g,0.28197247784478996,0.2074455342695729,-0.07452694357521705
4,2,3.0,1,interlayer_A,h2so4_M,0.4417147516150549,0.41714576381497215,-0.024568987800082764
4,2,3.0,1,interlayer_A,composition_family,0.14842004624920885,0.14903833339989092,0.0006182871506820731
4,2,3.0,1,interlayer_A,scan_rate_mV_s,0.23810217260567929,0.21663095926127257,-0.021471213344406714
4,2,3.0,1,interlayer_A,layer_class,0.31951514917560525,0.3432154389812511,0.02370028980564587
4,2,3.0,1,target_cap_F_g,interlayer_A,0.28197247784478996,0.2074455342695729,-0.07452694357521705
4,2,3.0,1,target_cap_F_g,target_cap_F_g,1.0,1.0,0.0
4,2,3.0,1,target_cap_F_g,h2so4_M,0.29728382529865477,0.3689075342895588,0.07162370899090403
4,2,3.0,1,target_cap_F_g,composition_family,0.2470506474757184,0.23993342168363277,-0.007117225792085624
4,2,3.0,1,target_cap_F_g,scan_rate_mV_s,0.21186070145964234,0.17906574496516128,-0.03279495649448105
4,2,3.0,1,target_cap_F_g,layer_class,0.12323145072761027,0.10218804663880106,-0.02104340408880921
4,2,3.0,1,h2so4_M,interlayer_A,0.4417147516150549,0.41714576381497215,-0.024568987800082764
4,2,3.0,1,h2so4_M,target_cap_F_g,0.29728382529865477,0.3689075342895588,0.07162370899090403
4,2,3.0,1,h2so4_M,h2so4_M,1.0,1.0,0.0
4,2,3.0,1,h2so4_M,composition_family,0.3574855240540586,0.4012826136770435,0.0437970896229849
4,2,3.0,1,h2so4_M,scan_rate_mV_s,0.25236908915249107,0.20846835118377058,-0.04390073796872049
4,2,3.0,1,h2so4_M,layer_class,0.3403563804969691,0.31223068285634165,-0.028125697640627445
4,2,3.0,1,composition_family,interlayer_A,0.14842004624920885,0.14903833339989092,0.0006182871506820731
4,2,3.0,1,composition_family,target_cap_F_g,0.2470506474757184,0.23993342168363277,-0.007117225792085624
4,2,3.0,1,composition_family,h2so4_M,0.3574855240540586,0.4012826136770435,0.0437970896229849
4,2,3.0,1,composition_family,composition_family,1.0,1.0,0.0
4,2,3.0,1,composition_family,scan_rate_mV_s,0.1349591468907887,0.08498457953003968,-0.04997456736074901
4,2,3.0,1,composition_family,layer_class,0.07999147035133115,0.03156818025144369,-0.04842329009988747
4,2,3.0,1,scan_rate_mV_s,interlayer_A,0.23810217260567929,0.21663095926127257,-0.021471213344406714
4,2,3.0,1,scan_rate_mV_s,target_cap_F_g,0.21186070145964234,0.17906574496516128,-0.03279495649448105
4,2,3.0,1,scan_rate_mV_s,h2so4_M,0.25236908915249107,0.20846835118377058,-0.04390073796872049
4,2,3.0,1,scan_rate_mV_s,composition_family,0.1349591468907887,0.08498457953003968,-0.04997456736074901
4,2,3.0,1,scan_rate_mV_s,scan_rate_mV_s,1.0,1.0,0.0
4,2,3.0,1,scan_rate_mV_s,layer_class,0.2581298428978515,0.18265535197213395,-0.07547449092571756
4,2,3.0,1,layer_class,interlayer_A,0.31951514917560525,0.3432154389812511,0.02370028980564587
4,2,3.0,1,layer_class,target_cap_F_g,0.12323145072761027,0.10218804663880106,-0.02104340408880921
4,2,3.0,1,layer_class,h2so4_M,0.3403563804969691,0.31223068285634165,-0.028125697640627445
4,2,3.0,1,layer_class,composition_family,0.07999147035133115,0.03156818025144369,-0.04842329009988747
4,2,3.0,1,layer_class,scan_rate_mV_s,0.2581298428978515,0.18265535197213395,-0.07547449092571756
4,2,3.0,1,layer_class,layer_class,1.0,1.0,0.0
4,2,3.0,2,interlayer_A,interlayer_A,1.0,1.0,0.0
4,2,3.0,2,interlayer_A,target_cap_F_g,0.28197247784478996,0.17060366077245642,-0.11136881707233354
4,2,3.0,2,interlayer_A,h2so4_M,0.4417147516150549,0.4810321876565967,0.03931743604154181
4,2,3.0,2,interlayer_A,composition_family,0.14842004624920885,0.25320240888314954,0.1047823626339407
4,2,3.0,2,interlayer_A,scan_rate_mV_s,0.23810217260567929,0.3330233689218226,0.09492119631614332
4,2,3.0,2,interlayer_A,layer_class,0.31951514917560525,0.3238338825302272,0.004318733354621962
4,2,3.0,2,target_cap_F_g,interlayer_A,0.28197247784478996,0.17060366077245642,-0.11136881707233354
4,2,3.0,2,target_cap_F_g,target_cap_F_g,1.0,1.0,0.0
4,2,3.0,2,target_cap_F_g,h2so4_M,0.29728382529865477,0.23597543854312808,-0.06130838675552669
4,2,3.0,2,target_cap_F_g,composition_family,0.2470506474757184,0.189782059450275,-0.05726858802544341
4,2,3.0,2,target_cap_F_g,scan_rate_mV_s,0.21186070145964234,0.13766427295734096,-0.07419642850230138
4,2,3.0,2,target_cap_F_g,layer_class,0.12323145072761027,0.04756673461534774,-0.07566471611226253
4,2,3.0,2,h2so4_M,interlayer_A,0.4417147516150549,0.4810321876565967,0.03931743604154181
4,2,3.0,2,h2so4_M,target_cap_F_g,0.29728382529865477,0.23597543854312808,-0.06130838675552669
4,2,3.0,2,h2so4_M,h2so4_M,1.0,1.0,0.0
4,2,3.0,2,h2so4_M,composition_family,0.3574855240540586,0.39742050177966864,0.039934977725610055
4,2,3.0,2,h2so4_M,scan_rate_mV_s,0.25236908915249107,0.28789689861949436,0.03552780946700329
4,2,3.0,2,h2so4_M,layer_class,0.3403563804969691,0.335161478585308,-0.0051949019116611095
4,2,3.0,2,composition_family,interlayer_A,0.14842004624920885,0.25320240888314954,0.1047823626339407
4,2,3.0,2,composition_family,target_cap_F_g,0.2470506474757184,0.189782059450275,-0.05726858802544341
4,2,3.0,2,composition_family,h2so4_M,0.3574855240540586,0.39742050177966864,0.039934977725610055
4,2,3.0,2,composition_family,composition_family,1.0,1.0,0.0
4,2,3.0,2,composition_family,scan_rate_mV_s,0.1349591468907887,0.11105926636844105,-0.02389988052234765
4,2,3.0,2,composition_family,layer_class,0.07999147035133115,0.07615609067430686,-0.0038353796770242976
4,2,3.0,2,scan_rate_mV_s,interlayer_A,0.23810217260567929,0.3330233689218226,0.09492119631614332
4,2,3.0,2,scan_rate_mV_s,target_cap_F_g,0.21186070145964234,0.13766427295734096,-0.07419642850230138
4,2,3.0,2,scan_rate_mV_s,h2so4_M,0.25236908915249107,0.28789689861949436,0.03552780946700329
4,2,3.0,2,scan_rate_mV_s,composition_family,0.1349591468907887,0.11105926636844105,-0.02389988052234765
4,2,3.0,2,scan_rate_mV_s,scan_rate_mV_s,1.0,1.0,0.0
4,2,3.0,2,scan_rate_mV_s,layer_class,0.2581298428978515,0.22319132632274635,-0.03493851657510516
4,2,3.0,2,layer_class,interlayer_A,0.31951514917560525,0.3238338825302272,0.004318733354621962
4,2,3.0,2,layer_class,target_cap_F_g,0.12323145072761027,0.04756673461534774,-0.07566471611226253
4,2,3.0,2,layer_class,h2so4_M,0.3403563804969691,0.335161478585308,-0.0051949019116611095
4,2,3.0,2,layer_class,composition_family,0.07999147035133115,0.07615609067430686,-0.0038353796770242976
4,2,3.0,2,layer_class,scan_rate_mV_s,0.2581298428978515,0.22319132632274635,-0.03493851657510516
4,2,3.0,2,layer_class,layer_class,1.0,1.0,0.0
4,2,5.25,0,interlayer_A,interlayer_A,1.0,1.0,0.0
4,2,5.25,0,interlayer_A,target_cap_F_g,0.28197247784478996,0.1095065939369339,-0.17246588390785605
4,2,5.25,0,interlayer_A,h2so4_M,0.4417147516150549,0.3718921507234781,-0.06982260089157682
4,2,5.25,0,interlayer_A,composition_family,0.14842004624920885,0.12361677012604139,-0.02480327612316746
4,2,5.25,0,interlayer_A,scan_rate_mV_s,0.23810217260567929,0.1942646849867917,-0.04383748761888759
4,2,5.25,0,interlayer_A,layer_class,0.31951514917560525,0.27685691807453455,-0.0426582311010707
4,2,5.25,0,target_cap_F_g,interlayer_A,0.28197247784478996,0.1095065939369339,-0.17246588390785605
4,2,5.25,0,target_cap_F_g,target_cap_F_g,1.0,1.0,0.0
4,2,5.25,0,target_cap_F_g,h2so4_M,0.29728382529865477,0.2539740606586359,-0.043309764640018844
4,2,5.25,0,target_cap_F_g,composition_family,0.2470506474757184,0.15368435581010845,-0.09336629166560995
4,2,5.25,0,target_cap_F_g,scan_rate_mV_s,0.21186070145964234,0.17111895695454596,-0.04074174450509638
4,2,5.25,0,target_cap_F_g,layer_class,0.12323145072761027,0.08401209332801543,-0.03921935739959484
4,2,5.25,0,h2so4_M,interlayer_A,0.4417147516150549,0.3718921507234781,-0.06982260089157682
4,2,5.25,0,h2so4_M,target_cap_F_g,0.29728382529865477,0.2539740606586359,-0.043309764640018844
4,2,5.25,0,h2so4_M,h2so4_M,1.0,1.0,0.0
4,2,5.25,0,h2so4_M,composition_family,0.3574855240540586,0.3346092204457763,-0.0228763036082823
4,2,5.25,0,h2so4_M,scan_rate_mV_s,0.25236908915249107,0.2157994617574551,-0.03656962739503597
4,2,5.25,0,h2so4_M,layer_class,0.3403563804969691,0.28082889580747317,-0.059527484689495924
4,2,5.25,0,composition_family,interlayer_A,0.14842004624920885,0.12361677012604139,-0.02480327612316746
4,2,5.25,0,composition_family,target_cap_F_g,0.2470506474757184,0.15368435581010845,-0.09336629166560995
4,2,5.25,0,composition_family,h2so4_M,0.3574855240540586,0.3346092204457763,-0.0228763036082823
4,2,5.25,0,composition_family,composition_family,1.0,1.0,0.0
4,2,5.25,0,composition_family,scan_rate_mV_s,0.1349591468907887,0.09315976714826071,-0.04179937974252798
4,2,5.25,0,composition_family,layer_class,0.07999147035133115,0.05181136761017827,-0.02818010274115288
4,2,5.25,0,scan_rate_mV_s,interlayer_A,0.23810217260567929,0.1942646849867917,-0.04383748761888759
4,2,5.25,0,scan_rate_mV_s,target_cap_F_g,0.21186070145964234,0.17111895695454596,-0.04074174450509638
4,2,5.25,0,scan_rate_mV_s,h2so4_M,0.25236908915249107,0.2157994617574551,-0.03656962739503597
4,2,5.25,0,scan_rate_mV_s,composition_family,0.1349591468907887,0.09315976714826071,-0.04179937974252798
4,2,5.25,0,scan_rate_mV_s,scan_rate_mV_s,1.0,1.0,0.0
4,2,5.25,0,scan_rate_mV_s,layer_class,0.2581298428978515,0.2805585482181452,0.022428705320293674
4,2,5.25,0,layer_class,interlayer_A,0.31951514917560525,0.27685691807453455,-0.0426582311010707
4,2,5.25,0,layer_class,target_cap_F_g,0.12323145072761027,0.08401209332801543,-0.03921935739959484
4,2,5.25,0,layer_class,h2so4_M,0.3403563804969691,0.28082889580747317,-0.059527484689495924
4,2,5.25,0,layer_class,composition_family,0.07999147035133115,0.05181136761017827,-0.02818010274115288
4,2,5.25,0,layer_class,scan_rate_mV_s,0.2581298428978515,0.2805585482181452,0.022428705320293674
4,2,5.25,0,layer_class,layer_class,1.0,1.0,0.0
4,2,5.25,1,interlayer_A,interlayer_A,1.0,1.0,0.0
4,2,5.25,1,interlayer_A,target_cap_F_g,0.28197247784478996,0.12711122798034583,-0.15486124986444413
4,2,5.25,1,interlayer_A,h2so4_M,0.4417147516150549,0.4007113244752683,-0.04100342713978661
4,2,5.25,1,interlayer_A,composition_family,0.14842004624920885,0.1441615227755019,-0.004258523473706949
4,2,5.25,1,interlayer_A,scan_rate_mV_s,0.23810217260567929,0.20356254417293015,-0.03453962843274913
4,2,5.25,1,interlayer_A,layer_class,0.31951514917560525,0.2759926411862497,-0.04352250798935553
4,2,5.25,1,target_cap_F_g,interlayer_A,0.28197247784478996,0.12711122798034583,-0.15486124986444413
4,2,5.25,1,target_cap_F_g,target_cap_F_g,1.0,1.0,0.0
4,2,5.25,1,target_cap_F_g,h2so4_M,0.29728382529865477,0.2239081404081219,-0.07337568489053287
4,2,5.25,1,target_cap_F_g,composition_family,0.2470506474757184,0.13854145133592777,-0.10850919613979063
4,2,5.25,1,target_cap_F_g,scan_rate_mV_s,0.21186070145964234,0.16287749970091864,-0.0489832017587237
4,2,5.25,1,target_cap_F_g,layer_class,0.12323145072761027,0.07445836213777858,-0.04877308858983169
4,2,5.25,1,h2so4_M,interlayer_A,0.4417147516150549,0.4007113244752683,-0.04100342713978661
4,2,5.25,1,h2so4_M,target_cap_F_g,0.29728382529865477,0.2239081404081219,-0.07337568489053287
4,2,5.25,1,h2so4_M,h2so4_M,1.0,1.0,0.0
4,2,5.25,1,h2so4_M,composition_family,0.3574855240540586,0.37250271113546957,0.015017187081410976
4,2,5.25,1,h2so4_M,scan_rate_mV_s,0.25236908915249107,0.20660097601083993,-0.045768113141651134
4,2,5.25,1,h2so4_M,layer_class,0.3403563804969691,0.28037204455639636,-0.05998433594057273
4,2,5.25,1,composition_family,interlayer_A,0.14842004624920885,0.1441615227755019,-0.004258523473706949
4,2,5.25,1,composition_family,target_cap_F_g,0.2470506474757184,0.13854145133592777,-0.10850919613979063
4,2,5.25,1,composition_family,h2so4_M,0.3574855240540586,0.37250271113546957,0.015017187081410976
4,2,5.25,1,composition_family,composition_family,1.0,1.0,0.0
4,2,5.25,1,composition_family,scan_rate_mV_s,0.1349591468907887,0.07497914399626435,-0.05998000289452435
4,2,5.25,1,composition_family,layer_class,0.07999147035133115,0.031713988145224456,-0.0482774822061067
4,2,5.25,1,scan_rate_mV_s,interlayer_A,0.23810217260567929,0.20356254417293015,-0.03453962843274913
4,2,5.25,1,scan_rate_mV_s,target_cap_F_g,0.21186070145964234,0.16287749970091864,-0.0489832017587237
4,2,5.25,1,scan_rate_mV_s,h2so4_M,0.25236908915249107,0.20660097601083993,-0.045768113141651134
4,2,5.25,1,scan_rate_mV_s,composition_family,0.1349591468907887,0.07497914399626435,-0.05998000289452435
4,2,5.25,1,scan_rate_mV_s,scan_rate_mV_s,1.0,1.0,0.0
4,2,5.25,1,scan_rate_mV_s,layer_class,0.2581298428978515,0.25479734322167924,-0.0033324996761722736
4,2,5.25,1,layer_class,interlayer_A,0.31951514917560525,0.2759926411862497,-0.04352250798935553
4,2,5.25,1,layer_class,target_cap_F_g,0.12323145072761027,0.07445836213777858,-0.04877308858983169
4,2,5.25,1,layer_class,h2so4_M,0.3403563804969691,0.28037204455639636,-0.05998433594057273
4,2,5.25,1,layer_class,composition_family,0.07999147035133115,0.031713988145224456,-0.0482774822061067
4,2,5.25,1,layer_class,scan_rate_mV_s,0.2581298428978515,0.25479734322167924,-0.0033324996761722736
4,2,5.25,1,layer_class,layer_class,1.0,1.0,0.0
4,2,5.25,2,interlayer_A,interlayer_A,1.0,1.0,0.0
4,2,5.25,2,interlayer_A,target_cap_F_g,0.28197247784478996,0.14482288832249668,-0.13714958952229328
4,2,5.25,2,interlayer_A,h2so4_M,0.4417147516150549,0.46442105643049736,0.022706304815442446
4,2,5.25,2,interlayer_A,composition_family,0.14842004624920885,0.18688004993474458,0.03846000368553573
4,2,5.25,2,interlayer_A,scan_rate_mV_s,0.23810217260567929,0.21153452021742455,-0.02656765238825473
4,2,5.25,2,interlayer_A,layer_class,0.31951514917560525,0.3423979023902717,0.02288275321466643
4,2,5.25,2,target_cap_F_g,interlayer_A,0.28197247784478996,0.14482288832249668,-0.13714958952229328
4,2,5.25,2,target_cap_F_g,target_cap_F_g,1.0,1.0,0.0
4,2,5.25,2,target_cap_F_g,h2so4_M,0.29728382529865477,0.269787402472919,-0.027496422825735778
4,2,5.25,2,target_cap_F_g,composition_family,0.2470506474757184,0.17610123934907673,-0.07094940812664166
4,2,5.25,2,target_cap_F_g,scan_rate_mV_s,0.21186070145964234,0.13351418180370014,-0.07834651965594219
4,2,5.25,2,target_cap_F_g,layer_class,0.12323145072761027,0.06415288698298105,-0.05907856374462922
4,2,5.25,2,h2so4_M,interlayer_A,0.4417147516150549,0.46442105643049736,0.022706304815442446
4,2,5.25,2,h2so4_M,target_cap_F_g,0.29728382529865477,0.269787402472919,-0.027496422825735778
4,2,5.25,2,h2so4_M,h2so4_M,1.0,1.0,0.0
4,2,5.25,2,h2so4_M,composition_family,0.3574855240540586,0.34872907957291344,-0.008756444481145154
4,2,5.25,2,h2so4_M,scan_rate_mV_s,0.25236908915249107,0.21786452445604967,-0.03450456469644139
4,2,5.25,2,h2so4_M,layer_class,0.3403563804969691,0.3659335880022496,0.02557720750528053
4,2,5.25,2,composition_family,interlayer_A,0.14842004624920885,0.18688004993474458,0.03846000368553573
4,2,5.25,2,composition_family,target_cap_F_g,0.2470506474757184,0.17610123934907673,-0.07094940812664166
4,2,5.25,2,composition_family,h2so4_M,0.3574855240540586,0.34872907957291344,-0.008756444481145154
4,2,5.25,2,composition_family,composition_family,1.0,1.0,0.0
4,2,5.25,2,composition_family,scan_rate_mV_s,0.1349591468907887,0.08416920441539771,-0.05078994247539098
4,2,5.25,2,composition_family,layer_class,0.07999147035133115,0.05858006062569821,-0.021411409725632942
4,2,5.25,2,scan_rate_mV_s,interlayer_A,0.23810217260567929,0.21153452021742455,-0.02656765238825473
4,2,5.25,2,scan_rate_mV_s,target_cap_F_g,0.21186070145964234,0.13351418180370014,-0.07834651965594219
4,2,5.25,2,scan_rate_mV_s,h2so4_M,0.25236908915249107,0.21786452445604967,-0.03450456469644139
4,2,5.25,2,scan_rate_mV_s,composition_family,0.1349591468907887,0.08416920441539771,-0.05078994247539098
4,2,5.25,2,scan_rate_mV_s,scan_rate_mV_s,1.0,1.0,0.0
4,2,5.25,2,scan_rate_mV_s,layer_class,0.2581298428978515,0.16123367247814374,-0.09689617041970777
4,2,5.25,2,layer_class,interlayer_A,0.31951514917560525,0.3423979023902717,0.02288275321466643
4,2,5.25,2,layer_class,target_cap_F_g,0.12323145072761027,0.06415288698298105,-0.05907856374462922
4,2,5.25,2,layer_class,h2so4_M,0.3403563804969691,0.3659335880022496,0.02557720750528053
4,2,5.25,2,layer_class,composition_family,0.07999147035133115,0.05858006062569821,-0.021411409725632942
4,2,5.25,2,layer_class,scan_rate_mV_s,0.2581298428978515,0.16123367247814374,-0.09689617041970777
4,2,5.25,2,layer_class,layer_class,1.0,1.0,0.0
4,3,1.0,0,interlayer_A,interlayer_A,1.0,1.0,0.0
4,3,1.0,0,interlayer_A,target_cap_F_g,0.28197247784478996,0.2992777371897556,0.01730525934496563
4,3,1.0,0,interlayer_A,h2so4_M,0.4417147516150549,0.4995437109543243,0.0578289593392694
4,3,1.0,0,interlayer_A,composition_family,0.14842004624920885,0.2720290519509627,0.12360900570175387
4,3,1.0,0,interlayer_A,scan_rate_mV_s,0.23810217260567929,0.16968106531297497,-0.06842110729270431
4,3,1.0,0,interlayer_A,layer_class,0.31951514917560525,0.4731345123329,0.15361936315729474
4,3,1.0,0,target_cap_F_g,interlayer_A,0.28197247784478996,0.2992777371897556,0.01730525934496563
4,3,1.0,0,target_cap_F_g,target_cap_F_g,1.0,1.0,0.0
4,3,1.0,0,target_cap_F_g,h2so4_M,0.29728382529865477,0.40823012707406947,0.1109463017754147
4,3,1.0,0,target_cap_F_g,composition_family,0.2470506474757184,0.2369017484891569,-0.010148898986561489
4,3,1.0,0,target_cap_F_g,scan_rate_mV_s,0.21186070145964234,0.17883878115893387,-0.03302192030070847
4,3,1.0,0,target_cap_F_g,layer_class,0.12323145072761027,0.1537126066488212,0.030481155921210923
4,3,1.0,0,h2so4_M,interlayer_A,0.4417147516150549,0.4995437109543243,0.0578289593392694
4,3,1.0,0,h2so4_M,target_cap_F_g,0.29728382529865477,0.40823012707406947,0.1109463017754147
4,3,1.0,0,h2so4_M,h2so4_M,1.0,1.0,0.0
4,3,1.0,0,h2so4_M,composition_family,0.3574855240540586,0.34185109539284275,-0.015634428661215838
4,3,1.0,0,h2so4_M,scan_rate_mV_s,0.25236908915249107,0.23329712420760684,-0.019071964944884223
4,3,1.0,0,h2so4_M,layer_class,0.3403563804969691,0.48205398143399897,0.14169760093702988
4,3,1.0,0,composition_family,interlayer_A,0.14842004624920885,0.2720290519509627,0.12360900570175387
4,3,1.0,0,composition_family,target_cap_F_g,0.2470506474757184,0.2369017484891569,-0.010148898986561489
4,3,1.0,0,composition_family,h2so4_M,0.3574855240540586,0.34185109539284275,-0.015634428661215838
4,3,1.0,0,composition_family,composition_family,1.0,1.0,0.0
4,3,1.0,0,composition_family,scan_rate_mV_s,0.1349591468907887,0.2360312096286709,0.10107206273788222
4,3,1.0,0,composition_family,layer_class,0.07999147035133115,0.10231439764521504,0.022322927293883882
4,3,1.0,0,scan_rate_mV_s,interlayer_A,0.23810217260567929,0.16968106531297497,-0.06842110729270431
4,3,1.0,0,scan_rate_mV_s,target_cap_F_g,0.21186070145964234,0.17883878115893387,-0.03302192030070847
4,3,1.0,0,scan_rate_mV_s,h2so4_M,0.25236908915249107,0.23329712420760684,-0.019071964944884223
4,3,1.0,0,scan_rate_mV_s,composition_family,0.1349591468907887,0.2360312096286709,0.10107206273788222
4,3,1.0,0,scan_rate_mV_s,scan_rate_mV_s,1.0,1.0,0.0
4,3,1.0,0,scan_rate_mV_s,layer_class,0.2581298428978515,0.2695537465052359,0.011423903607384378
4,3,1.0,0,layer_class,interlayer_A,0.31951514917560525,0.4731345123329,0.15361936315729474
4,3,1.0,0,layer_class,target_cap_F_g,0.12323145072761027,0.1537126066488212,0.030481155921210923
4,3,1.0,0,layer_class,h2so4_M,0.3403563804969691,0.48205398143399897,0.14169760093702988
4,3,1.0,0,layer_class,composition_family,0.07999147035133115,0.10231439764521504,0.022322927293883882
4,3,1.0,0,layer_class,scan_rate_mV_s,0.2581298428978515,0.2695537465052359,0.011423903607384378
4,3,1.0,0,layer_class,layer_class,1.0,1.0,0.0
4,3,3.0,0,interlayer_A,interlayer_A,1.0,1.0,0.0
4,3,3.0,0,interlayer_A,target_cap_F_g,0.28197247784478996,0.15063881009053742,-0.13133366775425254
4,3,3.0,0,interlayer_A,h2so4_M,0.4417147516150549,0.41358753948019955,-0.02812721213485536
4,3,3.0,0,interlayer_A,composition_family,0.14842004624920885,0.14057188406571616,-0.007848162183492685
4,3,3.0,0,interlayer_A,scan_rate_mV_s,0.23810217260567929,0.2606158128988643,0.022513640293185033
4,3,3.0,0,interlayer_A,layer_class,0.31951514917560525,0.32987869399947606,0.010363544823870807
4,3,3.0,0,target_cap_F_g,interlayer_A,0.28197247784478996,0.15063881009053742,-0.13133366775425254
4,3,3.0,0,target_cap_F_g,target_cap_F_g,1.0,1.0,0.0
4,3,3.0,0,target_cap_F_g,h2so4_M,0.29728382529865477,0.30443054838407324,0.0071467230854184716
4,3,3.0,0,target_cap_F_g,composition_family,0.2470506474757184,0.21439222018424228,-0.03265842729147611
4,3,3.0,0,target_cap_F_g,scan_rate_mV_s,0.21186070145964234,0.150330436101328,-0.06153026535831432
4,3,3.0,0,target_cap_F_g,layer_class,0.12323145072761027,0.08034681677643501,-0.042884633951175255
4,3,3.0,0,h2so4_M,interlayer_A,0.4417147516150549,0.41358753948019955,-0.02812721213485536
4,3,3.0,0,h2so4_M,target_cap_F_g,0.29728382529865477,0.30443054838407324,0.0071467230854184716
4,3,3.0,0,h2so4_M,h2so4_M,1.0,1.0,0.0
4,3,3.0,0,h2so4_M,composition_family,0.3574855240540586,0.43241122716087643,0.07492570310681784
4,3,3.0,0,h2so4_M,scan_rate_mV_s,0.25236908915249107,0.2609136731034599,0.008544583950968854
4,3,3.0,0,h2so4_M,layer_class,0.3403563804969691,0.33312423726392676,-0.007232143233042332
4,3,3.0,0,composition_family,interlayer_A,0.14842004624920885,0.14057188406571616,-0.007848162183492685
4,3,3.0,0,composition_family,target_cap_F_g,0.2470506474757184,0.21439222018424228,-0.03265842729147611
4,3,3.0,0,composition_family,h2so4_M,0.3574855240540586,0.43241122716087643,0.07492570310681784
4,3,3.0,0,composition_family,composition_family,1.0,1.0,0.0
4,3,3.0,0,composition_family,scan_rate_mV_s,0.1349591468907887,0.13804978348083013,0.00309063659004144
4,3,3.0,0,composition_family,layer_class,0.07999147035133115,0.07941482244455504,-0.0005766479067761121
4,3,3.0,0,scan_rate_mV_s,interlayer_A,0.23810217260567929,0.2606158128988643,0.022513640293185033
4,3,3.0,0,scan_rate_mV_s,target_cap_F_g,0.21186070145964234,0.150330436101328,-0.06153026535831432
4,3,3.0,0,scan_rate_mV_s,h2so4_M,0.25236908915249107,0.2609136731034599,0.008544583950968854
4,3,3.0,0,scan_rate_mV_s,composition_family,0.1349591468907887,0.13804978348083013,0.00309063659004144
4,3,3.0,0,scan_rate_mV_s,scan_rate_mV_s,1.0,1.0,0.0
4,3,3.0,0,scan_rate_mV_s,layer_class,0.2581298428978515,0.24928057393053124,-0.008849268967320273
4,3,3.0,0,layer_class,interlayer_A,0.31951514917560525,0.32987869399947606,0.010363544823870807
4,3,3.0,0,layer_class,target_cap_F_g,0.12323145072761027,0.08034681677643501,-0.042884633951175255
4,3,3.0,0,layer_class,h2so4_M,0.3403563804969691,0.33312423726392676,-0.007232143233042332
4,3,3.0,0,layer_class,composition_family,0.07999147035133115,0.07941482244455504,-0.0005766479067761121
4,3,3.0,0,layer_class,scan_rate_mV_s,0.2581298428978515,0.24928057393053124,-0.008849268967320273
4,3,3.0,0,layer_class,layer_class,1.0,1.0,0.0
4,3,5.25,0,interlayer_A,interlayer_A,1.0,1.0,0.0
4,3,5.25,0,interlayer_A,target_cap_F_g,0.28197247784478996,0.12726008533668176,-0.1547123925081082
4,3,5.25,0,interlayer_A,h2so4_M,0.4417147516150549,0.4084956943332631,-0.03321905728179181
4,3,5.25,0,interlayer_A,composition_family,0.14842004624920885,0.1359115523072374,-0.012508493941971455
4,3,5.25,0,interlayer_A,scan_rate_mV_s,0.23810217260567929,0.2285988607377179,-0.009503311867961384
4,3,5.25,0,interlayer_A,layer_class,0.31951514917560525,0.2942834538468295,-0.025231695328775727
4,3,5.25,0,target_cap_F_g,interlayer_A,0.28197247784478996,0.12726008533668176,-0.1547123925081082
4,3,5.25,0,target_cap_F_g,target_cap_F_g,1.0,1.0,0.0
4,3,5.25,0,target_cap_F_g,h2so4_M,0.29728382529865477,0.24435933621379735,-0.05292448908485742
4,3,5.25,0,target_cap_F_g,composition_family,0.2470506474757184,0.12883161180791267,-0.11821903566780573
4,3,5.25,0,target_cap_F_g,scan_rate_mV_s,0.21186070145964234,0.14567519808570417,-0.06618550337393816
4,3,5.25,0,target_cap_F_g,layer_class,0.12323145072761027,0.04534734320868238,-0.07788410751892788
4,3,5.25,0,h2so4_M,interlayer_A,0.4417147516150549,0.4084956943332631,-0.03321905728179181
4,3,5.25,0,h2so4_M,target_cap_F_g,0.29728382529865477,0.24435933621379735,-0.05292448908485742
4,3,5.25,0,h2so4_M,h2so4_M,1.0,1.0,0.0
4,3,5.25,0,h2so4_M,composition_family,0.3574855240540586,0.3498529024871126,-0.007632621566945996
4,3,5.25,0,h2so4_M,scan_rate_mV_s,0.25236908915249107,0.23858151506293393,-0.013787574089557136
4,3,5.25,0,h2so4_M,layer_class,0.3403563804969691,0.3098832652161998,-0.030473115280769292
4,3,5.25,0,composition_family,interlayer_A,0.14842004624920885,0.1359115523072374,-0.012508493941971455
4,3,5.25,0,composition_family,target_cap_F_g,0.2470506474757184,0.12883161180791267,-0.11821903566780573
4,3,5.25,0,composition_family,h2so4_M,0.3574855240540586,0.3498529024871126,-0.007632621566945996
4,3,5.25,0,composition_family,composition_family,1.0,1.0,0.0
4,3,5.25,0,composition_family,scan_rate_mV_s,0.1349591468907887,0.1317153427292717,-0.0032438041615169833
4,3,5.25,0,composition_family,layer_class,0.07999147035133115,0.07100384465006451,-0.008987625701266641
4,3,5.25,0,scan_rate_mV_s,interlayer_A,0.23810217260567929,0.2285988607377179,-0.009503311867961384
4,3,5.25,0,scan_rate_mV_s,target_cap_F_g,0.21186070145964234,0.14567519808570417,-0.06618550337393816
4,3,5.25,0,scan_rate_mV_s,h2so4_M,0.25236908915249107,0.23858151506293393,-0.013787574089557136
4,3,5.25,0,scan_rate_mV_s,composition_family,0.1349591468907887,0.1317153427292717,-0.0032438041615169833
4,3,5.25,0,scan_rate_mV_s,scan_rate_mV_s,1.0,1.0,0.0
4,3,5.25,0,scan_rate_mV_s,layer_class,0.2581298428978515,0.23519774562662463,-0.022932097271226887
4,3,5.25,0,layer_class,interlayer_A,0.31951514917560525,0.2942834538468295,-0.025231695328775727
4,3,5.25,0,layer_class,target_cap_F_g,0.12323145072761027,0.04534734320868238,-0.07788410751892788
4,3,5.25,0,layer_class,h2so4_M,0.3403563804969691,0.3098832652161998,-0.030473115280769292
4,3,5.25,0,layer_class,composition_family,0.07999147035133115,0.07100384465006451,-0.008987625701266641
4,3,5.25,0,layer_class,scan_rate_mV_s,0.2581298428978515,0.23519774562662463,-0.022932097271226887
4,3,5.25,0,layer_class,layer_class,1.0,1.0,0.0
5,1,1.0,0,interlayer_A,interlayer_A,1.0,1.0,0.0
5,1,1.0,0,interlayer_A,target_cap_F_g,0.27162041854379976,0.3835430690655189,0.11192265052171912
5,1,1.0,0,interlayer_A,h2so4_M,0.4458844818199316,0.721951362615865,0.2760668807959334
5,1,1.0,0,interlayer_A,composition_family,0.2929209645798361,0.23930224935546976,-0.053618715224366315
5,1,1.0,0,interlayer_A,scan_rate_mV_s,0.25460803793772485,0.38574513688069906,0.1311370989429742
5,1,1.0,0,interlayer_A,layer_class,0.34131791207505247,0.5839965814700735,0.24267866939502103
5,1,1.0,0,target_cap_F_g,interlayer_A,0.27162041854379976,0.3835430690655189,0.11192265052171912
5,1,1.0,0,target_cap_F_g,target_cap_F_g,1.0,1.0,0.0
5,1,1.0,0,target_cap_F_g,h2so4_M,0.3067324457878163,0.2797941926648896,-0.026938253122926692
5,1,1.0,0,target_cap_F_g,composition_family,0.23646189723653682,0.06623623420167725,-0.1702256630348596
5,1,1.0,0,target_cap_F_g,scan_rate_mV_s,0.25340150821283297,0.2404185211408568,-0.012982987071976176
5,1,1.0,0,target_cap_F_g,layer_class,0.11740117097327013,0.14748459261911714,0.030083421645847014
5,1,1.0,0,h2so4_M,interlayer_A,0.4458844818199316,0.721951362615865,0.2760668807959334
5,1,1.0,0,h2so4_M,target_cap_F_g,0.3067324457878163,0.2797941926648896,-0.026938253122926692
5,1,1.0,0,h2so4_M,h2so4_M,1.0,1.0,0.0
5,1,1.0,0,h2so4_M,composition_family,0.30625207019535255,0.24422309961415656,-0.062028970581196
5,1,1.0,0,h2so4_M,scan_rate_mV_s,0.3326126072561134,0.3501487674994392,0.01753616024332577
5,1,1.0,0,h2so4_M,layer_class,0.3391137322883743,0.6868867865347297,0.34777305424635535
5,1,1.0,0,composition_family,interlayer_A,0.2929209645798361,0.23930224935546976,-0.053618715224366315
5,1,1.0,0,composition_family,target_cap_F_g,0.23646189723653682,0.06623623420167725,-0.1702256630348596
5,1,1.0,0,composition_family,h2so4_M,0.30625207019535255,0.24422309961415656,-0.062028970581196
5,1,1.0,0,composition_family,composition_family,1.0,1.0,0.0
5,1,1.0,0,composition_family,scan_rate_mV_s,0.20477053544766435,0.22818124264057632,0.023410707192911967
5,1,1.0,0,composition_family,layer_class,0.12256276059205246,0.17515253482489007,0.052589774232837616
5,1,1.0,0,scan_rate_mV_s,interlayer_A,0.25460803793772485,0.38574513688069906,0.1311370989429742
5,1,1.0,0,scan_rate_mV_s,target_cap_F_g,0.25340150821283297,0.2404185211408568,-0.012982987071976176
5,1,1.0,0,scan_rate_mV_s,h2so4_M,0.3326126072561134,0.3501487674994392,0.01753616024332577
5,1,1.0,0,scan_rate_mV_s,composition_family,0.20477053544766435,0.22818124264057632,0.023410707192911967
5,1,1.0,0,scan_rate_mV_s,scan_rate_mV_s,1.0,1.0,0.0
5,1,1.0,0,scan_rate_mV_s,layer_class,0.221486015514553,0.32357267639393794,0.10208666087938495
5,1,1.0,0,layer_class,interlayer_A,0.34131791207505247,0.5839965814700735,0.24267866939502103
5,1,1.0,0,layer_class,target_cap_F_g,0.11740117097327013,0.14748459261911714,0.030083421645847014
5,1,1.0,0,layer_class,h2so4_M,0.3391137322883743,0.6868867865347297,0.34777305424635535
5,1,1.0,0,layer_class,composition_family,0.12256276059205246,0.17515253482489007,0.052589774232837616
5,1,1.0,0,layer_class,scan_rate_mV_s,0.221486015514553,0.32357267639393794,0.10208666087938495
5,1,1.0,0,layer_class,layer_class,1.0,1.0,0.0
5,1,3.0,0,interlayer_A,interlayer_A,1.0,1.0,0.0
5,1,3.0,0,interlayer_A,target_cap_F_g,0.27162041854379976,0.21426924576553946,-0.057351172778260295
5,1,3.0,0,interlayer_A,h2so4_M,0.4458844818199316,0.4968244829096059,0.05094000108967428
5,1,3.0,0,interlayer_A,composition_family,0.2929209645798361,0.1803533805035235,-0.11256758407631257
5,1,3.0,0,interlayer_A,scan_rate_mV_s,0.25460803793772485,0.24646726279291312,-0.008140775144811735
5,1,3.0,0,interlayer_A,layer_class,0.34131791207505247,0.32823219234993406,-0.013085719725118405
5,1,3.0,0,target_cap_F_g,interlayer_A,0.27162041854379976,0.21426924576553946,-0.057351172778260295
5,1,3.0,0,target_cap_F_g,target_cap_F_g,1.0,1.0,0.0
5,1,3.0,0,target_cap_F_g,h2so4_M,0.3067324457878163,0.11925868416866389,-0.18747376161915238
5,1,3.0,0,target_cap_F_g,composition_family,0.23646189723653682,0.131839175886917,-0.10462272134961983
5,1,3.0,0,target_cap_F_g,scan_rate_mV_s,0.25340150821283297,0.10596809067968622,-0.14743341753314676
5,1,3.0,0,target_cap_F_g,layer_class,0.11740117097327013,0.07240917596469965,-0.044991995008570485
5,1,3.0,0,h2so4_M,interlayer_A,0.4458844818199316,0.4968244829096059,0.05094000108967428
5,1,3.0,0,h2so4_M,target_cap_F_g,0.3067324457878163,0.11925868416866389,-0.18747376161915238
5,1,3.0,0,h2so4_M,h2so4_M,1.0,1.0,0.0
5,1,3.0,0,h2so4_M,composition_family,0.30625207019535255,0.20637363010711807,-0.09987844008823449
5,1,3.0,0,h2so4_M,scan_rate_mV_s,0.3326126072561134,0.2421638788627021,-0.09044872839341131
5,1,3.0,0,h2so4_M,layer_class,0.3391137322883743,0.3542128132859483,0.015099080997573955
5,1,3.0,0,composition_family,interlayer_A,0.2929209645798361,0.1803533805035235,-0.11256758407631257
5,1,3.0,0,composition_family,target_cap_F_g,0.23646189723653682,0.131839175886917,-0.10462272134961983
5,1,3.0,0,composition_family,h2so4_M,0.30625207019535255,0.20637363010711807,-0.09987844008823449
5,1,3.0,0,composition_family,composition_family,1.0,1.0,0.0
5,1,3.0,0,composition_family,scan_rate_mV_s,0.20477053544766435,0.08746438973715405,-0.1173061457105103
5,1,3.0,0,composition_family,layer_class,0.12256276059205246,0.06307261799339538,-0.05949014259865708
5,1,3.0,0,scan_rate_mV_s,interlayer_A,0.25460803793772485,0.24646726279291312,-0.008140775144811735
5,1,3.0,0,scan_rate_mV_s,target_cap_F_g,0.25340150821283297,0.10596809067968622,-0.14743341753314676
5,1,3.0,0,scan_rate_mV_s,h2so4_M,0.3326126072561134,0.2421638788627021,-0.09044872839341131
5,1,3.0,0,scan_rate_mV_s,composition_family,0.20477053544766435,0.08746438973715405,-0.1173061457105103
5,1,3.0,0,scan_rate_mV_s,scan_rate_mV_s,1.0,1.0,0.0
5,1,3.0,0,scan_rate_mV_s,layer_class,0.221486015514553,0.15066654300847077,-0.07081947250608223
5,1,3.0,0,layer_class,interlayer_A,0.34131791207505247,0.32823219234993406,-0.013085719725118405
5,1,3.0,0,layer_class,target_cap_F_g,0.11740117097327013,0.07240917596469965,-0.044991995008570485
5,1,3.0,0,layer_class,h2so4_M,0.3391137322883743,0.3542128132859483,0.015099080997573955
5,1,3.0,0,layer_class,composition_family,0.12256276059205246,0.06307261799339538,-0.05949014259865708
5,1,3.0,0,layer_class,scan_rate_mV_s,0.221486015514553,0.15066654300847077,-0.07081947250608223
5,1,3.0,0,layer_class,layer_class,1.0,1.0,0.0
5,1,5.25,0,interlayer_A,interlayer_A,1.0,1.0,0.0
5,1,5.25,0,interlayer_A,target_cap_F_g,0.27162041854379976,0.17121203002039895,-0.10040838852340081
5,1,5.25,0,interlayer_A,h2so4_M,0.4458844818199316,0.4148728453217586,-0.031011636498173012
5,1,5.25,0,interlayer_A,composition_family,0.2929209645798361,0.147748265847509,-0.14517269873232708
5,1,5.25,0,interlayer_A,scan_rate_mV_s,0.25460803793772485,0.26820060364871895,0.013592565710994098
5,1,5.25,0,interlayer_A,layer_class,0.34131791207505247,0.26748342892205496,-0.07383448315299751
5,1,5.25,0,target_cap_F_g,interlayer_A,0.27162041854379976,0.17121203002039895,-0.10040838852340081
5,1,5.25,0,target_cap_F_g,target_cap_F_g,1.0,1.0,0.0
5,1,5.25,0,target_cap_F_g,h2so4_M,0.3067324457878163,0.07933604017048966,-0.2273964056173266
5,1,5.25,0,target_cap_F_g,composition_family,0.23646189723653682,0.06396718949646847,-0.17249470774006836
5,1,5.25,0,target_cap_F_g,scan_rate_mV_s,0.25340150821283297,0.0560501634418129,-0.19735134477102007
5,1,5.25,0,target_cap_F_g,layer_class,0.11740117097327013,0.05439270515591473,-0.06300846581735539
5,1,5.25,0,h2so4_M,interlayer_A,0.4458844818199316,0.4148728453217586,-0.031011636498173012
5,1,5.25,0,h2so4_M,target_cap_F_g,0.3067324457878163,0.07933604017048966,-0.2273964056173266
5,1,5.25,0,h2so4_M,h2so4_M,1.0,1.0,0.0
5,1,5.25,0,h2so4_M,composition_family,0.30625207019535255,0.15957419653112578,-0.14667787366422677
5,1,5.25,0,h2so4_M,scan_rate_mV_s,0.3326126072561134,0.2316099421390896,-0.10100266511702383
5,1,5.25,0,h2so4_M,layer_class,0.3391137322883743,0.2955624286078672,-0.043551303680507136
5,1,5.25,0,composition_family,interlayer_A,0.2929209645798361,0.147748265847509,-0.14517269873232708
5,1,5.25,0,composition_family,target_cap_F_g,0.23646189723653682,0.06396718949646847,-0.17249470774006836
5,1,5.25,0,composition_family,h2so4_M,0.30625207019535255,0.15957419653112578,-0.14667787366422677
5,1,5.25,0,composition_family,composition_family,1.0,1.0,0.0
5,1,5.25,0,composition_family,scan_rate_mV_s,0.20477053544766435,0.0648589932018334,-0.13991154224583097
5,1,5.25,0,composition_family,layer_class,0.12256276059205246,0.04608081715706553,-0.07648194343498693
5,1,5.25,0,scan_rate_mV_s,interlayer_A,0.25460803793772485,0.26820060364871895,0.013592565710994098
5,1,5.25,0,scan_rate_mV_s,target_cap_F_g,0.25340150821283297,0.0560501634418129,-0.19735134477102007
5,1,5.25,0,scan_rate_mV_s,h2so4_M,0.3326126072561134,0.2316099421390896,-0.10100266511702383
5,1,5.25,0,scan_rate_mV_s,composition_family,0.20477053544766435,0.0648589932018334,-0.13991154224583097
5,1,5.25,0,scan_rate_mV_s,scan_rate_mV_s,1.0,1.0,0.0
5,1,5.25,0,scan_rate_mV_s,layer_class,0.221486015514553,0.14817101760328732,-0.07331499791126567
5,1,5.25,0,layer_class,interlayer_A,0.34131791207505247,0.26748342892205496,-0.07383448315299751
5,1,5.25,0,layer_class,target_cap_F_g,0.11740117097327013,0.05439270515591473,-0.06300846581735539
5,1,5.25,0,layer_class,h2so4_M,0.3391137322883743,0.2955624286078672,-0.043551303680507136
5,1,5.25,0,layer_class,composition_family,0.12256276059205246,0.04608081715706553,-0.07648194343498693
5,1,5.25,0,layer_class,scan_rate_mV_s,0.221486015514553,0.14817101760328732,-0.07331499791126567
5,1,5.25,0,layer_class,layer_class,1.0,1.0,0.0
5,2,1.0,0,interlayer_A,interlayer_A,1.0,1.0,0.0
5,2,1.0,0,interlayer_A,target_cap_F_g,0.27162041854379976,0.3440961524573429,0.07247573391354312
5,2,1.0,0,interlayer_A,h2so4_M,0.4458844818199316,0.3877046144098282,-0.05817986741010345
5,2,1.0,0,interlayer_A,composition_family,0.2929209645798361,0.2982140969276502,0.0052931323478141445
5,2,1.0,0,interlayer_A,scan_rate_mV_s,0.25460803793772485,0.4042913574511017,0.14968331951337682
5,2,1.0,0,interlayer_A,layer_class,0.34131791207505247,0.3608985287767997,0.01958061670174721
5,2,1.0,0,target_cap_F_g,interlayer_A,0.27162041854379976,0.3440961524573429,0.07247573391354312
5,2,1.0,0,target_cap_F_g,target_cap_F_g,1.0,1.0,0.0
5,2,1.0,0,target_cap_F_g,h2so4_M,0.3067324457878163,0.2565916715956118,-0.050140774192204474
5,2,1.0,0,target_cap_F_g,composition_family,0.23646189723653682,0.2982890754714729,0.06182717823493605
5,2,1.0,0,target_cap_F_g,scan_rate_mV_s,0.25340150821283297,0.22691096382951031,-0.026490544383322656
5,2,1.0,0,target_cap_F_g,layer_class,0.11740117097327013,0.09600468843853473,-0.021396482534735403
5,2,1.0,0,h2so4_M,interlayer_A,0.4458844818199316,0.3877046144098282,-0.05817986741010345
5,2,1.0,0,h2so4_M,target_cap_F_g,0.3067324457878163,0.2565916715956118,-0.050140774192204474
5,2,1.0,0,h2so4_M,h2so4_M,1.0,1.0,0.0
5,2,1.0,0,h2so4_M,composition_family,0.30625207019535255,0.18148795845063206,-0.12476411174472049
5,2,1.0,0,h2so4_M,scan_rate_mV_s,0.3326126072561134,0.4175962371737724,0.08498362991765901
5,2,1.0,0,h2so4_M,layer_class,0.3391137322883743,0.3533417292811685,0.0142279969927942
5,2,1.0,0,composition_family,interlayer_A,0.2929209645798361,0.2982140969276502,0.0052931323478141445
5,2,1.0,0,composition_family,target_cap_F_g,0.23646189723653682,0.2982890754714729,0.06182717823493605
5,2,1.0,0,composition_family,h2so4_M,0.30625207019535255,0.18148795845063206,-0.12476411174472049
5,2,1.0,0,composition_family,composition_family,1.0,1.0,0.0
5,2,1.0,0,composition_family,scan_rate_mV_s,0.20477053544766435,0.30192209953026367,0.09715156408259931
5,2,1.0,0,composition_family,layer_class,0.12256276059205246,0.12862976702448667,0.006067006432434213
5,2,1.0,0,scan_rate_mV_s,interlayer_A,0.25460803793772485,0.4042913574511017,0.14968331951337682
5,2,1.0,0,scan_rate_mV_s,target_cap_F_g,0.25340150821283297,0.22691096382951031,-0.026490544383322656
5,2,1.0,0,scan_rate_mV_s,h2so4_M,0.3326126072561134,0.4175962371737724,0.08498362991765901
5,2,1.0,0,scan_rate_mV_s,composition_family,0.20477053544766435,0.30192209953026367,0.09715156408259931
5,2,1.0,0,scan_rate_mV_s,scan_rate_mV_s,1.0,1.0,0.0
5,2,1.0,0,scan_rate_mV_s,layer_class,0.221486015514553,0.18907039979955695,-0.03241561571499604
5,2,1.0,0,layer_class,interlayer_A,0.34131791207505247,0.3608985287767997,0.01958061670174721
5,2,1.0,0,layer_class,target_cap_F_g,0.11740117097327013,0.09600468843853473,-0.021396482534735403
5,2,1.0,0,layer_class,h2so4_M,0.3391137322883743,0.3533417292811685,0.0142279969927942
5,2,1.0,0,layer_class,composition_family,0.12256276059205246,0.12862976702448667,0.006067006432434213
5,2,1.0,0,layer_class,scan_rate_mV_s,0.221486015514553,0.18907039979955695,-0.03241561571499604
5,2,1.0,0,layer_class,layer_class,1.0,1.0,0.0
5,2,1.0,1,interlayer_A,interlayer_A,1.0,1.0,0.0
5,2,1.0,1,interlayer_A,target_cap_F_g,0.27162041854379976,0.20721410433538903,-0.06440631420841073
5,2,1.0,1,interlayer_A,h2so4_M,0.4458844818199316,0.44665813825574197,0.0007736564358103437
5,2,1.0,1,interlayer_A,composition_family,0.2929209645798361,0.328569213326074,0.035648248746237954
5,2,1.0,1,interlayer_A,scan_rate_mV_s,0.25460803793772485,0.3237522423329458,0.06914420439522095
5,2,1.0,1,interlayer_A,layer_class,0.34131791207505247,0.3244951303557111,-0.016822781719341373
5,2,1.0,1,target_cap_F_g,interlayer_A,0.27162041854379976,0.20721410433538903,-0.06440631420841073
5,2,1.0,1,target_cap_F_g,target_cap_F_g,1.0,1.0,0.0
5,2,1.0,1,target_cap_F_g,h2so4_M,0.3067324457878163,0.2490350996613428,-0.05769734612647348
5,2,1.0,1,target_cap_F_g,composition_family,0.23646189723653682,0.2924721791073024,0.056010281870765566
5,2,1.0,1,target_cap_F_g,scan_rate_mV_s,0.25340150821283297,0.18322173833391994,-0.07017976987891303
5,2,1.0,1,target_cap_F_g,layer_class,0.11740117097327013,0.35681466679481955,0.23941349582154942
5,2,1.0,1,h2so4_M,interlayer_A,0.4458844818199316,0.44665813825574197,0.0007736564358103437
5,2,1.0,1,h2so4_M,target_cap_F_g,0.3067324457878163,0.2490350996613428,-0.05769734612647348
5,2,1.0,1,h2so4_M,h2so4_M,1.0,1.0,0.0
5,2,1.0,1,h2so4_M,composition_family,0.30625207019535255,0.20148820596793446,-0.1047638642274181
5,2,1.0,1,h2so4_M,scan_rate_mV_s,0.3326126072561134,0.32075069276767454,-0.011861914488438874
5,2,1.0,1,h2so4_M,layer_class,0.3391137322883743,0.29870234973835885,-0.04041138255001547
5,2,1.0,1,composition_family,interlayer_A,0.2929209645798361,0.328569213326074,0.035648248746237954
5,2,1.0,1,composition_family,target_cap_F_g,0.23646189723653682,0.2924721791073024,0.056010281870765566
5,2,1.0,1,composition_family,h2so4_M,0.30625207019535255,0.20148820596793446,-0.1047638642274181
5,2,1.0,1,composition_family,composition_family,1.0,1.0,0.0
5,2,1.0,1,composition_family,scan_rate_mV_s,0.20477053544766435,0.259965841773436,0.05519530632577166
5,2,1.0,1,composition_family,layer_class,0.12256276059205246,0.2147974763473361,0.09223471575528364
5,2,1.0,1,scan_rate_mV_s,interlayer_A,0.25460803793772485,0.3237522423329458,0.06914420439522095
5,2,1.0,1,scan_rate_mV_s,target_cap_F_g,0.25340150821283297,0.18322173833391994,-0.07017976987891303
5,2,1.0,1,scan_rate_mV_s,h2so4_M,0.3326126072561134,0.32075069276767454,-0.011861914488438874
5,2,1.0,1,scan_rate_mV_s,composition_family,0.20477053544766435,0.259965841773436,0.05519530632577166
5,2,1.0,1,scan_rate_mV_s,scan_rate_mV_s,1.0,1.0,0.0
5,2,1.0,1,scan_rate_mV_s,layer_class,0.221486015514553,0.12618220430800167,-0.09530381120655132
5,2,1.0,1,layer_class,interlayer_A,0.34131791207505247,0.3244951303557111,-0.016822781719341373
5,2,1.0,1,layer_class,target_cap_F_g,0.11740117097327013,0.35681466679481955,0.23941349582154942
5,2,1.0,1,layer_class,h2so4_M,0.3391137322883743,0.29870234973835885,-0.04041138255001547
5,2,1.0,1,layer_class,composition_family,0.12256276059205246,0.2147974763473361,0.09223471575528364
5,2,1.0,1,layer_class,scan_rate_mV_s,0.221486015514553,0.12618220430800167,-0.09530381120655132
5,2,1.0,1,layer_class,layer_class,1.0,1.0,0.0
5,2,1.0,2,interlayer_A,interlayer_A,1.0,1.0,0.0
5,2,1.0,2,interlayer_A,target_cap_F_g,0.27162041854379976,0.2988353488097451,0.027214930265945347
5,2,1.0,2,interlayer_A,h2so4_M,0.4458844818199316,0.4212110895935857,-0.024673392226345903
5,2,1.0,2,interlayer_A,composition_family,0.2929209645798361,0.20291940208134784,-0.09000156249848823
5,2,1.0,2,interlayer_A,scan_rate_mV_s,0.25460803793772485,0.34698880282391825,0.0923807648861934
5,2,1.0,2,interlayer_A,layer_class,0.34131791207505247,0.38697777872443284,0.045659866649380376
5,2,1.0,2,target_cap_F_g,interlayer_A,0.27162041854379976,0.2988353488097451,0.027214930265945347
5,2,1.0,2,target_cap_F_g,target_cap_F_g,1.0,1.0,0.0
5,2,1.0,2,target_cap_F_g,h2so4_M,0.3067324457878163,0.28405624750368635,-0.022676198284129923
5,2,1.0,2,target_cap_F_g,composition_family,0.23646189723653682,0.28855068403917356,0.05208878680263673
5,2,1.0,2,target_cap_F_g,scan_rate_mV_s,0.25340150821283297,0.2546111549717644,0.0012096467589314264
5,2,1.0,2,target_cap_F_g,layer_class,0.11740117097327013,0.21742206381298956,0.10002089283971943
5,2,1.0,2,h2so4_M,interlayer_A,0.4458844818199316,0.4212110895935857,-0.024673392226345903
5,2,1.0,2,h2so4_M,target_cap_F_g,0.3067324457878163,0.28405624750368635,-0.022676198284129923
5,2,1.0,2,h2so4_M,h2so4_M,1.0,1.0,0.0
5,2,1.0,2,h2so4_M,composition_family,0.30625207019535255,0.21256920250281508,-0.09368286769253747
5,2,1.0,2,h2so4_M,scan_rate_mV_s,0.3326126072561134,0.33295259834816376,0.0003399910920503513
5,2,1.0,2,h2so4_M,layer_class,0.3391137322883743,0.38900680001877913,0.049893067730404805
5,2,1.0,2,composition_family,interlayer_A,0.2929209645798361,0.20291940208134784,-0.09000156249848823
5,2,1.0,2,composition_family,target_cap_F_g,0.23646189723653682,0.28855068403917356,0.05208878680263673
5,2,1.0,2,composition_family,h2so4_M,0.30625207019535255,0.21256920250281508,-0.09368286769253747
5,2,1.0,2,composition_family,composition_family,1.0,1.0,0.0
5,2,1.0,2,composition_family,scan_rate_mV_s,0.20477053544766435,0.1625325992135431,-0.042237936234121254
5,2,1.0,2,composition_family,layer_class,0.12256276059205246,0.16798540352950847,0.045422642937456015
5,2,1.0,2,scan_rate_mV_s,interlayer_A,0.25460803793772485,0.34698880282391825,0.0923807648861934
5,2,1.0,2,scan_rate_mV_s,target_cap_F_g,0.25340150821283297,0.2546111549717644,0.0012096467589314264
5,2,1.0,2,scan_rate_mV_s,h2so4_M,0.3326126072561134,0.33295259834816376,0.0003399910920503513
5,2,1.0,2,scan_rate_mV_s,composition_family,0.20477053544766435,0.1625325992135431,-0.042237936234121254
5,2,1.0,2,scan_rate_mV_s,scan_rate_mV_s,1.0,1.0,0.0
5,2,1.0,2,scan_rate_mV_s,layer_class,0.221486015514553,0.24278991587851895,0.021303900363965955
5,2,1.0,2,layer_class,interlayer_A,0.34131791207505247,0.38697777872443284,0.045659866649380376
5,2,1.0,2,layer_class,target_cap_F_g,0.11740117097327013,0.21742206381298956,0.10002089283971943
5,2,1.0,2,layer_class,h2so4_M,0.3391137322883743,0.38900680001877913,0.049893067730404805
5,2,1.0,2,layer_class,composition_family,0.12256276059205246,0.16798540352950847,0.045422642937456015
5,2,1.0,2,layer_class,scan_rate_mV_s,0.221486015514553,0.24278991587851895,0.021303900363965955
5,2,1.0,2,layer_class,layer_class,1.0,1.0,0.0
5,2,3.0,0,interlayer_A,interlayer_A,1.0,1.0,0.0
5,2,3.0,0,interlayer_A,target_cap_F_g,0.27162041854379976,0.22436186182679038,-0.047258556717009376
5,2,3.0,0,interlayer_A,h2so4_M,0.4458844818199316,0.4131096440995865,-0.03277483772034512
5,2,3.0,0,interlayer_A,composition_family,0.2929209645798361,0.178570090142855,-0.11435087443698108
5,2,3.0,0,interlayer_A,scan_rate_mV_s,0.25460803793772485,0.22404032911754024,-0.030567708820184614
5,2,3.0,0,interlayer_A,layer_class,0.34131791207505247,0.31736493971489443,-0.02395297236015803
5,2,3.0,0,target_cap_F_g,interlayer_A,0.27162041854379976,0.22436186182679038,-0.047258556717009376
5,2,3.0,0,target_cap_F_g,target_cap_F_g,1.0,1.0,0.0
5,2,3.0,0,target_cap_F_g,h2so4_M,0.3067324457878163,0.2472185532527252,-0.05951389253509107
5,2,3.0,0,target_cap_F_g,composition_family,0.23646189723653682,0.24051398074284405,0.00405208350630723
5,2,3.0,0,target_cap_F_g,scan_rate_mV_s,0.25340150821283297,0.13561912170586043,-0.11778238650697254
5,2,3.0,0,target_cap_F_g,layer_class,0.11740117097327013,0.12039475746697743,0.0029935864937073037
5,2,3.0,0,h2so4_M,interlayer_A,0.4458844818199316,0.4131096440995865,-0.03277483772034512
5,2,3.0,0,h2so4_M,target_cap_F_g,0.3067324457878163,0.2472185532527252,-0.05951389253509107
5,2,3.0,0,h2so4_M,h2so4_M,1.0,1.0,0.0
5,2,3.0,0,h2so4_M,composition_family,0.30625207019535255,0.10164947870793091,-0.20460259148742166
5,2,3.0,0,h2so4_M,scan_rate_mV_s,0.3326126072561134,0.29718817756052585,-0.03542442969558757
5,2,3.0,0,h2so4_M,layer_class,0.3391137322883743,0.3208849361532365,-0.018228796135137837
5,2,3.0,0,composition_family,interlayer_A,0.2929209645798361,0.178570090142855,-0.11435087443698108
5,2,3.0,0,composition_family,target_cap_F_g,0.23646189723653682,0.24051398074284405,0.00405208350630723
5,2,3.0,0,composition_family,h2so4_M,0.30625207019535255,0.10164947870793091,-0.20460259148742166
5,2,3.0,0,composition_family,composition_family,1.0,1.0,0.0
5,2,3.0,0,composition_family,scan_rate_mV_s,0.20477053544766435,0.21004270474415404,0.005272169296489687
5,2,3.0,0,composition_family,layer_class,0.12256276059205246,0.1424808783002981,0.019918117708245642
5,2,3.0,0,scan_rate_mV_s,interlayer_A,0.25460803793772485,0.22404032911754024,-0.030567708820184614
5,2,3.0,0,scan_rate_mV_s,target_cap_F_g,0.25340150821283297,0.13561912170586043,-0.11778238650697254
5,2,3.0,0,scan_rate_mV_s,h2so4_M,0.3326126072561134,0.29718817756052585,-0.03542442969558757
5,2,3.0,0,scan_rate_mV_s,composition_family,0.20477053544766435,0.21004270474415404,0.005272169296489687
5,2,3.0,0,scan_rate_mV_s,scan_rate_mV_s,1.0,1.0,0.0
5,2,3.0,0,scan_rate_mV_s,layer_class,0.221486015514553,0.20774499674431282,-0.013741018770240171
5,2,3.0,0,layer_class,interlayer_A,0.34131791207505247,0.31736493971489443,-0.02395297236015803
5,2,3.0,0,layer_class,target_cap_F_g,0.11740117097327013,0.12039475746697743,0.0029935864937073037
5,2,3.0,0,layer_class,h2so4_M,0.3391137322883743,0.3208849361532365,-0.018228796135137837
5,2,3.0,0,layer_class,composition_family,0.12256276059205246,0.1424808783002981,0.019918117708245642
5,2,3.0,0,layer_class,scan_rate_mV_s,0.221486015514553,0.20774499674431282,-0.013741018770240171
5,2,3.0,0,layer_class,layer_class,1.0,1.0,0.0
5,2,3.0,1,interlayer_A,interlayer_A,1.0,1.0,0.0
5,2,3.0,1,interlayer_A,target_cap_F_g,0.27162041854379976,0.19738810713840327,-0.07423231140539649
5,2,3.0,1,interlayer_A,h2so4_M,0.4458844818199316,0.3826236015804072,-0.06326088023952442
5,2,3.0,1,interlayer_A,composition_family,0.2929209645798361,0.1775787973429514,-0.11534216723688467
5,2,3.0,1,interlayer_A,scan_rate_mV_s,0.25460803793772485,0.28235420957075,0.027746171633025174
5,2,3.0,1,interlayer_A,layer_class,0.34131791207505247,0.2633967299309477,-0.07792118214410476
5,2,3.0,1,target_cap_F_g,interlayer_A,0.27162041854379976,0.19738810713840327,-0.07423231140539649
5,2,3.0,1,target_cap_F_g,target_cap_F_g,1.0,1.0,0.0
5,2,3.0,1,target_cap_F_g,h2so4_M,0.3067324457878163,0.21381170390543128,-0.092920741882385
5,2,3.0,1,target_cap_F_g,composition_family,0.23646189723653682,0.1963758392439053,-0.04008605799263151
5,2,3.0,1,target_cap_F_g,scan_rate_mV_s,0.25340150821283297,0.1474364668256081,-0.10596504138722487
5,2,3.0,1,target_cap_F_g,layer_class,0.11740117097327013,0.1127308086010009,-0.004670362372269227
5,2,3.0,1,h2so4_M,interlayer_A,0.4458844818199316,0.3826236015804072,-0.06326088023952442
5,2,3.0,1,h2so4_M,target_cap_F_g,0.3067324457878163,0.21381170390543128,-0.092920741882385
5,2,3.0,1,h2so4_M,h2so4_M,1.0,1.0,0.0
5,2,3.0,1,h2so4_M,composition_family,0.30625207019535255,0.11226070609353841,-0.19399136410181414
5,2,3.0,1,h2so4_M,scan_rate_mV_s,0.3326126072561134,0.3567075460428112,0.024094938786697773
5,2,3.0,1,h2so4_M,layer_class,0.3391137322883743,0.31407107450533894,-0.025042657783035382
5,2,3.0,1,composition_family,interlayer_A,0.2929209645798361,0.1775787973429514,-0.11534216723688467
5,2,3.0,1,composition_family,target_cap_F_g,0.23646189723653682,0.1963758392439053,-0.04008605799263151
5,2,3.0,1,composition_family,h2so4_M,0.30625207019535255,0.11226070609353841,-0.19399136410181414
5,2,3.0,1,composition_family,composition_family,1.0,1.0,0.0
5,2,3.0,1,composition_family,scan_rate_mV_s,0.20477053544766435,0.08509420058269414,-0.11967633486497022
5,2,3.0,1,composition_family,layer_class,0.12256276059205246,0.10370452996762353,-0.01885823062442893
5,2,3.0,1,scan_rate_mV_s,interlayer_A,0.25460803793772485,0.28235420957075,0.027746171633025174
5,2,3.0,1,scan_rate_mV_s,target_cap_F_g,0.25340150821283297,0.1474364668256081,-0.10596504138722487
5,2,3.0,1,scan_rate_mV_s,h2so4_M,0.3326126072561134,0.3567075460428112,0.024094938786697773
5,2,3.0,1,scan_rate_mV_s,composition_family,0.20477053544766435,0.08509420058269414,-0.11967633486497022
5,2,3.0,1,scan_rate_mV_s,scan_rate_mV_s,1.0,1.0,0.0
5,2,3.0,1,scan_rate_mV_s,layer_class,0.221486015514553,0.24152163716044664,0.020035621645893648
5,2,3.0,1,layer_class,interlayer_A,0.34131791207505247,0.2633967299309477,-0.07792118214410476
5,2,3.0,1,layer_class,target_cap_F_g,0.11740117097327013,0.1127308086010009,-0.004670362372269227
5,2,3.0,1,layer_class,h2so4_M,0.3391137322883743,0.31407107450533894,-0.025042657783035382
5,2,3.0,1,layer_class,composition_family,0.12256276059205246,0.10370452996762353,-0.01885823062442893
5,2,3.0,1,layer_class,scan_rate_mV_s,0.221486015514553,0.24152163716044664,0.020035621645893648
5,2,3.0,1,layer_class,layer_class,1.0,1.0,0.0
5,2,3.0,2,interlayer_A,interlayer_A,1.0,1.0,0.0
5,2,3.0,2,interlayer_A,target_cap_F_g,0.27162041854379976,0.19726329572774948,-0.07435712281605028
5,2,3.0,2,interlayer_A,h2so4_M,0.4458844818199316,0.42507411026760905,-0.02081037155232257
5,2,3.0,2,interlayer_A,composition_family,0.2929209645798361,0.24299132382743488,-0.049929640752401194
5,2,3.0,2,interlayer_A,scan_rate_mV_s,0.25460803793772485,0.3153531069848429,0.06074506904711807
5,2,3.0,2,interlayer_A,layer_class,0.34131791207505247,0.2564569510466347,-0.08486096102841778
5,2,3.0,2,target_cap_F_g,interlayer_A,0.27162041854379976,0.19726329572774948,-0.07435712281605028
5,2,3.0,2,target_cap_F_g,target_cap_F_g,1.0,1.0,0.0
5,2,3.0,2,target_cap_F_g,h2so4_M,0.3067324457878163,0.24349775329243833,-0.06323469249537794
5,2,3.0,2,target_cap_F_g,composition_family,0.23646189723653682,0.16674791431425223,-0.06971398292228459
5,2,3.0,2,target_cap_F_g,scan_rate_mV_s,0.25340150821283297,0.1530952750604939,-0.10030623315233908
5,2,3.0,2,target_cap_F_g,layer_class,0.11740117097327013,0.1629022434101778,0.04550107243690768
5,2,3.0,2,h2so4_M,interlayer_A,0.4458844818199316,0.42507411026760905,-0.02081037155232257
5,2,3.0,2,h2so4_M,target_cap_F_g,0.3067324457878163,0.24349775329243833,-0.06323469249537794
5,2,3.0,2,h2so4_M,h2so4_M,1.0,1.0,0.0
5,2,3.0,2,h2so4_M,composition_family,0.30625207019535255,0.1716834435147405,-0.13456862668061206
5,2,3.0,2,h2so4_M,scan_rate_mV_s,0.3326126072561134,0.2785509338235656,-0.05406167343254781
5,2,3.0,2,h2so4_M,layer_class,0.3391137322883743,0.24540817915429353,-0.0937055531340808
5,2,3.0,2,composition_family,interlayer_A,0.2929209645798361,0.24299132382743488,-0.049929640752401194
5,2,3.0,2,composition_family,target_cap_F_g,0.23646189723653682,0.16674791431425223,-0.06971398292228459
5,2,3.0,2,composition_family,h2so4_M,0.30625207019535255,0.1716834435147405,-0.13456862668061206
5,2,3.0,2,composition_family,composition_family,1.0,1.0,0.0
5,2,3.0,2,composition_family,scan_rate_mV_s,0.20477053544766435,0.12182517484763157,-0.08294536060003278
5,2,3.0,2,composition_family,layer_class,0.12256276059205246,0.12097620388457735,-0.0015865567074751091
5,2,3.0,2,scan_rate_mV_s,interlayer_A,0.25460803793772485,0.3153531069848429,0.06074506904711807
5,2,3.0,2,scan_rate_mV_s,target_cap_F_g,0.25340150821283297,0.1530952750604939,-0.10030623315233908
5,2,3.0,2,scan_rate_mV_s,h2so4_M,0.3326126072561134,0.2785509338235656,-0.05406167343254781
5,2,3.0,2,scan_rate_mV_s,composition_family,0.20477053544766435,0.12182517484763157,-0.08294536060003278
5,2,3.0,2,scan_rate_mV_s,scan_rate_mV_s,1.0,1.0,0.0
5,2,3.0,2,scan_rate_mV_s,layer_class,0.221486015514553,0.1524797946582588,-0.06900622085629418
5,2,3.0,2,layer_class,interlayer_A,0.34131791207505247,0.2564569510466347,-0.08486096102841778
5,2,3.0,2,layer_class,target_cap_F_g,0.11740117097327013,0.1629022434101778,0.04550107243690768
5,2,3.0,2,layer_class,h2so4_M,0.3391137322883743,0.24540817915429353,-0.0937055531340808
5,2,3.0,2,layer_class,composition_family,0.12256276059205246,0.12097620388457735,-0.0015865567074751091
5,2,3.0,2,layer_class,scan_rate_mV_s,0.221486015514553,0.1524797946582588,-0.06900622085629418
5,2,3.0,2,layer_class,layer_class,1.0,1.0,0.0
5,2,5.25,0,interlayer_A,interlayer_A,1.0,1.0,0.0
5,2,5.25,0,interlayer_A,target_cap_F_g,0.27162041854379976,0.22954713215045133,-0.042073286393348425
5,2,5.25,0,interlayer_A,h2so4_M,0.4458844818199316,0.44248981700015105,-0.0033946648197805684
5,2,5.25,0,interlayer_A,composition_family,0.2929209645798361,0.16564679152773065,-0.12727417305210542
5,2,5.25,0,interlayer_A,scan_rate_mV_s,0.25460803793772485,0.2689127821591189,0.01430474422139405
5,2,5.25,0,interlayer_A,layer_class,0.34131791207505247,0.31396001197396123,-0.027357900101091237
5,2,5.25,0,target_cap_F_g,interlayer_A,0.27162041854379976,0.22954713215045133,-0.042073286393348425
5,2,5.25,0,target_cap_F_g,target_cap_F_g,1.0,1.0,0.0
5,2,5.25,0,target_cap_F_g,h2so4_M,0.3067324457878163,0.21072201861271803,-0.09601042717509825
5,2,5.25,0,target_cap_F_g,composition_family,0.23646189723653682,0.16422146781271998,-0.07224042942381684
5,2,5.25,0,target_cap_F_g,scan_rate_mV_s,0.25340150821283297,0.14349540264964977,-0.1099061055631832
5,2,5.25,0,target_cap_F_g,layer_class,0.11740117097327013,0.12109859922335761,0.003697428250087481
5,2,5.25,0,h2so4_M,interlayer_A,0.4458844818199316,0.44248981700015105,-0.0033946648197805684
5,2,5.25,0,h2so4_M,target_cap_F_g,0.3067324457878163,0.21072201861271803,-0.09601042717509825
5,2,5.25,0,h2so4_M,h2so4_M,1.0,1.0,0.0
5,2,5.25,0,h2so4_M,composition_family,0.30625207019535255,0.18277990355508042,-0.12347216664027214
5,2,5.25,0,h2so4_M,scan_rate_mV_s,0.3326126072561134,0.34909936016405824,0.016486752907944824
5,2,5.25,0,h2so4_M,layer_class,0.3391137322883743,0.34992639680257387,0.010812664514199544
5,2,5.25,0,composition_family,interlayer_A,0.2929209645798361,0.16564679152773065,-0.12727417305210542
5,2,5.25,0,composition_family,target_cap_F_g,0.23646189723653682,0.16422146781271998,-0.07224042942381684
5,2,5.25,0,composition_family,h2so4_M,0.30625207019535255,0.18277990355508042,-0.12347216664027214
5,2,5.25,0,composition_family,composition_family,1.0,1.0,0.0
5,2,5.25,0,composition_family,scan_rate_mV_s,0.20477053544766435,0.21481389910006535,0.010043363652400994
5,2,5.25,0,composition_family,layer_class,0.12256276059205246,0.14206540603036805,0.01950264543831559
5,2,5.25,0,scan_rate_mV_s,interlayer_A,0.25460803793772485,0.2689127821591189,0.01430474422139405
5,2,5.25,0,scan_rate_mV_s,target_cap_F_g,0.25340150821283297,0.14349540264964977,-0.1099061055631832
5,2,5.25,0,scan_rate_mV_s,h2so4_M,0.3326126072561134,0.34909936016405824,0.016486752907944824
5,2,5.25,0,scan_rate_mV_s,composition_family,0.20477053544766435,0.21481389910006535,0.010043363652400994
5,2,5.25,0,scan_rate_mV_s,scan_rate_mV_s,1.0,1.0,0.0
5,2,5.25,0,scan_rate_mV_s,layer_class,0.221486015514553,0.19665908888802935,-0.024826926626523638
5,2,5.25,0,layer_class,interlayer_A,0.34131791207505247,0.31396001197396123,-0.027357900101091237
5,2,5.25,0,layer_class,target_cap_F_g,0.11740117097327013,0.12109859922335761,0.003697428250087481
5,2,5.25,0,layer_class,h2so4_M,0.3391137322883743,0.34992639680257387,0.010812664514199544
5,2,5.25,0,layer_class,composition_family,0.12256276059205246,0.14206540603036805,0.01950264543831559
5,2,5.25,0,layer_class,scan_rate_mV_s,0.221486015514553,0.19665908888802935,-0.024826926626523638
5,2,5.25,0,layer_class,layer_class,1.0,1.0,0.0
5,2,5.25,1,interlayer_A,interlayer_A,1.0,1.0,0.0
5,2,5.25,1,interlayer_A,target_cap_F_g,0.27162041854379976,0.18698918188751595,-0.0846312366562838
5,2,5.25,1,interlayer_A,h2so4_M,0.4458844818199316,0.4219596373957833,-0.023924844424148328
5,2,5.25,1,interlayer_A,composition_family,0.2929209645798361,0.15683772614345182,-0.13608323843638426
5,2,5.25,1,interlayer_A,scan_rate_mV_s,0.25460803793772485,0.23221125915819094,-0.022396778779533916
5,2,5.25,1,interlayer_A,layer_class,0.34131791207505247,0.3432538146651504,0.0019359025900979598
5,2,5.25,1,target_cap_F_g,interlayer_A,0.27162041854379976,0.18698918188751595,-0.0846312366562838
5,2,5.25,1,target_cap_F_g,target_cap_F_g,1.0,1.0,0.0
5,2,5.25,1,target_cap_F_g,h2so4_M,0.3067324457878163,0.2032800276923681,-0.10345241809544817
5,2,5.25,1,target_cap_F_g,composition_family,0.23646189723653682,0.16669056004174665,-0.06977133719479017
5,2,5.25,1,target_cap_F_g,scan_rate_mV_s,0.25340150821283297,0.10645544616177474,-0.14694606205105823
5,2,5.25,1,target_cap_F_g,layer_class,0.11740117097327013,0.12193236470239537,0.004531193729125235
5,2,5.25,1,h2so4_M,interlayer_A,0.4458844818199316,0.4219596373957833,-0.023924844424148328
5,2,5.25,1,h2so4_M,target_cap_F_g,0.3067324457878163,0.2032800276923681,-0.10345241809544817
5,2,5.25,1,h2so4_M,h2so4_M,1.0,1.0,0.0
5,2,5.25,1,h2so4_M,composition_family,0.30625207019535255,0.1493720360718382,-0.15688003412351437
5,2,5.25,1,h2so4_M,scan_rate_mV_s,0.3326126072561134,0.33439605797680105,0.0017834507206876404
5,2,5.25,1,h2so4_M,layer_class,0.3391137322883743,0.379087646733517,0.0399739144451427
5,2,5.25,1,composition_family,interlayer_A,0.2929209645798361,0.15683772614345182,-0.13608323843638426
5,2,5.25,1,composition_family,target_cap_F_g,0.23646189723653682,0.16669056004174665,-0.06977133719479017
5,2,5.25,1,composition_family,h2so4_M,0.30625207019535255,0.1493720360718382,-0.15688003412351437
5,2,5.25,1,composition_family,composition_family,1.0,1.0,0.0
5,2,5.25,1,composition_family,scan_rate_mV_s,0.20477053544766435,0.11331670230167837,-0.09145383314598599
5,2,5.25,1,composition_family,layer_class,0.12256276059205246,0.07386679576903128,-0.04869596482302117
5,2,5.25,1,scan_rate_mV_s,interlayer_A,0.25460803793772485,0.23221125915819094,-0.022396778779533916
5,2,5.25,1,scan_rate_mV_s,target_cap_F_g,0.25340150821283297,0.10645544616177474,-0.14694606205105823
5,2,5.25,1,scan_rate_mV_s,h2so4_M,0.3326126072561134,0.33439605797680105,0.0017834507206876404
5,2,5.25,1,scan_rate_mV_s,composition_family,0.20477053544766435,0.11331670230167837,-0.09145383314598599
5,2,5.25,1,scan_rate_mV_s,scan_rate_mV_s,1.0,1.0,0.0
5,2,5.25,1,scan_rate_mV_s,layer_class,0.221486015514553,0.2227315871183435,0.0012455716037905185
5,2,5.25,1,layer_class,interlayer_A,0.34131791207505247,0.3432538146651504,0.0019359025900979598
5,2,5.25,1,layer_class,target_cap_F_g,0.11740117097327013,0.12193236470239537,0.004531193729125235
5,2,5.25,1,layer_class,h2so4_M,0.3391137322883743,0.379087646733517,0.0399739144451427
5,2,5.25,1,layer_class,composition_family,0.12256276059205246,0.07386679576903128,-0.04869596482302117
5,2,5.25,1,layer_class,scan_rate_mV_s,0.221486015514553,0.2227315871183435,0.0012455716037905185
5,2,5.25,1,layer_class,layer_class,1.0,1.0,0.0
5,2,5.25,2,interlayer_A,interlayer_A,1.0,1.0,0.0
5,2,5.25,2,interlayer_A,target_cap_F_g,0.27162041854379976,0.22982785269303077,-0.04179256585076899
5,2,5.25,2,interlayer_A,h2so4_M,0.4458844818199316,0.4238824551002994,-0.022002026719632195
5,2,5.25,2,interlayer_A,composition_family,0.2929209645798361,0.1613532248106526,-0.13156773976918348
5,2,5.25,2,interlayer_A,scan_rate_mV_s,0.25460803793772485,0.29598009993114016,0.04137206199341531
5,2,5.25,2,interlayer_A,layer_class,0.34131791207505247,0.26811966903922674,-0.07319824303582573
5,2,5.25,2,target_cap_F_g,interlayer_A,0.27162041854379976,0.22982785269303077,-0.04179256585076899
5,2,5.25,2,target_cap_F_g,target_cap_F_g,1.0,1.0,0.0
5,2,5.25,2,target_cap_F_g,h2so4_M,0.3067324457878163,0.2522551392069217,-0.05447730658089456
5,2,5.25,2,target_cap_F_g,composition_family,0.23646189723653682,0.1689482168500123,-0.06751368038652453
5,2,5.25,2,target_cap_F_g,scan_rate_mV_s,0.25340150821283297,0.15272124800833126,-0.10068026020450171
5,2,5.25,2,target_cap_F_g,layer_class,0.11740117097327013,0.12391861418545955,0.006517443212189417
5,2,5.25,2,h2so4_M,interlayer_A,0.4458844818199316,0.4238824551002994,-0.022002026719632195
5,2,5.25,2,h2so4_M,target_cap_F_g,0.3067324457878163,0.2522551392069217,-0.05447730658089456
5,2,5.25,2,h2so4_M,h2so4_M,1.0,1.0,0.0
5,2,5.25,2,h2so4_M,composition_family,0.30625207019535255,0.12543890854876322,-0.18081316164658934
5,2,5.25,2,h2so4_M,scan_rate_mV_s,0.3326126072561134,0.3185867564080435,-0.014025850848069898
5,2,5.25,2,h2so4_M,layer_class,0.3391137322883743,0.2963528330741106,-0.04276089921426374
5,2,5.25,2,composition_family,interlayer_A,0.2929209645798361,0.1613532248106526,-0.13156773976918348
5,2,5.25,2,composition_family,target_cap_F_g,0.23646189723653682,0.1689482168500123,-0.06751368038652453
5,2,5.25,2,composition_family,h2so4_M,0.30625207019535255,0.12543890854876322,-0.18081316164658934
5,2,5.25,2,composition_family,composition_family,1.0,1.0,0.0
5,2,5.25,2,composition_family,scan_rate_mV_s,0.20477053544766435,0.07804238898410334,-0.126728146463561
5,2,5.25,2,composition_family,layer_class,0.12256276059205246,0.08369576533930993,-0.03886699525274252
5,2,5.25,2,scan_rate_mV_s,interlayer_A,0.25460803793772485,0.29598009993114016,0.04137206199341531
5,2,5.25,2,scan_rate_mV_s,target_cap_F_g,0.25340150821283297,0.15272124800833126,-0.10068026020450171
5,2,5.25,2,scan_rate_mV_s,h2so4_M,0.3326126072561134,0.3185867564080435,-0.014025850848069898
5,2,5.25,2,scan_rate_mV_s,composition_family,0.20477053544766435,0.07804238898410334,-0.126728146463561
5,2,5.25,2,scan_rate_mV_s,scan_rate_mV_s,1.0,1.0,0.0
5,2,5.25,2,scan_rate_mV_s,layer_class,0.221486015514553,0.2338801362247081,0.01239412071015511
5,2,5.25,2,layer_class,interlayer_A,0.34131791207505247,0.26811966903922674,-0.07319824303582573
5,2,5.25,2,layer_class,target_cap_F_g,0.11740117097327013,0.12391861418545955,0.006517443212189417
5,2,5.25,2,layer_class,h2so4_M,0.3391137322883743,0.2963528330741106,-0.04276089921426374
5,2,5.25,2,layer_class,composition_family,0.12256276059205246,0.08369576533930993,-0.03886699525274252
5,2,5.25,2,layer_class,scan_rate_mV_s,0.221486015514553,0.2338801362247081,0.01239412071015511
5,2,5.25,2,layer_class,layer_class,1.0,1.0,0.0
5,3,1.0,0,interlayer_A,interlayer_A,1.0,1.0,0.0
5,3,1.0,0,interlayer_A,target_cap_F_g,0.27162041854379976,0.4213974461515312,0.14977702760773143
5,3,1.0,0,interlayer_A,h2so4_M,0.4458844818199316,0.49449543468637913,0.04861095286644751
5,3,1.0,0,interlayer_A,composition_family,0.2929209645798361,0.2153942126541041,-0.07752675192573197
5,3,1.0,0,interlayer_A,scan_rate_mV_s,0.25460803793772485,0.23502221313499358,-0.019585824802731272
5,3,1.0,0,interlayer_A,layer_class,0.34131791207505247,0.4405683524604605,0.09925044038540803
5,3,1.0,0,target_cap_F_g,interlayer_A,0.27162041854379976,0.4213974461515312,0.14977702760773143
5,3,1.0,0,target_cap_F_g,target_cap_F_g,1.0,1.0,0.0
5,3,1.0,0,target_cap_F_g,h2so4_M,0.3067324457878163,0.29400890737731694,-0.012723538410499335
5,3,1.0,0,target_cap_F_g,composition_family,0.23646189723653682,0.240317960581806,0.0038560633452691673
5,3,1.0,0,target_cap_F_g,scan_rate_mV_s,0.25340150821283297,0.29418696486272755,0.04078545664989458
5,3,1.0,0,target_cap_F_g,layer_class,0.11740117097327013,0.18144804430286476,0.06404687332959463
5,3,1.0,0,h2so4_M,interlayer_A,0.4458844818199316,0.49449543468637913,0.04861095286644751
5,3,1.0,0,h2so4_M,target_cap_F_g,0.3067324457878163,0.29400890737731694,-0.012723538410499335
5,3,1.0,0,h2so4_M,h2so4_M,1.0,1.0,0.0
5,3,1.0,0,h2so4_M,composition_family,0.30625207019535255,0.383543905072764,0.07729183487741142
5,3,1.0,0,h2so4_M,scan_rate_mV_s,0.3326126072561134,0.2706884030795043,-0.0619242041766091
5,3,1.0,0,h2so4_M,layer_class,0.3391137322883743,0.4152919016545477,0.07617816936617339
5,3,1.0,0,composition_family,interlayer_A,0.2929209645798361,0.2153942126541041,-0.07752675192573197
5,3,1.0,0,composition_family,target_cap_F_g,0.23646189723653682,0.240317960581806,0.0038560633452691673
5,3,1.0,0,composition_family,h2so4_M,0.30625207019535255,0.383543905072764,0.07729183487741142
5,3,1.0,0,composition_family,composition_family,1.0,1.0,0.0
5,3,1.0,0,composition_family,scan_rate_mV_s,0.20477053544766435,0.23752789349716866,0.032757358049504304
5,3,1.0,0,composition_family,layer_class,0.12256276059205246,0.030100030231792526,-0.09246273036025993
5,3,1.0,0,scan_rate_mV_s,interlayer_A,0.25460803793772485,0.23502221313499358,-0.019585824802731272
5,3,1.0,0,scan_rate_mV_s,target_cap_F_g,0.25340150821283297,0.29418696486272755,0.04078545664989458
5,3,1.0,0,scan_rate_mV_s,h2so4_M,0.3326126072561134,0.2706884030795043,-0.0619242041766091
5,3,1.0,0,scan_rate_mV_s,composition_family,0.20477053544766435,0.23752789349716866,0.032757358049504304
5,3,1.0,0,scan_rate_mV_s,scan_rate_mV_s,1.0,1.0,0.0
5,3,1.0,0,scan_rate_mV_s,layer_class,0.221486015514553,0.3337282440202147,0.11224222850566173
5,3,1.0,0,layer_class,interlayer_A,0.34131791207505247,0.4405683524604605,0.09925044038540803
5,3,1.0,0,layer_class,target_cap_F_g,0.11740117097327013,0.18144804430286476,0.06404687332959463
5,3,1.0,0,layer_class,h2so4_M,0.3391137322883743,0.4152919016545477,0.07617816936617339
5,3,1.0,0,layer_class,composition_family,0.12256276059205246,0.030100030231792526,-0.09246273036025993
5,3,1.0,0,layer_class,scan_rate_mV_s,0.221486015514553,0.3337282440202147,0.11224222850566173
5,3,1.0,0,layer_class,layer_class,1.0,1.0,0.0
5,3,3.0,0,interlayer_A,interlayer_A,1.0,1.0,0.0
5,3,3.0,0,interlayer_A,target_cap_F_g,0.27162041854379976,0.2207431448717205,-0.050877273672079254
5,3,3.0,0,interlayer_A,h2so4_M,0.4458844818199316,0.4366982686571402,-0.009186213162791446
5,3,3.0,0,interlayer_A,composition_family,0.2929209645798361,0.2069107832779848,-0.08601018130185129
5,3,3.0,0,interlayer_A,scan_rate_mV_s,0.25460803793772485,0.27447247760889315,0.0198644396711683
5,3,3.0,0,interlayer_A,layer_class,0.34131791207505247,0.3507554475607503,0.009437535485697812
5,3,3.0,0,target_cap_F_g,interlayer_A,0.27162041854379976,0.2207431448717205,-0.050877273672079254
5,3,3.0,0,target_cap_F_g,target_cap_F_g,1.0,1.0,0.0
5,3,3.0,0,target_cap_F_g,h2so4_M,0.3067324457878163,0.297175125174994,-0.009557320612822273
5,3,3.0,0,target_cap_F_g,composition_family,0.23646189723653682,0.24791736236150114,0.011455465124964315
5,3,3.0,0,target_cap_F_g,scan_rate_mV_s,0.25340150821283297,0.1534700630833754,-0.09993144512945756
5,3,3.0,0,target_cap_F_g,layer_class,0.11740117097327013,0.15571051915529616,0.038309348182026026
5,3,3.0,0,h2so4_M,interlayer_A,0.4458844818199316,0.4366982686571402,-0.009186213162791446
5,3,3.0,0,h2so4_M,target_cap_F_g,0.3067324457878163,0.297175125174994,-0.009557320612822273
5,3,3.0,0,h2so4_M,h2so4_M,1.0,1.0,0.0
5,3,3.0,0,h2so4_M,composition_family,0.30625207019535255,0.40313373592135293,0.09688166572600038
5,3,3.0,0,h2so4_M,scan_rate_mV_s,0.3326126072561134,0.3523343979363955,0.01972179068028207
5,3,3.0,0,h2so4_M,layer_class,0.3391137322883743,0.36867578121198885,0.029562048923614526
5,3,3.0,0,composition_family,interlayer_A,0.2929209645798361,0.2069107832779848,-0.08601018130185129
5,3,3.0,0,composition_family,target_cap_F_g,0.23646189723653682,0.24791736236150114,0.011455465124964315
5,3,3.0,0,composition_family,h2so4_M,0.30625207019535255,0.40313373592135293,0.09688166572600038
5,3,3.0,0,composition_family,composition_family,1.0,1.0,0.0
5,3,3.0,0,composition_family,scan_rate_mV_s,0.20477053544766435,0.28402038281183944,0.07924984736417509
5,3,3.0,0,composition_family,layer_class,0.12256276059205246,0.17807607630195038,0.055513315709897926
5,3,3.0,0,scan_rate_mV_s,interlayer_A,0.25460803793772485,0.27447247760889315,0.0198644396711683
5,3,3.0,0,scan_rate_mV_s,target_cap_F_g,0.25340150821283297,0.1534700630833754,-0.09993144512945756
5,3,3.0,0,scan_rate_mV_s,h2so4_M,0.3326126072561134,0.3523343979363955,0.01972179068028207
5,3,3.0,0,scan_rate_mV_s,composition_family,0.20477053544766435,0.28402038281183944,0.07924984736417509
5,3,3.0,0,scan_rate_mV_s,scan_rate_mV_s,1.0,1.0,0.0
5,3,3.0,0,scan_rate_mV_s,layer_class,0.221486015514553,0.22433929499471397,0.0028532794801609807
5,3,3.0,0,layer_class,interlayer_A,0.34131791207505247,0.3507554475607503,0.009437535485697812
5,3,3.0,0,layer_class,target_cap_F_g,0.11740117097327013,0.15571051915529616,0.038309348182026026
5,3,3.0,0,layer_class,h2so4_M,0.3391137322883743,0.36867578121198885,0.029562048923614526
5,3,3.0,0,layer_class,composition_family,0.12256276059205246,0.17807607630195038,0.055513315709897926
5,3,3.0,0,layer_class,scan_rate_mV_s,0.221486015514553,0.22433929499471397,0.0028532794801609807
5,3,3.0,0,layer_class,layer_class,1.0,1.0,0.0
5,3,5.25,0,interlayer_A,interlayer_A,1.0,1.0,0.0
5,3,5.25,0,interlayer_A,target_cap_F_g,0.27162041854379976,0.18941546624511776,-0.082204952298682
5,3,5.25,0,interlayer_A,h2so4_M,0.4458844818199316,0.47169471223884135,0.02581023041890973
5,3,5.25,0,interlayer_A,composition_family,0.2929209645798361,0.18777502748854474,-0.10514593709129133
5,3,5.25,0,interlayer_A,scan_rate_mV_s,0.25460803793772485,0.28683618552602486,0.032228147588300005
5,3,5.25,0,interlayer_A,layer_class,0.34131791207505247,0.32839198591651547,-0.012925926158536993
5,3,5.25,0,target_cap_F_g,interlayer_A,0.27162041854379976,0.18941546624511776,-0.082204952298682
5,3,5.25,0,target_cap_F_g,target_cap_F_g,1.0,1.0,0.0
5,3,5.25,0,target_cap_F_g,h2so4_M,0.3067324457878163,0.26913603514891304,-0.03759641063890323
5,3,5.25,0,target_cap_F_g,composition_family,0.23646189723653682,0.1935336544691113,-0.04292824276742552
5,3,5.25,0,target_cap_F_g,scan_rate_mV_s,0.25340150821283297,0.12840517986293234,-0.12499632834990063
5,3,5.25,0,target_cap_F_g,layer_class,0.11740117097327013,0.12445743206250942,0.007056261089239291
5,3,5.25,0,h2so4_M,interlayer_A,0.4458844818199316,0.47169471223884135,0.02581023041890973
5,3,5.25,0,h2so4_M,target_cap_F_g,0.3067324457878163,0.26913603514891304,-0.03759641063890323
5,3,5.25,0,h2so4_M,h2so4_M,1.0,1.0,0.0
5,3,5.25,0,h2so4_M,composition_family,0.30625207019535255,0.3331091027210658,0.026857032525713254
5,3,5.25,0,h2so4_M,scan_rate_mV_s,0.3326126072561134,0.37392970244258206,0.041317095186468644
5,3,5.25,0,h2so4_M,layer_class,0.3391137322883743,0.3786892817635027,0.03957554947512837
5,3,5.25,0,composition_family,interlayer_A,0.2929209645798361,0.18777502748854474,-0.10514593709129133
5,3,5.25,0,composition_family,target_cap_F_g,0.23646189723653682,0.1935336544691113,-0.04292824276742552
5,3,5.25,0,composition_family,h2so4_M,0.30625207019535255,0.3331091027210658,0.026857032525713254
5,3,5.25,0,composition_family,composition_family,1.0,1.0,0.0
5,3,5.25,0,composition_family,scan_rate_mV_s,0.20477053544766435,0.2188010261039276,0.014030490656263245
5,3,5.25,0,composition_family,layer_class,0.12256276059205246,0.13663306605321326,0.01407030546116081
5,3,5.25,0,scan_rate_mV_s,interlayer_A,0.25460803793772485,0.28683618552602486,0.032228147588300005
5,3,5.25,0,scan_rate_mV_s,target_cap_F_g,0.25340150821283297,0.12840517986293234,-0.12499632834990063
5,3,5.25,0,scan_rate_mV_s,h2so4_M,0.3326126072561134,0.37392970244258206,0.041317095186468644
5,3,5.25,0,scan_rate_mV_s,composition_family,0.20477053544766435,0.2188010261039276,0.014030490656263245
5,3,5.25,0,scan_rate_mV_s,scan_rate_mV_s,1.0,1.0,0.0
5,3,5.25,0,scan_rate_mV_s,layer_class,0.221486015514553,0.21624649082736372,-0.005239524687189273
5,3,5.25,0,layer_class,interlayer_A,0.34131791207505247,0.32839198591651547,-0.012925926158536993
5,3,5.25,0,layer_class,target_cap_F_g,0.11740117097327013,0.12445743206250942,0.007056261089239291
5,3,5.25,0,layer_class,h2so4_M,0.3391137322883743,0.3786892817635027,0.03957554947512837
5,3,5.25,0,layer_class,composition_family,0.12256276059205246,0.13663306605321326,0.01407030546116081
5,3,5.25,0,layer_class,scan_rate_mV_s,0.221486015514553,0.21624649082736372,-0.005239524687189273
5,3,5.25,0,layer_class,layer_class,1.0,1.0,0.0
