fold,k,ratio,gen_seed,variable,type,n_real,n_syn,real_mean,syn_mean,real_median,syn_median,real_std,syn_std,real_iqr,syn_iqr,real_min,syn_min,real_max,syn_max,ks_statistic,ks_pvalue,wasserstein,wasserstein_normalised,mean_shift_in_real_sd,n_categories_real,n_categories_syn,jensen_shannon_distance,total_variation_distance,max_freq_abs_diff,real_freqs,syn_freqs
1,1,1.0,0,interlayer_A,continuous,37,37,14.942432432432433,15.861923897673352,13.4,13.245710125023075,5.733463857722294,6.630901456237801,1.3000000000000007,2.0537337719825395,10.0,10.312852964136344,39.3,38.94575002237596,0.16216216216216217,0.7227565530633371,1.2516444128051638,0.21830510209275109,0.16037276732850997,,,,,,,
1,1,1.0,0,target_cap_F_g,continuous,37,37,317.8135135135135,342.2914709004035,278.0,295.80969513716906,239.01609797268904,323.9573893750968,156.9,147.9231480930325,74.0,76.08930751179169,1609.5,1602.803716259946,0.10810810810810811,0.9845599548024895,52.3733987784959,0.21912080074405824,0.10241133377420865,,,,,,,
1,1,1.0,0,h2so4_M,categorical,37,37,,,,,,,,,,,,,,,,,,3.0,3.0,0.05780914485242873,0.05405405405405403,0.054054054054054,1.0=0.514; 2.0=0.054; 3.0=0.432,1.0=0.459; 2.0=0.081; 3.0=0.459
1,1,1.0,0,composition_family,categorical,37,37,,,,,,,,,,,,,,,,,,5.0,4.0,0.1371018686825264,0.05405405405405406,0.02702702702702703,doped_mxene=0.027; mxene_carbon_composite=0.081; mxene_polymer_composite=0.243; pristine_mxene=0.622; structured_pristine_mxene=0.027,doped_mxene=0.054; mxene_carbon_composite=0.108; mxene_polymer_composite=0.216; pristine_mxene=0.622; structured_pristine_mxene=0.000
1,1,1.0,0,scan_rate_mV_s,categorical,37,37,,,,,,,,,,,,,,,,,,5.0,4.0,0.23812928105228343,0.16216216216216217,0.10810810810810811,1.0=0.081; 10.0=0.189; 1000.0=0.054; 2.0=0.378; 5.0=0.297,1.0=0.000; 10.0=0.189; 1000.0=0.108; 2.0=0.297; 5.0=0.405
1,1,1.0,0,layer_class,categorical,37,37,,,,,,,,,,,,,,,,,,3.0,2.0,0.2091123981522669,0.13513513513513511,0.1351351351351351,delaminated=0.135; multilayer=0.054; single_or_few_layer=0.811,delaminated=0.054; multilayer=0.000; single_or_few_layer=0.946
1,1,3.0,0,interlayer_A,continuous,37,111,14.942432432432433,15.62596999775717,13.4,13.462024760907209,5.733463857722294,7.048566876006667,1.3000000000000007,1.655286869044314,10.0,10.03986760670498,39.3,39.22613863218973,0.10810810810810811,0.8874406451263142,0.7589660410564045,0.13237478422998475,0.11921895424597362,,,,,,,
1,1,3.0,0,target_cap_F_g,continuous,37,111,317.8135135135135,314.5306809843994,278.0,283.0713232537011,239.01609797268904,194.72582264978215,156.9,144.46287067794566,74.0,80.65235049174662,1609.5,1582.0476780329498,0.10810810810810811,0.8874406451263142,21.9959550111483,0.09202708603192765,-0.013734775845471349,,,,,,,
1,1,3.0,0,h2so4_M,categorical,37,111,,,,,,,,,,,,,,,,,,3.0,3.0,0.04409777408163731,0.036036036036036015,0.036036036036036,1.0=0.514; 2.0=0.054; 3.0=0.432,1.0=0.495; 2.0=0.036; 3.0=0.468
1,1,3.0,0,composition_family,categorical,37,111,,,,,,,,,,,,,,,,,,5.0,5.0,0.07275913124212192,0.05405405405405407,0.05405405405405406,doped_mxene=0.027; mxene_carbon_composite=0.081; mxene_polymer_composite=0.243; pristine_mxene=0.622; structured_pristine_mxene=0.027,doped_mxene=0.018; mxene_carbon_composite=0.045; mxene_polymer_composite=0.234; pristine_mxene=0.676; structured_pristine_mxene=0.027
1,1,3.0,0,scan_rate_mV_s,categorical,37,111,,,,,,,,,,,,,,,,,,5.0,5.0,0.09153952201437854,0.09009009009009009,0.09009009009009006,1.0=0.081; 10.0=0.189; 1000.0=0.054; 2.0=0.378; 5.0=0.297,1.0=0.063; 10.0=0.171; 1000.0=0.027; 2.0=0.468; 5.0=0.270
1,1,3.0,0,layer_class,categorical,37,111,,,,,,,,,,,,,,,,,,3.0,3.0,0.03785515531573654,0.03603603603603607,0.03603603603603611,delaminated=0.135; multilayer=0.054; single_or_few_layer=0.811,delaminated=0.162; multilayer=0.063; single_or_few_layer=0.775
1,1,5.25,0,interlayer_A,continuous,37,194,14.942432432432433,14.909952855317865,13.4,13.432436961206147,5.733463857722294,5.469487194162538,1.3000000000000007,1.5621446753121688,10.0,10.03986760670498,39.3,39.29921129346704,0.0775982167734745,0.9830563128907264,0.22916011050944904,0.03996887679003987,-0.005664913553230467,,,,,,,
1,1,5.25,0,target_cap_F_g,continuous,37,194,317.8135135135135,290.87291203161294,278.0,284.1586519297522,239.01609797268904,139.74757615805495,156.9,162.71369475882045,74.0,75.18768527805646,1609.5,1592.0071665914095,0.11869601560323209,0.7239147990367198,36.883982088543526,0.1543158908600292,-0.11271458998121081,,,,,,,
1,1,5.25,0,h2so4_M,categorical,37,194,,,,,,,,,,,,,,,,,,3.0,3.0,0.04976779870617978,0.046949010866536627,0.04694901086653663,1.0=0.514; 2.0=0.054; 3.0=0.432,1.0=0.485; 2.0=0.036; 3.0=0.479
1,1,5.25,0,composition_family,categorical,37,194,,,,,,,,,,,,,,,,,,5.0,5.0,0.09317832689077372,0.06910002786291448,0.06910002786291447,doped_mxene=0.027; mxene_carbon_composite=0.081; mxene_polymer_composite=0.243; pristine_mxene=0.622; structured_pristine_mxene=0.027,doped_mxene=0.005; mxene_carbon_composite=0.077; mxene_polymer_composite=0.201; pristine_mxene=0.691; structured_pristine_mxene=0.026
1,1,5.25,0,scan_rate_mV_s,categorical,37,194,,,,,,,,,,,,,,,,,,5.0,5.0,0.06107576527000629,0.060880468096962966,0.0530788520479242,1.0=0.081; 10.0=0.189; 1000.0=0.054; 2.0=0.378; 5.0=0.297,1.0=0.067; 10.0=0.242; 1000.0=0.062; 2.0=0.361; 5.0=0.268
1,1,5.25,0,layer_class,categorical,37,194,,,,,,,,,,,,,,,,,,3.0,3.0,0.027521618887014973,0.01908609640568405,0.01908609640568404,delaminated=0.135; multilayer=0.054; single_or_few_layer=0.811,delaminated=0.129; multilayer=0.041; single_or_few_layer=0.830
1,2,1.0,0,interlayer_A,continuous,37,37,14.942432432432433,14.740937483651434,13.4,13.530372038529338,5.733463857722294,5.413345172664663,1.3000000000000007,1.108540265723109,10.0,10.1735503456501,39.3,38.97661577631347,0.10810810810810811,0.9845599548024895,0.4255238595401491,0.07421758819793013,-0.03514366773405386,,,,,,,
1,2,1.0,0,target_cap_F_g,continuous,37,37,317.8135135135135,277.67027994901116,278.0,267.1705823979933,239.01609797268904,101.94198698510336,156.9,151.3334346134714,74.0,94.09507786959963,1609.5,454.9455235211541,0.10810810810810811,0.9845599548024895,46.54134441434914,0.19472054313122936,-0.16795200785634642,,,,,,,
1,2,1.0,0,h2so4_M,categorical,37,37,,,,,,,,,,,,,,,,,,3.0,3.0,0.12148426475475606,0.13513513513513517,0.1351351351351352,1.0=0.514; 2.0=0.054; 3.0=0.432,1.0=0.649; 2.0=0.054; 3.0=0.297
1,2,1.0,0,composition_family,categorical,37,37,,,,,,,,,,,,,,,,,,5.0,4.0,0.14101406080475332,0.08108108108108106,0.08108108108108109,doped_mxene=0.027; mxene_carbon_composite=0.081; mxene_polymer_composite=0.243; pristine_mxene=0.622; structured_pristine_mxene=0.027,doped_mxene=0.000; mxene_carbon_composite=0.054; mxene_polymer_composite=0.324; pristine_mxene=0.595; structured_pristine_mxene=0.027
1,2,1.0,0,scan_rate_mV_s,categorical,37,37,,,,,,,,,,,,,,,,,,5.0,5.0,0.12558766394898974,0.10810810810810811,0.05405405405405406,1.0=0.081; 10.0=0.189; 1000.0=0.054; 2.0=0.378; 5.0=0.297,1.0=0.027; 10.0=0.243; 1000.0=0.054; 2.0=0.324; 5.0=0.351
1,2,1.0,0,layer_class,categorical,37,37,,,,,,,,,,,,,,,,,,3.0,3.0,0.15228218423529974,0.10810810810810811,0.10810810810810811,delaminated=0.135; multilayer=0.054; single_or_few_layer=0.811,delaminated=0.135; multilayer=0.162; single_or_few_layer=0.703
1,2,1.0,1,interlayer_A,continuous,37,37,14.942432432432433,14.472272107684898,13.4,13.49686806868156,5.733463857722294,4.962094206994285,1.3000000000000007,1.2466275574126318,10.0,10.788241342131396,39.3,39.21848950323839,0.10810810810810811,0.9845599548024895,0.7399707032362679,0.12906171933736277,-0.08200284093781901,,,,,,,
1,2,1.0,1,target_cap_F_g,continuous,37,37,317.8135135135135,264.95788275021636,278.0,265.7569984162644,239.01609797268904,86.64702073361673,156.9,98.28072808134311,74.0,75.40608601327312,1609.5,483.85348603595713,0.1891891891891892,0.5278931711644922,55.42487162848592,0.23188760965723318,-0.2211383718988528,,,,,,,
1,2,1.0,1,h2so4_M,categorical,37,37,,,,,,,,,,,,,,,,,,3.0,3.0,0.1779570091126405,0.18918918918918923,0.1891891891891892,1.0=0.514; 2.0=0.054; 3.0=0.432,1.0=0.649; 2.0=0.108; 3.0=0.243
1,2,1.0,1,composition_family,categorical,37,37,,,,,,,,,,,,,,,,,,5.0,4.0,0.14023258025000845,0.08108108108108109,0.05405405405405406,doped_mxene=0.027; mxene_carbon_composite=0.081; mxene_polymer_composite=0.243; pristine_mxene=0.622; structured_pristine_mxene=0.027,doped_mxene=0.000; mxene_carbon_composite=0.081; mxene_polymer_composite=0.297; pristine_mxene=0.568; structured_pristine_mxene=0.054
1,2,1.0,1,scan_rate_mV_s,categorical,37,37,,,,,,,,,,,,,,,,,,5.0,5.0,0.10861902539606234,0.10810810810810811,0.08108108108108109,1.0=0.081; 10.0=0.189; 1000.0=0.054; 2.0=0.378; 5.0=0.297,1.0=0.054; 10.0=0.135; 1000.0=0.027; 2.0=0.459; 5.0=0.324
1,2,1.0,1,layer_class,categorical,37,37,,,,,,,,,,,,,,,,,,3.0,3.0,0.0,0.0,0.0,delaminated=0.135; multilayer=0.054; single_or_few_layer=0.811,delaminated=0.135; multilayer=0.054; single_or_few_layer=0.811
1,2,1.0,2,interlayer_A,continuous,37,37,14.942432432432433,13.730735149278948,13.4,13.125776028978702,5.733463857722294,3.3394564672886893,1.3000000000000007,1.6315645278870043,10.0,11.479420031739922,39.3,27.38625887300072,0.16216216216216217,0.7227565530633371,1.366101088545451,0.23826802129492372,-0.21133773809727144,,,,,,,
1,2,1.0,2,target_cap_F_g,continuous,37,37,317.8135135135135,306.4446621638178,278.0,275.32193709119434,239.01609797268904,236.88125250060082,156.9,166.54186858530295,74.0,105.4916823301518,1609.5,1552.8873837645372,0.1891891891891892,0.5278931711644922,20.73514967861243,0.08675210521168207,-0.04756521190884293,,,,,,,
1,2,1.0,2,h2so4_M,categorical,37,37,,,,,,,,,,,,,,,,,,3.0,3.0,0.0964805105002271,0.10810810810810811,0.10810810810810811,1.0=0.514; 2.0=0.054; 3.0=0.432,1.0=0.622; 2.0=0.054; 3.0=0.324
1,2,1.0,2,composition_family,categorical,37,37,,,,,,,,,,,,,,,,,,5.0,5.0,0.1039494163983225,0.08108108108108111,0.08108108108108109,doped_mxene=0.027; mxene_carbon_composite=0.081; mxene_polymer_composite=0.243; pristine_mxene=0.622; structured_pristine_mxene=0.027,doped_mxene=0.027; mxene_carbon_composite=0.108; mxene_polymer_composite=0.162; pristine_mxene=0.649; structured_pristine_mxene=0.054
1,2,1.0,2,scan_rate_mV_s,categorical,37,37,,,,,,,,,,,,,,,,,,5.0,4.0,0.2320086236797332,0.16216216216216217,0.08108108108108109,1.0=0.081; 10.0=0.189; 1000.0=0.054; 2.0=0.378; 5.0=0.297,1.0=0.000; 10.0=0.270; 1000.0=0.027; 2.0=0.459; 5.0=0.243
1,2,1.0,2,layer_class,categorical,37,37,,,,,,,,,,,,,,,,,,3.0,3.0,0.10747425664563429,0.05405405405405406,0.05405405405405406,delaminated=0.135; multilayer=0.054; single_or_few_layer=0.811,delaminated=0.081; multilayer=0.108; single_or_few_layer=0.811
1,2,3.0,0,interlayer_A,continuous,37,111,14.942432432432433,15.013285621367851,13.4,13.626675826256909,5.733463857722294,5.363704810286134,1.3000000000000007,1.8349758237308116,10.0,10.033860859301878,39.3,38.65119674372387,0.13513513513513514,0.6694609832147828,0.4449275744221414,0.07760188002630851,0.012357833012235215,,,,,,,
1,2,3.0,0,target_cap_F_g,continuous,37,111,317.8135135135135,296.6390486317852,278.0,285.44291222076026,239.01609797268904,163.10312950458913,156.9,183.26859877260472,74.0,79.88491121388425,1609.5,1599.1023475182146,0.13513513513513514,0.6694609832147828,34.0771942783991,0.14257279977138987,-0.08859012033636231,,,,,,,
1,2,3.0,0,h2so4_M,categorical,37,111,,,,,,,,,,,,,,,,,,3.0,3.0,0.0324187261107188,0.03603603603603608,0.03603603603603611,1.0=0.514; 2.0=0.054; 3.0=0.432,1.0=0.550; 2.0=0.045; 3.0=0.405
1,2,3.0,0,composition_family,categorical,37,111,,,,,,,,,,,,,,,,,,5.0,5.0,0.064187761092564,0.027027027027027015,0.01801801801801802,doped_mxene=0.027; mxene_carbon_composite=0.081; mxene_polymer_composite=0.243; pristine_mxene=0.622; structured_pristine_mxene=0.027,doped_mxene=0.009; mxene_carbon_composite=0.090; mxene_polymer_composite=0.252; pristine_mxene=0.613; structured_pristine_mxene=0.036
1,2,3.0,0,scan_rate_mV_s,categorical,37,111,,,,,,,,,,,,,,,,,,5.0,5.0,0.05739162322538975,0.05405405405405403,0.05405405405405406,1.0=0.081; 10.0=0.189; 1000.0=0.054; 2.0=0.378; 5.0=0.297,1.0=0.090; 10.0=0.225; 1000.0=0.054; 2.0=0.387; 5.0=0.243
1,2,3.0,0,layer_class,categorical,37,111,,,,,,,,,,,,,,,,,,3.0,3.0,0.07453228947183274,0.05405405405405406,0.05405405405405406,delaminated=0.135; multilayer=0.054; single_or_few_layer=0.811,delaminated=0.081; multilayer=0.054; single_or_few_layer=0.865
1,2,3.0,1,interlayer_A,continuous,37,111,14.942432432432433,14.987546104620362,13.4,13.292415800607731,5.733463857722294,5.529411197678542,1.3000000000000007,1.874030947436987,10.0,10.39305673375709,39.3,39.21848950323839,0.09009009009009009,0.9720505544339586,0.4917752671632473,0.08577280320706732,0.007868484620717773,,,,,,,
1,2,3.0,1,target_cap_F_g,continuous,37,111,317.8135135135135,304.8798041023414,278.0,274.8584066985638,239.01609797268904,198.0535614962817,156.9,153.09095806549706,74.0,77.01945261583924,1609.5,1595.420777947377,0.0990990990990991,0.9379669797917024,20.294550036077876,0.08490871622545196,-0.05411229419639332,,,,,,,
1,2,3.0,1,h2so4_M,categorical,37,111,,,,,,,,,,,,,,,,,,3.0,3.0,0.04968931396786597,0.036036036036036,0.036036036036036,1.0=0.514; 2.0=0.054; 3.0=0.432,1.0=0.477; 2.0=0.081; 3.0=0.441
1,2,3.0,1,composition_family,categorical,37,111,,,,,,,,,,,,,,,,,,5.0,5.0,0.03677570316117107,0.01801801801801802,0.009009009009009028,doped_mxene=0.027; mxene_carbon_composite=0.081; mxene_polymer_composite=0.243; pristine_mxene=0.622; structured_pristine_mxene=0.027,doped_mxene=0.018; mxene_carbon_composite=0.090; mxene_polymer_composite=0.234; pristine_mxene=0.622; structured_pristine_mxene=0.036
1,2,3.0,1,scan_rate_mV_s,categorical,37,111,,,,,,,,,,,,,,,,,,5.0,5.0,0.03953605196133187,0.036036036036036036,0.02702702702702703,1.0=0.081; 10.0=0.189; 1000.0=0.054; 2.0=0.378; 5.0=0.297,1.0=0.081; 10.0=0.180; 1000.0=0.072; 2.0=0.351; 5.0=0.315
1,2,3.0,1,layer_class,categorical,37,111,,,,,,,,,,,,,,,,,,3.0,3.0,0.06280988028845923,0.05405405405405406,0.05405405405405406,delaminated=0.135; multilayer=0.054; single_or_few_layer=0.811,delaminated=0.099; multilayer=0.036; single_or_few_layer=0.865
1,2,3.0,2,interlayer_A,continuous,37,111,14.942432432432433,15.281922348990705,13.4,13.415105770615048,5.733463857722294,6.091442519777613,1.3000000000000007,2.1463955729363278,10.0,10.022770274595954,39.3,38.91233426353025,0.11711711711711711,0.8229356908726634,0.6685206471733294,0.11659978396356534,0.05921200952562366,,,,,,,
1,2,3.0,2,target_cap_F_g,continuous,37,111,317.8135135135135,331.74872363508894,278.0,308.6991344051865,239.01609797268904,259.4208409927989,156.9,154.9355368188481,74.0,74.46871937013844,1609.5,1591.2604924869995,0.13513513513513514,0.6694609832147828,27.218862554781246,0.11387878383777893,0.05830239151158652,,,,,,,
1,2,3.0,2,h2so4_M,categorical,37,111,,,,,,,,,,,,,,,,,,3.0,3.0,0.08452568183089129,0.09909909909909907,0.09909909909909909,1.0=0.514; 2.0=0.054; 3.0=0.432,1.0=0.414; 2.0=0.063; 3.0=0.523
1,2,3.0,2,composition_family,categorical,37,111,,,,,,,,,,,,,,,,,,5.0,5.0,0.04491058535684608,0.02702702702702702,0.01801801801801803,doped_mxene=0.027; mxene_carbon_composite=0.081; mxene_polymer_composite=0.243; pristine_mxene=0.622; structured_pristine_mxene=0.027,doped_mxene=0.036; mxene_carbon_composite=0.063; mxene_polymer_composite=0.252; pristine_mxene=0.631; structured_pristine_mxene=0.018
1,2,3.0,2,scan_rate_mV_s,categorical,37,111,,,,,,,,,,,,,,,,,,5.0,5.0,0.0780148441772551,0.07207207207207206,0.05405405405405406,1.0=0.081; 10.0=0.189; 1000.0=0.054; 2.0=0.378; 5.0=0.297,1.0=0.063; 10.0=0.207; 1000.0=0.090; 2.0=0.324; 5.0=0.315
1,2,3.0,2,layer_class,categorical,37,111,,,,,,,,,,,,,,,,,,3.0,3.0,0.05486815785673383,0.036036036036036,0.03603603603603604,delaminated=0.135; multilayer=0.054; single_or_few_layer=0.811,delaminated=0.099; multilayer=0.072; single_or_few_layer=0.829
1,2,5.25,0,interlayer_A,continuous,37,194,14.942432432432433,14.76501506146322,13.4,13.467023193709341,5.733463857722294,5.171261144027071,1.3000000000000007,1.680560657454862,10.0,10.092866553362082,39.3,38.59458369620104,0.11368069100027862,0.7692966190867043,0.35220034659183586,0.0614288945272523,-0.030944185813651333,,,,,,,
1,2,5.25,0,target_cap_F_g,continuous,37,194,317.8135135135135,304.344710080997,278.0,276.84226945323644,239.01609797268904,188.81591411242252,156.9,154.1222286964973,74.0,74.09743780927306,1609.5,1572.7386687719218,0.09807745890220117,0.8932191043483347,25.30845646157943,0.10588599126269427,-0.056351030523707636,,,,,,,
1,2,5.25,0,h2so4_M,categorical,37,194,,,,,,,,,,,,,,,,,,3.0,3.0,0.014642562787161442,0.008358874338255773,0.008358874338255773,1.0=0.514; 2.0=0.054; 3.0=0.432,1.0=0.505; 2.0=0.062; 3.0=0.433
1,2,5.25,0,composition_family,categorical,37,194,,,,,,,,,,,,,,,,,,5.0,5.0,0.04450373986816218,0.034410699359152995,0.02786291446085265,doped_mxene=0.027; mxene_carbon_composite=0.081; mxene_polymer_composite=0.243; pristine_mxene=0.622; structured_pristine_mxene=0.027,doped_mxene=0.015; mxene_carbon_composite=0.088; mxene_polymer_composite=0.227; pristine_mxene=0.649; structured_pristine_mxene=0.021
1,2,5.25,0,scan_rate_mV_s,categorical,37,194,,,,,,,,,,,,,,,,,,5.0,5.0,0.04469885180571318,0.03413207021454444,0.0192254109779883,1.0=0.081; 10.0=0.189; 1000.0=0.054; 2.0=0.378; 5.0=0.297,1.0=0.062; 10.0=0.206; 1000.0=0.041; 2.0=0.376; 5.0=0.314
1,2,5.25,0,layer_class,categorical,37,194,,,,,,,,,,,,,,,,,,3.0,3.0,0.08516699764293338,0.05419336862635832,0.05419336862635832,delaminated=0.135; multilayer=0.054; single_or_few_layer=0.811,delaminated=0.124; multilayer=0.108; single_or_few_layer=0.768
1,2,5.25,1,interlayer_A,continuous,37,194,14.942432432432433,14.694880904313829,13.4,13.328077783448183,5.733463857722294,4.853338242495939,1.3000000000000007,1.5614015287134215,10.0,10.103916636445664,39.3,39.22014123761869,0.08790749512398997,0.9495480139626207,0.46768422735809523,0.08157097331801966,-0.043176609160129616,,,,,,,
1,2,5.25,1,target_cap_F_g,continuous,37,194,317.8135135135135,319.85146684954856,278.0,269.6417394849761,239.01609797268904,265.4774393325402,156.9,161.29488375864005,74.0,78.12086885714899,1609.5,1608.074158932712,0.12385065477848983,0.675703261916679,23.399749130276945,0.0979003059992666,0.008526427103951484,,,,,,,
1,2,5.25,1,h2so4_M,categorical,37,194,,,,,,,,,,,,,,,,,,3.0,3.0,0.07186075191342145,0.08191696851490671,0.08191696851490671,1.0=0.514; 2.0=0.054; 3.0=0.432,1.0=0.582; 2.0=0.067; 3.0=0.351
1,2,5.25,1,composition_family,categorical,37,194,,,,,,,,,,,,,,,,,,5.0,5.0,0.08157065479108247,0.05962663694622458,0.050571189746447476,doped_mxene=0.027; mxene_carbon_composite=0.081; mxene_polymer_composite=0.243; pristine_mxene=0.622; structured_pristine_mxene=0.027,doped_mxene=0.036; mxene_carbon_composite=0.057; mxene_polymer_composite=0.294; pristine_mxene=0.603; structured_pristine_mxene=0.010
1,2,5.25,1,scan_rate_mV_s,categorical,37,194,,,,,,,,,,,,,,,,,,5.0,5.0,0.06661555857960723,0.04694901086653663,0.04430203399275562,1.0=0.081; 10.0=0.189; 1000.0=0.054; 2.0=0.378; 5.0=0.297,1.0=0.046; 10.0=0.180; 1000.0=0.057; 2.0=0.423; 5.0=0.294
1,2,5.25,1,layer_class,categorical,37,194,,,,,,,,,,,,,,,,,,3.0,3.0,0.055063948924930245,0.039704653106714935,0.03970465310671489,delaminated=0.135; multilayer=0.054; single_or_few_layer=0.811,delaminated=0.119; multilayer=0.031; single_or_few_layer=0.851
1,2,5.25,2,interlayer_A,continuous,37,194,14.942432432432433,14.318236357281753,13.4,13.33530844624342,5.733463857722294,4.651007571396938,1.3000000000000007,1.5733097917142693,10.0,10.003888884855376,39.3,39.19134755941358,0.08957926999164112,0.9417311355212392,0.6994790043999054,0.12199937450687692,-0.10886892995932329,,,,,,,
1,2,5.25,2,target_cap_F_g,continuous,37,194,317.8135135135135,288.15418833620015,278.0,282.94522624919796,239.01609797268904,134.24396297543285,156.9,141.38931301506707,74.0,75.99854744363799,1609.5,1551.5591600994342,0.09988854834215659,0.8804117904576979,36.9894044921145,0.15475695907453507,-0.12408923678731608,,,,,,,
1,2,5.25,2,h2so4_M,categorical,37,194,,,,,,,,,,,,,,,,,,3.0,3.0,0.08978777212821758,0.056143772638618,0.05614377263861803,1.0=0.514; 2.0=0.054; 3.0=0.432,1.0=0.515; 2.0=0.108; 3.0=0.376
1,2,5.25,2,composition_family,categorical,37,194,,,,,,,,,,,,,,,,,,5.0,5.0,0.10748504047113876,0.056561716355530776,0.034689328503761496,doped_mxene=0.027; mxene_carbon_composite=0.081; mxene_polymer_composite=0.243; pristine_mxene=0.622; structured_pristine_mxene=0.027,doped_mxene=0.005; mxene_carbon_composite=0.046; mxene_polymer_composite=0.263; pristine_mxene=0.639; structured_pristine_mxene=0.046
1,2,5.25,2,scan_rate_mV_s,categorical,37,194,,,,,,,,,,,,,,,,,,5.0,5.0,0.0829553310127043,0.07676232933964892,0.059765951518528815,1.0=0.081; 10.0=0.189; 1000.0=0.054; 2.0=0.378; 5.0=0.297,1.0=0.077; 10.0=0.206; 1000.0=0.026; 2.0=0.438; 5.0=0.253
1,2,5.25,2,layer_class,categorical,37,194,,,,,,,,,,,,,,,,,,3.0,3.0,0.06455758666910558,0.04276957369740875,0.04276957369740875,delaminated=0.135; multilayer=0.054; single_or_few_layer=0.811,delaminated=0.139; multilayer=0.093; single_or_few_layer=0.768
1,3,1.0,0,interlayer_A,continuous,37,37,14.942432432432433,14.465899849353242,13.4,13.668156584819142,5.733463857722294,4.6625795611406105,1.3000000000000007,0.8812532392641632,10.0,10.390656409896469,39.3,38.06470719559878,0.1891891891891892,0.5278931711644922,1.0635392474953718,0.18549680854147374,-0.08311425604215822,,,,,,,
1,3,1.0,0,target_cap_F_g,continuous,37,37,317.8135135135135,320.19715382425926,278.0,302.96161388837817,239.01609797268904,238.80774359161228,156.9,121.75965750578641,74.0,87.1825795837209,1609.5,1601.6248899610762,0.13513513513513514,0.8944468869217319,19.886225084465348,0.0832003586918971,0.00997271870373403,,,,,,,
1,3,1.0,0,h2so4_M,categorical,37,37,,,,,,,,,,,,,,,,,,3.0,3.0,0.0995252643706384,0.08108108108108111,0.08108108108108109,1.0=0.514; 2.0=0.054; 3.0=0.432,1.0=0.541; 2.0=0.108; 3.0=0.351
1,3,1.0,0,composition_family,categorical,37,37,,,,,,,,,,,,,,,,,,5.0,5.0,0.0756070882582389,0.05405405405405403,0.05405405405405406,doped_mxene=0.027; mxene_carbon_composite=0.081; mxene_polymer_composite=0.243; pristine_mxene=0.622; structured_pristine_mxene=0.027,doped_mxene=0.027; mxene_carbon_composite=0.135; mxene_polymer_composite=0.216; pristine_mxene=0.595; structured_pristine_mxene=0.027
1,3,1.0,0,scan_rate_mV_s,categorical,37,37,,,,,,,,,,,,,,,,,,5.0,4.0,0.21692618845726142,0.13513513513513514,0.13513513513513514,1.0=0.081; 10.0=0.189; 1000.0=0.054; 2.0=0.378; 5.0=0.297,1.0=0.027; 10.0=0.162; 1000.0=0.000; 2.0=0.378; 5.0=0.432
1,3,1.0,0,layer_class,categorical,37,37,,,,,,,,,,,,,,,,,,3.0,3.0,0.058924871629985026,0.027027027027027,0.02702702702702703,delaminated=0.135; multilayer=0.054; single_or_few_layer=0.811,delaminated=0.135; multilayer=0.027; single_or_few_layer=0.838
1,3,3.0,0,interlayer_A,continuous,37,111,14.942432432432433,14.997770013031873,13.4,13.233117348690673,5.733463857722294,6.08328965484174,1.3000000000000007,1.7532264788815386,10.0,10.070866316608589,39.3,39.26801928534204,0.0990990990990991,0.9379669797917024,0.4227258906844487,0.07372958148416463,0.009651683863831658,,,,,,,
1,3,3.0,0,target_cap_F_g,continuous,37,111,317.8135135135135,329.00732917509885,278.0,292.0422942914921,239.01609797268904,229.9100650776091,156.9,121.04881582282104,74.0,98.9482891137971,1609.5,1594.1406515212393,0.16216216216216217,0.4384356067151199,16.01767107964344,0.06701503043311201,0.046832894338624836,,,,,,,
1,3,3.0,0,h2so4_M,categorical,37,111,,,,,,,,,,,,,,,,,,3.0,3.0,0.05948418252679662,0.03603603603603604,0.03603603603603603,1.0=0.514; 2.0=0.054; 3.0=0.432,1.0=0.495; 2.0=0.090; 3.0=0.414
1,3,3.0,0,composition_family,categorical,37,111,,,,,,,,,,,,,,,,,,5.0,5.0,0.030121383384627734,0.018018018018018042,0.018018018018018056,doped_mxene=0.027; mxene_carbon_composite=0.081; mxene_polymer_composite=0.243; pristine_mxene=0.622; structured_pristine_mxene=0.027,doped_mxene=0.027; mxene_carbon_composite=0.063; mxene_polymer_composite=0.243; pristine_mxene=0.640; structured_pristine_mxene=0.027
1,3,3.0,0,scan_rate_mV_s,categorical,37,111,,,,,,,,,,,,,,,,,,5.0,5.0,0.07058758286788908,0.08108108108108109,0.07207207207207206,1.0=0.081; 10.0=0.189; 1000.0=0.054; 2.0=0.378; 5.0=0.297,1.0=0.072; 10.0=0.171; 1000.0=0.063; 2.0=0.450; 5.0=0.243
1,3,3.0,0,layer_class,categorical,37,111,,,,,,,,,,,,,,,,,,3.0,3.0,0.011402613483924476,0.009009009009008973,0.009009009009009028,delaminated=0.135; multilayer=0.054; single_or_few_layer=0.811,delaminated=0.126; multilayer=0.054; single_or_few_layer=0.820
1,3,5.25,0,interlayer_A,continuous,37,194,14.942432432432433,15.304551003143573,13.4,13.224448260389249,5.733463857722294,6.339507148847656,1.3000000000000007,1.8551897483474846,10.0,10.061283359863534,39.3,39.27844127541851,0.13429924770130955,0.5772896885943333,0.6405304163731325,0.11171787810442273,0.06315877795643707,,,,,,,
1,3,5.25,0,target_cap_F_g,continuous,37,194,317.8135135135135,347.3784595572173,278.0,289.06831640710755,239.01609797268904,304.32592791962134,156.9,174.6378306713519,74.0,77.27120256668766,1609.5,1603.2143931737996,0.13931457230426303,0.5316951764800429,43.79613187784804,0.18323507181868715,0.12369437161124608,,,,,,,
1,3,5.25,0,h2so4_M,categorical,37,194,,,,,,,,,,,,,,,,,,3.0,3.0,0.08235279200661001,0.08567846196712174,0.08567846196712176,1.0=0.514; 2.0=0.054; 3.0=0.432,1.0=0.428; 2.0=0.088; 3.0=0.485
1,3,5.25,0,composition_family,categorical,37,194,,,,,,,,,,,,,,,,,,5.0,5.0,0.07305473731852527,0.05377542490944552,0.047366954583449444,doped_mxene=0.027; mxene_carbon_composite=0.081; mxene_polymer_composite=0.243; pristine_mxene=0.622; structured_pristine_mxene=0.027,doped_mxene=0.052; mxene_carbon_composite=0.093; mxene_polymer_composite=0.196; pristine_mxene=0.639; structured_pristine_mxene=0.021
1,3,5.25,0,scan_rate_mV_s,categorical,37,194,,,,,,,,,,,,,,,,,,5.0,5.0,0.06449387050056256,0.03663973251602117,0.034550013931457235,1.0=0.081; 10.0=0.189; 1000.0=0.054; 2.0=0.378; 5.0=0.297,1.0=0.082; 10.0=0.155; 1000.0=0.088; 2.0=0.376; 5.0=0.299
1,3,5.25,0,layer_class,categorical,37,194,,,,,,,,,,,,,,,,,,3.0,3.0,0.025848107433503728,0.013931457230426266,0.013931457230426214,delaminated=0.135; multilayer=0.054; single_or_few_layer=0.811,delaminated=0.134; multilayer=0.041; single_or_few_layer=0.825
2,1,1.0,0,interlayer_A,continuous,37,37,13.08837837837838,13.657252307423027,12.7,12.615937906118727,7.005013091237475,7.50402893049885,2.6000000000000014,2.9459520267047825,5.3,5.433332985312314,39.3,38.99110564031063,0.21621621621621623,0.35648804035053694,0.8091520667137632,0.11551042891353425,0.0812095454548469,,,,,,,
2,1,1.0,0,target_cap_F_g,continuous,37,37,320.42702702702707,301.2828551256762,287.9,295.1645207994192,237.5329528585322,116.3385887561182,120.30000000000001,154.58974774339302,74.0,84.10074193452311,1609.5,497.5114437639699,0.1891891891891892,0.5278931711644922,54.66718461836244,0.23014568698988322,-0.08059585699990268,,,,,,,
2,1,1.0,0,h2so4_M,categorical,37,37,,,,,,,,,,,,,,,,,,4.0,3.0,0.17662134982070357,0.08108108108108109,0.08108108108108109,0.5=0.216; 1.0=0.297; 2.0=0.054; 3.0=0.432,0.5=0.189; 1.0=0.378; 2.0=0.000; 3.0=0.432
2,1,1.0,0,composition_family,categorical,37,37,,,,,,,,,,,,,,,,,,5.0,3.0,0.2001608075579732,0.10810810810810814,0.08108108108108114,doped_mxene=0.027; mxene_carbon_composite=0.081; mxene_polymer_composite=0.081; pristine_mxene=0.784; structured_pristine_mxene=0.027,doped_mxene=0.000; mxene_carbon_composite=0.108; mxene_polymer_composite=0.027; pristine_mxene=0.865; structured_pristine_mxene=0.000
2,1,1.0,0,scan_rate_mV_s,categorical,37,37,,,,,,,,,,,,,,,,,,7.0,5.0,0.17197509509438566,0.08108108108108109,0.05405405405405406,1.0=0.081; 10.0=0.189; 100.0=0.027; 1000.0=0.054; 2.0=0.189; 200.0=0.027; 5.0=0.432,1.0=0.081; 10.0=0.162; 100.0=0.000; 1000.0=0.054; 2.0=0.216; 200.0=0.000; 5.0=0.486
2,1,1.0,0,layer_class,categorical,37,37,,,,,,,,,,,,,,,,,,3.0,3.0,0.0,0.0,0.0,delaminated=0.270; multilayer=0.054; single_or_few_layer=0.676,delaminated=0.270; multilayer=0.054; single_or_few_layer=0.676
2,1,3.0,0,interlayer_A,continuous,37,111,13.08837837837838,12.450909134380558,12.7,12.399997828374344,7.005013091237475,6.353846867247282,2.6000000000000014,6.692085498836127,5.3,5.312208023093737,39.3,39.20079934132617,0.21621621621621623,0.13899051209444518,0.9088835295111678,0.12974758471873296,-0.09100186333630529,,,,,,,
2,1,3.0,0,target_cap_F_g,continuous,37,111,320.42702702702707,324.3063526845379,287.9,284.4243278471194,237.5329528585322,236.20184586964197,120.30000000000001,134.57332612741538,74.0,86.53490454919084,1609.5,1606.568100018522,0.10810810810810811,0.8874406451263142,15.88275021842744,0.06686546025421049,0.01633173675831516,,,,,,,
2,1,3.0,0,h2so4_M,categorical,37,111,,,,,,,,,,,,,,,,,,4.0,4.0,0.09017079153005908,0.09009009009009009,0.08108108108108109,0.5=0.216; 1.0=0.297; 2.0=0.054; 3.0=0.432,0.5=0.279; 1.0=0.216; 2.0=0.045; 3.0=0.459
2,1,3.0,0,composition_family,categorical,37,111,,,,,,,,,,,,,,,,,,5.0,5.0,0.01903528233714301,0.009009009009009007,0.009009009009009014,doped_mxene=0.027; mxene_carbon_composite=0.081; mxene_polymer_composite=0.081; pristine_mxene=0.784; structured_pristine_mxene=0.027,doped_mxene=0.027; mxene_carbon_composite=0.090; mxene_polymer_composite=0.072; pristine_mxene=0.784; structured_pristine_mxene=0.027
2,1,3.0,0,scan_rate_mV_s,categorical,37,111,,,,,,,,,,,,,,,,,,7.0,7.0,0.051153549412829166,0.03603603603603604,0.01801801801801802,1.0=0.081; 10.0=0.189; 100.0=0.027; 1000.0=0.054; 2.0=0.189; 200.0=0.027; 5.0=0.432,1.0=0.072; 10.0=0.198; 100.0=0.036; 1000.0=0.036; 2.0=0.198; 200.0=0.036; 5.0=0.423
2,1,3.0,0,layer_class,categorical,37,111,,,,,,,,,,,,,,,,,,3.0,3.0,0.08865420057049626,0.09909909909909909,0.09909909909909909,delaminated=0.270; multilayer=0.054; single_or_few_layer=0.676,delaminated=0.342; multilayer=0.081; single_or_few_layer=0.577
2,1,5.25,0,interlayer_A,continuous,37,194,13.08837837837838,14.166154181848071,12.7,13.05459662509548,7.005013091237475,6.245807237920768,2.6000000000000014,1.8783766552219117,5.3,5.343298812770691,39.3,39.084660332896455,0.21621621621621623,0.09188497007519034,1.2953865955858523,0.1849227943922393,0.1538577857645797,,,,,,,
2,1,5.25,0,target_cap_F_g,continuous,37,194,320.42702702702707,319.8778146743913,287.9,279.9826895763613,237.5329528585322,230.4272878529192,120.30000000000001,140.02834432123325,74.0,83.81844225737314,1609.5,1605.7437668279829,0.13318473112287546,0.5872031988367498,20.31931711654653,0.08554315042194642,-0.0023121522551983443,,,,,,,
2,1,5.25,0,h2so4_M,categorical,37,194,,,,,,,,,,,,,,,,,,4.0,4.0,0.11211117983787586,0.09765951518528838,0.0976595151852884,0.5=0.216; 1.0=0.297; 2.0=0.054; 3.0=0.432,0.5=0.119; 1.0=0.325; 2.0=0.062; 3.0=0.495
2,1,5.25,0,composition_family,categorical,37,194,,,,,,,,,,,,,,,,,,5.0,5.0,0.046084952791547236,0.042769573697408726,0.04151574254667034,doped_mxene=0.027; mxene_carbon_composite=0.081; mxene_polymer_composite=0.081; pristine_mxene=0.784; structured_pristine_mxene=0.027,doped_mxene=0.026; mxene_carbon_composite=0.093; mxene_polymer_composite=0.103; pristine_mxene=0.742; structured_pristine_mxene=0.036
2,1,5.25,0,scan_rate_mV_s,categorical,37,194,,,,,,,,,,,,,,,,,,7.0,7.0,0.1121065997278557,0.10880468096962942,0.09431596544998605,1.0=0.081; 10.0=0.189; 100.0=0.027; 1000.0=0.054; 2.0=0.189; 200.0=0.027; 5.0=0.432,1.0=0.062; 10.0=0.191; 100.0=0.015; 1000.0=0.067; 2.0=0.284; 200.0=0.015; 5.0=0.366
2,1,5.25,0,layer_class,categorical,37,194,,,,,,,,,,,,,,,,,,3.0,3.0,0.12470432668314978,0.11563109501253829,0.11563109501253832,delaminated=0.270; multilayer=0.054; single_or_few_layer=0.676,delaminated=0.155; multilayer=0.082; single_or_few_layer=0.763
2,2,1.0,0,interlayer_A,continuous,37,37,13.08837837837838,13.829767282275453,12.7,13.093634477857554,7.005013091237475,6.3095579630392615,2.6000000000000014,3.1477705345398945,5.3,5.377228632415488,39.3,38.1243847423763,0.21621621621621623,0.35648804035053694,0.9552384661206919,0.13636497943388476,0.10583690483383562,,,,,,,
2,2,1.0,0,target_cap_F_g,continuous,37,37,320.42702702702707,331.6858393626204,287.9,290.1609893323407,237.5329528585322,232.70627504046251,120.30000000000001,126.39440763802833,74.0,91.44301406088272,1609.5,1591.7566651171503,0.10810810810810811,0.9845599548024895,15.188160114337224,0.06394127606952647,0.047398949072547304,,,,,,,
2,2,1.0,0,h2so4_M,categorical,37,37,,,,,,,,,,,,,,,,,,4.0,4.0,0.10777534567120585,0.10810810810810811,0.10810810810810811,0.5=0.216; 1.0=0.297; 2.0=0.054; 3.0=0.432,0.5=0.135; 1.0=0.270; 2.0=0.054; 3.0=0.541
2,2,1.0,0,composition_family,categorical,37,37,,,,,,,,,,,,,,,,,,5.0,5.0,0.059085585818014194,0.05405405405405406,0.05405405405405406,doped_mxene=0.027; mxene_carbon_composite=0.081; mxene_polymer_composite=0.081; pristine_mxene=0.784; structured_pristine_mxene=0.027,doped_mxene=0.027; mxene_carbon_composite=0.108; mxene_polymer_composite=0.108; pristine_mxene=0.730; structured_pristine_mxene=0.027
2,2,1.0,0,scan_rate_mV_s,categorical,37,37,,,,,,,,,,,,,,,,,,7.0,5.0,0.19726899094465816,0.10810810810810811,0.08108108108108109,1.0=0.081; 10.0=0.189; 100.0=0.027; 1000.0=0.054; 2.0=0.189; 200.0=0.027; 5.0=0.432,1.0=0.162; 10.0=0.216; 100.0=0.000; 1000.0=0.054; 2.0=0.189; 200.0=0.000; 5.0=0.378
2,2,1.0,0,layer_class,categorical,37,37,,,,,,,,,,,,,,,,,,3.0,2.0,0.20774434276409579,0.16216216216216217,0.16216216216216217,delaminated=0.270; multilayer=0.054; single_or_few_layer=0.676,delaminated=0.162; multilayer=0.000; single_or_few_layer=0.838
2,2,1.0,1,interlayer_A,continuous,37,37,13.08837837837838,14.04744148752796,12.7,13.157031337248313,7.005013091237475,7.378313143641563,2.6000000000000014,2.9318011923255636,5.3,5.3138711691921605,39.3,38.33598401712789,0.21621621621621623,0.35648804035053694,1.0826619743392465,0.15455531063796887,0.136910965997946,,,,,,,
2,2,1.0,1,target_cap_F_g,continuous,37,37,320.42702702702707,320.1260990763443,287.9,279.6021480680879,237.5329528585322,231.48249492376635,120.30000000000001,122.12027712483098,74.0,76.99789778660758,1609.5,1567.6808227141455,0.13513513513513514,0.8944468869217319,14.553682839859007,0.061270163422448426,-0.001266889276040729,,,,,,,
2,2,1.0,1,h2so4_M,categorical,37,37,,,,,,,,,,,,,,,,,,4.0,4.0,0.13413060387148218,0.10810810810810811,0.08108108108108109,0.5=0.216; 1.0=0.297; 2.0=0.054; 3.0=0.432,0.5=0.162; 1.0=0.243; 2.0=0.135; 3.0=0.459
2,2,1.0,1,composition_family,categorical,37,37,,,,,,,,,,,,,,,,,,5.0,5.0,0.1148670110262312,0.08108108108108106,0.08108108108108103,doped_mxene=0.027; mxene_carbon_composite=0.081; mxene_polymer_composite=0.081; pristine_mxene=0.784; structured_pristine_mxene=0.027,doped_mxene=0.027; mxene_carbon_composite=0.081; mxene_polymer_composite=0.108; pristine_mxene=0.703; structured_pristine_mxene=0.081
2,2,1.0,1,scan_rate_mV_s,categorical,37,37,,,,,,,,,,,,,,,,,,7.0,6.0,0.154805290113357,0.10810810810810811,0.08108108108108109,1.0=0.081; 10.0=0.189; 100.0=0.027; 1000.0=0.054; 2.0=0.189; 200.0=0.027; 5.0=0.432,1.0=0.081; 10.0=0.216; 100.0=0.027; 1000.0=0.027; 2.0=0.270; 200.0=0.000; 5.0=0.378
2,2,1.0,1,layer_class,categorical,37,37,,,,,,,,,,,,,,,,,,3.0,3.0,0.06145481457690613,0.02702702702702703,0.02702702702702703,delaminated=0.270; multilayer=0.054; single_or_few_layer=0.676,delaminated=0.297; multilayer=0.027; single_or_few_layer=0.676
2,2,1.0,2,interlayer_A,continuous,37,37,13.08837837837838,12.591056757886252,12.7,12.35135045472328,7.005013091237475,7.436780873012572,2.6000000000000014,6.827072193153575,5.3,5.771807752348479,39.3,38.61513476181028,0.21621621621621623,0.35648804035053694,1.4621721840204531,0.20873225573974655,-0.07099510222389514,,,,,,,
2,2,1.0,2,target_cap_F_g,continuous,37,37,320.42702702702707,319.50611475899797,287.9,292.17068035809274,237.5329528585322,235.53567214557214,120.30000000000001,133.86765320548875,74.0,93.63134970057254,1609.5,1580.5530889739523,0.10810810810810811,0.9845599548024895,13.485005867917746,0.05677109514968657,-0.003876987411416418,,,,,,,
2,2,1.0,2,h2so4_M,categorical,37,37,,,,,,,,,,,,,,,,,,4.0,4.0,0.10047202313117892,0.10810810810810811,0.08108108108108109,0.5=0.216; 1.0=0.297; 2.0=0.054; 3.0=0.432,0.5=0.297; 1.0=0.270; 2.0=0.081; 3.0=0.351
2,2,1.0,2,composition_family,categorical,37,37,,,,,,,,,,,,,,,,,,5.0,4.0,0.12210999957726641,0.02702702702702703,0.02702702702702703,doped_mxene=0.027; mxene_carbon_composite=0.081; mxene_polymer_composite=0.081; pristine_mxene=0.784; structured_pristine_mxene=0.027,doped_mxene=0.027; mxene_carbon_composite=0.081; mxene_polymer_composite=0.108; pristine_mxene=0.784; structured_pristine_mxene=0.000
2,2,1.0,2,scan_rate_mV_s,categorical,37,37,,,,,,,,,,,,,,,,,,7.0,5.0,0.21083443630994278,0.10810810810810809,0.08108108108108103,1.0=0.081; 10.0=0.189; 100.0=0.027; 1000.0=0.054; 2.0=0.189; 200.0=0.027; 5.0=0.432,1.0=0.081; 10.0=0.162; 100.0=0.027; 1000.0=0.000; 2.0=0.216; 200.0=0.000; 5.0=0.514
2,2,1.0,2,layer_class,categorical,37,37,,,,,,,,,,,,,,,,,,3.0,3.0,0.1260027133099955,0.13513513513513511,0.1351351351351351,delaminated=0.270; multilayer=0.054; single_or_few_layer=0.676,delaminated=0.351; multilayer=0.108; single_or_few_layer=0.541
2,2,3.0,0,interlayer_A,continuous,37,111,13.08837837837838,15.078764442953425,12.7,12.834827932270732,7.005013091237475,8.372585789984152,2.6000000000000014,3.4038212123048943,5.3,5.377228632415488,39.3,39.25199650727662,0.21621621621621623,0.13899051209444518,2.021826577934126,0.2886256673043503,0.284137379709512,,,,,,,
2,2,3.0,0,target_cap_F_g,continuous,37,111,320.42702702702707,316.43811999772976,287.9,284.288511440785,237.5329528585322,228.1168243730001,120.30000000000001,102.85858252280207,74.0,81.3281381319291,1609.5,1608.776780991667,0.08108108108108109,0.9906979321542126,9.312846558048253,0.03920654564335213,-0.016793067998750418,,,,,,,
2,2,3.0,0,h2so4_M,categorical,37,111,,,,,,,,,,,,,,,,,,4.0,4.0,0.09031644926920525,0.08108108108108103,0.072072072072072,0.5=0.216; 1.0=0.297; 2.0=0.054; 3.0=0.432,0.5=0.162; 1.0=0.306; 2.0=0.027; 3.0=0.505
2,2,3.0,0,composition_family,categorical,37,111,,,,,,,,,,,,,,,,,,5.0,5.0,0.07411263557988246,0.07207207207207209,0.07207207207207211,doped_mxene=0.027; mxene_carbon_composite=0.081; mxene_polymer_composite=0.081; pristine_mxene=0.784; structured_pristine_mxene=0.027,doped_mxene=0.027; mxene_carbon_composite=0.117; mxene_polymer_composite=0.108; pristine_mxene=0.712; structured_pristine_mxene=0.036
2,2,3.0,0,scan_rate_mV_s,categorical,37,111,,,,,,,,,,,,,,,,,,7.0,7.0,0.11962333184285444,0.1171171171171171,0.06306306306306303,1.0=0.081; 10.0=0.189; 100.0=0.027; 1000.0=0.054; 2.0=0.189; 200.0=0.027; 5.0=0.432,1.0=0.063; 10.0=0.162; 100.0=0.018; 1000.0=0.108; 2.0=0.135; 200.0=0.018; 5.0=0.495
2,2,3.0,0,layer_class,categorical,37,111,,,,,,,,,,,,,,,,,,3.0,3.0,0.043246915741194804,0.03603603603603604,0.036036036036036,delaminated=0.270; multilayer=0.054; single_or_few_layer=0.676,delaminated=0.252; multilayer=0.036; single_or_few_layer=0.712
2,2,3.0,1,interlayer_A,continuous,37,111,13.08837837837838,13.063554595590956,12.7,12.70777101231642,7.005013091237475,6.578134896461759,2.6000000000000014,3.0196530812459415,5.3,5.3138711691921605,39.3,38.54065570899996,0.21621621621621623,0.13899051209444518,0.5111775408494078,0.07297310286098344,-0.003543716830233439,,,,,,,
2,2,3.0,1,target_cap_F_g,continuous,37,111,320.42702702702707,311.1837608688781,287.9,284.5619851217129,237.5329528585322,189.4083140317281,120.30000000000001,93.69938440609258,74.0,76.45674082812006,1609.5,1554.1721938891185,0.0990990990990991,0.9379669797917024,21.391517277415247,0.09005705111642097,-0.03891361618214713,,,,,,,
2,2,3.0,1,h2so4_M,categorical,37,111,,,,,,,,,,,,,,,,,,4.0,4.0,0.03993107116988577,0.04504504504504504,0.045045045045045085,0.5=0.216; 1.0=0.297; 2.0=0.054; 3.0=0.432,0.5=0.234; 1.0=0.315; 2.0=0.063; 3.0=0.387
2,2,3.0,1,composition_family,categorical,37,111,,,,,,,,,,,,,,,,,,5.0,5.0,0.058101952880007156,0.036036036036036063,0.018018018018018056,doped_mxene=0.027; mxene_carbon_composite=0.081; mxene_polymer_composite=0.081; pristine_mxene=0.784; structured_pristine_mxene=0.027,doped_mxene=0.018; mxene_carbon_composite=0.063; mxene_polymer_composite=0.072; pristine_mxene=0.802; structured_pristine_mxene=0.045
2,2,3.0,1,scan_rate_mV_s,categorical,37,111,,,,,,,,,,,,,,,,,,7.0,7.0,0.07933177396370966,0.05405405405405405,0.02702702702702703,1.0=0.081; 10.0=0.189; 100.0=0.027; 1000.0=0.054; 2.0=0.189; 200.0=0.027; 5.0=0.432,1.0=0.054; 10.0=0.216; 100.0=0.045; 1000.0=0.036; 2.0=0.198; 200.0=0.018; 5.0=0.432
2,2,3.0,1,layer_class,categorical,37,111,,,,,,,,,,,,,,,,,,3.0,3.0,0.07457981401424381,0.07207207207207202,0.072072072072072,delaminated=0.270; multilayer=0.054; single_or_few_layer=0.676,delaminated=0.306; multilayer=0.090; single_or_few_layer=0.604
2,2,3.0,2,interlayer_A,continuous,37,111,13.08837837837838,12.562009082107977,12.7,12.406914202002756,7.005013091237475,6.624416496245549,2.6000000000000014,6.600952659049598,5.3,5.403805737366669,39.3,38.749060614676125,0.21621621621621623,0.13899051209444518,0.8641293306237995,0.12335870316998168,-0.07514180050981413,,,,,,,
2,2,3.0,2,target_cap_F_g,continuous,37,111,320.42702702702707,282.6807669921836,287.9,270.32216145500473,237.5329528585322,156.15505085889853,120.30000000000001,96.61275819108766,74.0,77.10808787505458,1609.5,1589.5918097049594,0.18018018018018017,0.31132155892475655,38.00447304355682,0.1599966345140802,-0.15890957267442413,,,,,,,
2,2,3.0,2,h2so4_M,categorical,37,111,,,,,,,,,,,,,,,,,,4.0,4.0,0.07066605510106945,0.07207207207207207,0.06306306306306309,0.5=0.216; 1.0=0.297; 2.0=0.054; 3.0=0.432,0.5=0.279; 1.0=0.288; 2.0=0.063; 3.0=0.369
2,2,3.0,2,composition_family,categorical,37,111,,,,,,,,,,,,,,,,,,5.0,5.0,0.11098884604498276,0.07207207207207207,0.04504504504504505,doped_mxene=0.027; mxene_carbon_composite=0.081; mxene_polymer_composite=0.081; pristine_mxene=0.784; structured_pristine_mxene=0.027,doped_mxene=0.009; mxene_carbon_composite=0.036; mxene_polymer_composite=0.108; pristine_mxene=0.829; structured_pristine_mxene=0.018
2,2,3.0,2,scan_rate_mV_s,categorical,37,111,,,,,,,,,,,,,,,,,,7.0,7.0,0.08720419964417782,0.05405405405405406,0.04504504504504503,1.0=0.081; 10.0=0.189; 100.0=0.027; 1000.0=0.054; 2.0=0.189; 200.0=0.027; 5.0=0.432,1.0=0.126; 10.0=0.180; 100.0=0.009; 1000.0=0.063; 2.0=0.189; 200.0=0.027; 5.0=0.405
2,2,3.0,2,layer_class,categorical,37,111,,,,,,,,,,,,,,,,,,3.0,3.0,0.05602537224133931,0.06306306306306307,0.06306306306306309,delaminated=0.270; multilayer=0.054; single_or_few_layer=0.676,delaminated=0.324; multilayer=0.063; single_or_few_layer=0.613
2,2,5.25,0,interlayer_A,continuous,37,194,13.08837837837838,13.516102634838116,12.7,12.779055596611684,7.005013091237475,6.9874097708271705,2.6000000000000014,2.9213808967325114,5.3,5.377228632415488,39.3,39.29481515019007,0.21621621621621623,0.09188497007519034,0.5988905005867673,0.0854945583664812,0.06105973691823274,,,,,,,
2,2,5.25,0,target_cap_F_g,continuous,37,194,320.42702702702707,345.86327877511195,287.9,290.8487371760219,237.5329528585322,286.48561027012687,120.30000000000001,122.41535900581664,74.0,74.37651808384554,1609.5,1590.9403200681836,0.09543048202842017,0.9102579152771918,34.59826805402137,0.14565670841732473,0.10708514941602222,,,,,,,
2,2,5.25,0,h2so4_M,categorical,37,194,,,,,,,,,,,,,,,,,,4.0,4.0,0.019895072750720208,0.0176929506826414,0.011981053218166615,0.5=0.216; 1.0=0.297; 2.0=0.054; 3.0=0.432,0.5=0.206; 1.0=0.309; 2.0=0.046; 3.0=0.438
2,2,5.25,0,composition_family,categorical,37,194,,,,,,,,,,,,,,,,,,5.0,5.0,0.07371768266331635,0.034689328503761475,0.034689328503761496,doped_mxene=0.027; mxene_carbon_composite=0.081; mxene_polymer_composite=0.081; pristine_mxene=0.784; structured_pristine_mxene=0.027,doped_mxene=0.046; mxene_carbon_composite=0.046; mxene_polymer_composite=0.082; pristine_mxene=0.794; structured_pristine_mxene=0.031
2,2,5.25,0,scan_rate_mV_s,categorical,37,194,,,,,,,,,,,,,,,,,,7.0,7.0,0.055726535259763586,0.04444134856505989,0.025215937587071635,1.0=0.081; 10.0=0.189; 100.0=0.027; 1000.0=0.054; 2.0=0.189; 200.0=0.027; 5.0=0.432,1.0=0.088; 10.0=0.206; 100.0=0.015; 1000.0=0.046; 2.0=0.196; 200.0=0.041; 5.0=0.407
2,2,5.25,0,layer_class,categorical,37,194,,,,,,,,,,,,,,,,,,3.0,3.0,0.04970408555397406,0.02535525215937587,0.02535525215937584,delaminated=0.270; multilayer=0.054; single_or_few_layer=0.676,delaminated=0.268; multilayer=0.031; single_or_few_layer=0.701
2,2,5.25,1,interlayer_A,continuous,37,194,13.08837837837838,13.51706599045705,12.7,12.646309496989456,7.005013091237475,7.244475728062512,2.6000000000000014,2.402341970416572,5.3,5.336801651438231,39.3,39.13195102104654,0.21621621621621623,0.09188497007519034,0.7457887775568137,0.1064650083937339,0.061197260661070424,,,,,,,
2,2,5.25,1,target_cap_F_g,continuous,37,194,320.42702702702707,322.6575149456877,287.9,287.14576633721146,237.5329528585322,247.01358639663226,120.30000000000001,124.57808991720498,74.0,76.25362666652,1609.5,1607.454877734234,0.08679297854555587,0.9544224328554617,13.345498120373644,0.05618377559732455,0.009390225195360759,,,,,,,
2,2,5.25,1,h2so4_M,categorical,37,194,,,,,,,,,,,,,,,,,,4.0,4.0,0.0681167333632302,0.05837280579548622,0.058372805795486205,0.5=0.216; 1.0=0.297; 2.0=0.054; 3.0=0.432,0.5=0.196; 1.0=0.356; 2.0=0.031; 3.0=0.418
2,2,5.25,1,composition_family,categorical,37,194,,,,,,,,,,,,,,,,,,5.0,5.0,0.08489453949424303,0.06338813039843964,0.046670381721928056,doped_mxene=0.027; mxene_carbon_composite=0.081; mxene_polymer_composite=0.081; pristine_mxene=0.784; structured_pristine_mxene=0.027,doped_mxene=0.031; mxene_carbon_composite=0.124; mxene_polymer_composite=0.098; pristine_mxene=0.737; structured_pristine_mxene=0.010
2,2,5.25,1,scan_rate_mV_s,categorical,37,194,,,,,,,,,,,,,,,,,,7.0,7.0,0.07276549068004246,0.06269155753691835,0.05210365004179435,1.0=0.081; 10.0=0.189; 100.0=0.027; 1000.0=0.054; 2.0=0.189; 200.0=0.027; 5.0=0.432,1.0=0.057; 10.0=0.196; 100.0=0.031; 1000.0=0.036; 2.0=0.180; 200.0=0.015; 5.0=0.485
2,2,5.25,1,layer_class,categorical,37,194,,,,,,,,,,,,,,,,,,3.0,3.0,0.013734438417891029,0.015045973808860434,0.015045973808860413,delaminated=0.270; multilayer=0.054; single_or_few_layer=0.676,delaminated=0.258; multilayer=0.052; single_or_few_layer=0.691
2,2,5.25,2,interlayer_A,continuous,37,194,13.08837837837838,11.914037024342353,12.7,12.288087266438076,7.005013091237475,4.994674083442558,2.6000000000000014,2.8541221719760514,5.3,5.346338190649377,39.3,38.28459225432079,0.21621621621621623,0.09188497007519034,1.5165454315468236,0.21649430369285966,-0.16764299206021516,,,,,,,
2,2,5.25,2,target_cap_F_g,continuous,37,194,320.42702702702707,338.9117593212244,287.9,286.8265613798702,237.5329528585322,272.90901895832474,120.30000000000001,129.1784789131765,74.0,81.53300418805786,1609.5,1600.529033872883,0.11256617442184452,0.7787967121235984,29.200490980911987,0.1229323789794461,0.0778196543753081,,,,,,,
2,2,5.25,2,h2so4_M,categorical,37,194,,,,,,,,,,,,,,,,,,4.0,4.0,0.040044272230562186,0.04318751741432156,0.03552521593758712,0.5=0.216; 1.0=0.297; 2.0=0.054; 3.0=0.432,0.5=0.247; 1.0=0.309; 2.0=0.046; 3.0=0.397
2,2,5.25,2,composition_family,categorical,37,194,,,,,,,,,,,,,,,,,,5.0,5.0,0.042173359009469745,0.02424073558094176,0.014210086375034826,doped_mxene=0.027; mxene_carbon_composite=0.081; mxene_polymer_composite=0.081; pristine_mxene=0.784; structured_pristine_mxene=0.027,doped_mxene=0.041; mxene_carbon_composite=0.072; mxene_polymer_composite=0.067; pristine_mxene=0.794; structured_pristine_mxene=0.026
2,2,5.25,2,scan_rate_mV_s,categorical,37,194,,,,,,,,,,,,,,,,,,7.0,7.0,0.07818119386845983,0.06533853441069937,0.05210365004179435,1.0=0.081; 10.0=0.189; 100.0=0.027; 1000.0=0.054; 2.0=0.189; 200.0=0.027; 5.0=0.432,1.0=0.082; 10.0=0.160; 100.0=0.026; 1000.0=0.026; 2.0=0.201; 200.0=0.021; 5.0=0.485
2,2,5.25,2,layer_class,categorical,37,194,,,,,,,,,,,,,,,,,,3.0,3.0,0.014319067215333312,0.01588186124268597,0.01588186124268598,delaminated=0.270; multilayer=0.054; single_or_few_layer=0.676,delaminated=0.284; multilayer=0.057; single_or_few_layer=0.660
2,3,1.0,0,interlayer_A,continuous,37,37,13.08837837837838,13.622058472093011,12.7,12.8702521731396,7.005013091237475,6.584822908463184,2.6000000000000014,2.4483470540588357,5.3,5.312662843277153,39.3,27.23482089855882,0.21621621621621623,0.35648804035053694,1.226763612258463,0.17512652671456297,0.0761854527270203,,,,,,,
2,3,1.0,0,target_cap_F_g,continuous,37,37,320.42702702702707,321.8104194982585,287.9,287.895527722542,237.5329528585322,224.33972117173496,120.30000000000001,90.17017860770889,74.0,80.36461384049436,1609.5,1563.8687882382544,0.10810810810810811,0.9845599548024895,16.032079651047447,0.0674941285329606,0.005824002331395906,,,,,,,
2,3,1.0,0,h2so4_M,categorical,37,37,,,,,,,,,,,,,,,,,,4.0,4.0,0.055680597777293256,0.05405405405405406,0.05405405405405406,0.5=0.216; 1.0=0.297; 2.0=0.054; 3.0=0.432,0.5=0.216; 1.0=0.243; 2.0=0.054; 3.0=0.486
2,3,1.0,0,composition_family,categorical,37,37,,,,,,,,,,,,,,,,,,5.0,5.0,0.057966681423282596,0.02702702702702703,0.02702702702702703,doped_mxene=0.027; mxene_carbon_composite=0.081; mxene_polymer_composite=0.081; pristine_mxene=0.784; structured_pristine_mxene=0.027,doped_mxene=0.027; mxene_carbon_composite=0.108; mxene_polymer_composite=0.054; pristine_mxene=0.784; structured_pristine_mxene=0.027
2,3,1.0,0,scan_rate_mV_s,categorical,37,37,,,,,,,,,,,,,,,,,,7.0,7.0,0.1363518919863135,0.10810810810810811,0.08108108108108109,1.0=0.081; 10.0=0.189; 100.0=0.027; 1000.0=0.054; 2.0=0.189; 200.0=0.027; 5.0=0.432,1.0=0.054; 10.0=0.189; 100.0=0.027; 1000.0=0.135; 2.0=0.216; 200.0=0.027; 5.0=0.351
2,3,1.0,0,layer_class,categorical,37,37,,,,,,,,,,,,,,,,,,3.0,3.0,0.06764350747972593,0.05405405405405406,0.05405405405405406,delaminated=0.270; multilayer=0.054; single_or_few_layer=0.676,delaminated=0.243; multilayer=0.027; single_or_few_layer=0.730
2,3,3.0,0,interlayer_A,continuous,37,111,13.08837837837838,13.972439524332938,12.7,13.051232288596086,7.005013091237475,7.017533433347283,2.6000000000000014,2.8508697180821425,5.3,5.312662843277153,39.3,38.96650565082919,0.21621621621621623,0.13899051209444518,0.9481282580857617,0.13534996233936653,0.12620406763556574,,,,,,,
2,3,3.0,0,target_cap_F_g,continuous,37,111,320.42702702702707,353.17936318389593,287.9,291.5937212283408,237.5329528585322,280.2932139656907,120.30000000000001,114.80647142645415,74.0,75.25504524045294,1609.5,1577.1917810896057,0.09009009009009009,0.9720505544339586,35.364339406370334,0.14888182452492105,0.13788544184172716,,,,,,,
2,3,3.0,0,h2so4_M,categorical,37,111,,,,,,,,,,,,,,,,,,4.0,4.0,0.10959916994652756,0.0900900900900901,0.06306306306306306,0.5=0.216; 1.0=0.297; 2.0=0.054; 3.0=0.432,0.5=0.180; 1.0=0.243; 2.0=0.117; 3.0=0.459
2,3,3.0,0,composition_family,categorical,37,111,,,,,,,,,,,,,,,,,,5.0,5.0,0.06019454451516773,0.027027027027027035,0.02702702702702703,doped_mxene=0.027; mxene_carbon_composite=0.081; mxene_polymer_composite=0.081; pristine_mxene=0.784; structured_pristine_mxene=0.027,doped_mxene=0.045; mxene_carbon_composite=0.054; mxene_polymer_composite=0.081; pristine_mxene=0.793; structured_pristine_mxene=0.027
2,3,3.0,0,scan_rate_mV_s,categorical,37,111,,,,,,,,,,,,,,,,,,7.0,7.0,0.1433995949100403,0.13513513513513514,0.10810810810810811,1.0=0.081; 10.0=0.189; 100.0=0.027; 1000.0=0.054; 2.0=0.189; 200.0=0.027; 5.0=0.432,1.0=0.045; 10.0=0.144; 100.0=0.009; 1000.0=0.063; 2.0=0.297; 200.0=0.045; 5.0=0.396
2,3,3.0,0,layer_class,categorical,37,111,,,,,,,,,,,,,,,,,,3.0,3.0,0.03702038360273536,0.03603603603603607,0.03603603603603606,delaminated=0.270; multilayer=0.054; single_or_few_layer=0.676,delaminated=0.234; multilayer=0.063; single_or_few_layer=0.703
2,3,5.25,0,interlayer_A,continuous,37,194,13.08837837837838,13.977902879319787,12.7,12.582754640829709,7.005013091237475,7.72747861809286,2.6000000000000014,2.949033535047242,5.3,5.306489578340805,39.3,39.29847318406092,0.21621621621621623,0.09188497007519034,1.0535010810966121,0.15039245000333115,0.12698398837456956,,,,,,,
2,3,5.25,0,target_cap_F_g,continuous,37,194,320.42702702702707,296.75926807862515,287.9,277.57449661796767,237.5329528585322,159.52497391162103,120.30000000000001,109.73077108469457,74.0,74.07756069970303,1609.5,1584.467715745919,0.14864864864864866,0.44967761606169077,29.42539312084809,0.1238792039872169,-0.09963989696409721,,,,,,,
2,3,5.25,0,h2so4_M,categorical,37,194,,,,,,,,,,,,,,,,,,4.0,4.0,0.04164951760436395,0.04290888826971303,0.04290888826971301,0.5=0.216; 1.0=0.297; 2.0=0.054; 3.0=0.432,0.5=0.191; 1.0=0.340; 2.0=0.052; 3.0=0.418
2,3,5.25,0,composition_family,categorical,37,194,,,,,,,,,,,,,,,,,,5.0,5.0,0.07839231403094682,0.03747561994984675,0.037475619949846745,doped_mxene=0.027; mxene_carbon_composite=0.081; mxene_polymer_composite=0.081; pristine_mxene=0.784; structured_pristine_mxene=0.027,doped_mxene=0.010; mxene_carbon_composite=0.067; mxene_polymer_composite=0.119; pristine_mxene=0.784; structured_pristine_mxene=0.021
2,3,5.25,0,scan_rate_mV_s,categorical,37,194,,,,,,,,,,,,,,,,,,7.0,7.0,0.03697302271723176,0.03259960991919757,0.022011702424073548,1.0=0.081; 10.0=0.189; 100.0=0.027; 1000.0=0.054; 2.0=0.189; 200.0=0.027; 5.0=0.432,1.0=0.103; 10.0=0.196; 100.0=0.031; 1000.0=0.052; 2.0=0.180; 200.0=0.026; 5.0=0.412
2,3,5.25,0,layer_class,categorical,37,194,,,,,,,,,,,,,,,,,,3.0,3.0,0.015048759902188269,0.007801616049038701,0.007801616049038729,delaminated=0.270; multilayer=0.054; single_or_few_layer=0.676,delaminated=0.263; multilayer=0.062; single_or_few_layer=0.675
3,1,1.0,0,interlayer_A,continuous,38,38,13.350000000000001,13.013062202968502,13.3,12.781427277957324,6.952843089486993,7.014507592725028,2.9000000000000004,7.92660217500919,5.3,5.363911082051759,39.3,38.7570531237736,0.21052631578947367,0.37272752790955144,1.0240982211581602,0.14729200817240393,-0.04846043448628435,,,,,,,
3,1,1.0,0,target_cap_F_g,continuous,38,38,257.42894736842106,283.6247835161212,255.35,280.5784544756722,83.87964643075522,61.072315311413774,78.225,59.449495186024706,74.0,119.26673873285796,424.0,417.598520726004,0.21052631578947367,0.37272752790955144,27.263463614162944,0.3250307407610454,0.31230265341337,,,,,,,
3,1,1.0,0,h2so4_M,categorical,38,38,,,,,,,,,,,,,,,,,,4.0,4.0,0.0834173252811334,0.07894736842105265,0.07894736842105265,0.5=0.211; 1.0=0.500; 2.0=0.053; 3.0=0.237,0.5=0.289; 1.0=0.421; 2.0=0.053; 3.0=0.237
3,1,1.0,0,composition_family,categorical,38,38,,,,,,,,,,,,,,,,,,3.0,3.0,0.028179951552467646,0.026315789473684195,0.02631578947368421,mxene_polymer_composite=0.211; pristine_mxene=0.763; structured_pristine_mxene=0.026,mxene_polymer_composite=0.184; pristine_mxene=0.789; structured_pristine_mxene=0.026
3,1,1.0,0,scan_rate_mV_s,categorical,38,38,,,,,,,,,,,,,,,,,,7.0,6.0,0.17916252908011962,0.15789473684210525,0.07894736842105265,1.0=0.079; 10.0=0.158; 100.0=0.026; 1000.0=0.053; 2.0=0.316; 200.0=0.026; 5.0=0.342,1.0=0.132; 10.0=0.105; 100.0=0.000; 1000.0=0.079; 2.0=0.368; 200.0=0.053; 5.0=0.263
3,1,1.0,0,layer_class,categorical,38,38,,,,,,,,,,,,,,,,,,2.0,2.0,0.046349239392637964,0.052631578947368446,0.052631578947368474,delaminated=0.342; single_or_few_layer=0.658,delaminated=0.395; single_or_few_layer=0.605
3,1,3.0,0,interlayer_A,continuous,38,114,13.350000000000001,13.393300005500844,13.3,12.755022075026776,6.952843089486993,7.039066604314262,2.9000000000000004,5.791660745861135,5.3,5.349812352329984,39.3,39.288168164074655,0.21052631578947367,0.1491668737321875,0.894179032502275,0.12860624366085774,0.0062276690187808665,,,,,,,
3,1,3.0,0,target_cap_F_g,continuous,38,114,257.42894736842106,276.67465004141616,255.35,275.18340421963137,83.87964643075522,76.84248604034708,78.225,72.45141764474042,74.0,82.66263185516537,424.0,423.5954605421167,0.15789473684210525,0.4555787178842112,19.423510159802387,0.2315640442742804,0.22944425128070745,,,,,,,
3,1,3.0,0,h2so4_M,categorical,38,114,,,,,,,,,,,,,,,,,,4.0,4.0,0.03592623956597239,0.035087719298245626,0.03508771929824561,0.5=0.211; 1.0=0.500; 2.0=0.053; 3.0=0.237,0.5=0.246; 1.0=0.474; 2.0=0.053; 3.0=0.228
3,1,3.0,0,composition_family,categorical,38,114,,,,,,,,,,,,,,,,,,3.0,3.0,0.05791382433160306,0.05263157894736839,0.05263157894736842,mxene_polymer_composite=0.211; pristine_mxene=0.763; structured_pristine_mxene=0.026,mxene_polymer_composite=0.158; pristine_mxene=0.816; structured_pristine_mxene=0.026
3,1,3.0,0,scan_rate_mV_s,categorical,38,114,,,,,,,,,,,,,,,,,,7.0,7.0,0.0677911647676749,0.07017543859649122,0.07017543859649122,1.0=0.079; 10.0=0.158; 100.0=0.026; 1000.0=0.053; 2.0=0.316; 200.0=0.026; 5.0=0.342,1.0=0.079; 10.0=0.175; 100.0=0.035; 1000.0=0.061; 2.0=0.351; 200.0=0.026; 5.0=0.272
3,1,3.0,0,layer_class,categorical,38,114,,,,,,,,,,,,,,,,,,2.0,2.0,0.046349239392637964,0.052631578947368446,0.052631578947368474,delaminated=0.342; single_or_few_layer=0.658,delaminated=0.395; single_or_few_layer=0.605
3,1,5.25,0,interlayer_A,continuous,38,200,13.350000000000001,13.465712008788032,13.3,12.806617402859693,6.952843089486993,6.752417554745728,2.9000000000000004,4.14216042358753,5.3,5.404976756087261,39.3,39.288168164074655,0.21052631578947367,0.10022211616241984,0.6808118481351357,0.09791848303962929,0.01664240186334592,,,,,,,
3,1,5.25,0,target_cap_F_g,continuous,38,200,257.42894736842106,263.5136602673481,255.35,270.30026193731476,83.87964643075522,84.54771126027208,78.225,80.4155697436324,74.0,75.08737052365687,424.0,422.57776865095394,0.08368421052631579,0.9623763502050873,7.641887170796228,0.09110538129300295,0.0725409936479657,,,,,,,
3,1,5.25,0,h2so4_M,categorical,38,200,,,,,,,,,,,,,,,,,,4.0,4.0,0.06201688758682645,0.05000000000000001,0.04999999999999999,0.5=0.211; 1.0=0.500; 2.0=0.053; 3.0=0.237,0.5=0.220; 1.0=0.450; 2.0=0.085; 3.0=0.245
3,1,5.25,0,composition_family,categorical,38,200,,,,,,,,,,,,,,,,,,3.0,3.0,0.03661597246459071,0.021842105263157878,0.021842105263157885,mxene_polymer_composite=0.211; pristine_mxene=0.763; structured_pristine_mxene=0.026,mxene_polymer_composite=0.200; pristine_mxene=0.785; structured_pristine_mxene=0.015
3,1,5.25,0,scan_rate_mV_s,categorical,38,200,,,,,,,,,,,,,,,,,,7.0,7.0,0.06817406970776108,0.06078947368421054,0.04210526315789476,1.0=0.079; 10.0=0.158; 100.0=0.026; 1000.0=0.053; 2.0=0.316; 200.0=0.026; 5.0=0.342,1.0=0.115; 10.0=0.155; 100.0=0.035; 1000.0=0.060; 2.0=0.300; 200.0=0.035; 5.0=0.300
3,1,5.25,0,layer_class,categorical,38,200,,,,,,,,,,,,,,,,,,2.0,2.0,0.020338216074479644,0.022894736842105273,0.0228947368421053,delaminated=0.342; single_or_few_layer=0.658,delaminated=0.365; single_or_few_layer=0.635
3,2,1.0,0,interlayer_A,continuous,38,38,13.350000000000001,12.143722984569328,13.3,12.14277887073111,6.952843089486993,5.441386289498843,2.9000000000000004,7.24565082609219,5.3,5.325657975641418,39.3,26.60792586316006,0.21052631578947367,0.37272752790955144,1.5670504118556594,0.2253826803923001,-0.1734940656513043,,,,,,,
3,2,1.0,0,target_cap_F_g,continuous,38,38,257.42894736842106,279.79742103418295,255.35,274.42004108533087,83.87964643075522,84.47755479091876,78.225,95.91187150320195,74.0,92.74038524978256,424.0,423.7804919462207,0.13157894736842105,0.9032533298136647,22.551972789036327,0.26886108547981963,0.2666734376882195,,,,,,,
3,2,1.0,0,h2so4_M,categorical,38,38,,,,,,,,,,,,,,,,,,4.0,4.0,0.11788696922954013,0.13157894736842105,0.10526315789473684,0.5=0.211; 1.0=0.500; 2.0=0.053; 3.0=0.237,0.5=0.263; 1.0=0.395; 2.0=0.026; 3.0=0.316
3,2,1.0,0,composition_family,categorical,38,38,,,,,,,,,,,,,,,,,,3.0,3.0,0.0,0.0,0.0,mxene_polymer_composite=0.211; pristine_mxene=0.763; structured_pristine_mxene=0.026,mxene_polymer_composite=0.211; pristine_mxene=0.763; structured_pristine_mxene=0.026
3,2,1.0,0,scan_rate_mV_s,categorical,38,38,,,,,,,,,,,,,,,,,,7.0,6.0,0.21706437302127252,0.18421052631578946,0.10526315789473684,1.0=0.079; 10.0=0.158; 100.0=0.026; 1000.0=0.053; 2.0=0.316; 200.0=0.026; 5.0=0.342,1.0=0.184; 10.0=0.079; 100.0=0.053; 1000.0=0.053; 2.0=0.237; 200.0=0.000; 5.0=0.395
3,2,1.0,0,layer_class,categorical,38,38,,,,,,,,,,,,,,,,,,2.0,2.0,0.0,0.0,0.0,delaminated=0.342; single_or_few_layer=0.658,delaminated=0.342; single_or_few_layer=0.658
3,2,1.0,1,interlayer_A,continuous,38,38,13.350000000000001,13.960056845885049,13.3,12.701922009494307,6.952843089486993,6.3782797448043285,2.9000000000000004,2.9053605802291873,5.3,5.439511869754873,39.3,38.007588079296966,0.21052631578947367,0.37272752790955144,0.9044601585766885,0.1300849374760481,0.08774207011912588,,,,,,,
3,2,1.0,1,target_cap_F_g,continuous,38,38,257.42894736842106,234.2471016009406,255.35,241.33986992411445,83.87964643075522,78.84570719969777,78.225,67.12963265878017,74.0,76.0499743571899,424.0,387.9856873165898,0.15789473684210525,0.7378793870697806,25.397113200461565,0.30278040360396047,-0.276370332421676,,,,,,,
3,2,1.0,1,h2so4_M,categorical,38,38,,,,,,,,,,,,,,,,,,4.0,4.0,0.07324696718643021,0.07894736842105264,0.07894736842105265,0.5=0.211; 1.0=0.500; 2.0=0.053; 3.0=0.237,0.5=0.158; 1.0=0.579; 2.0=0.053; 3.0=0.211
3,2,1.0,1,composition_family,categorical,38,38,,,,,,,,,,,,,,,,,,3.0,3.0,0.05791382433160306,0.05263157894736839,0.05263157894736842,mxene_polymer_composite=0.211; pristine_mxene=0.763; structured_pristine_mxene=0.026,mxene_polymer_composite=0.158; pristine_mxene=0.816; structured_pristine_mxene=0.026
3,2,1.0,1,scan_rate_mV_s,categorical,38,38,,,,,,,,,,,,,,,,,,7.0,6.0,0.15954447513072045,0.10526315789473684,0.10526315789473684,1.0=0.079; 10.0=0.158; 100.0=0.026; 1000.0=0.053; 2.0=0.316; 200.0=0.026; 5.0=0.342,1.0=0.053; 10.0=0.263; 100.0=0.000; 1000.0=0.053; 2.0=0.289; 200.0=0.026; 5.0=0.316
3,2,1.0,1,layer_class,categorical,38,38,,,,,,,,,,,,,,,,,,2.0,2.0,0.12541451409371865,0.13157894736842105,0.13157894736842107,delaminated=0.342; single_or_few_layer=0.658,delaminated=0.211; single_or_few_layer=0.789
3,2,1.0,2,interlayer_A,continuous,38,38,13.350000000000001,14.27227375411404,13.3,13.176103060155825,6.952843089486993,7.25192706255817,2.9000000000000004,3.925582344366397,5.3,5.739320158986496,39.3,38.87520492428087,0.21052631578947367,0.37272752790955144,1.130534467668168,0.16260031373030498,0.1326469966665231,,,,,,,
3,2,1.0,2,target_cap_F_g,continuous,38,38,257.42894736842106,244.54327774732008,255.35,246.45403593385998,83.87964643075522,77.98464266632921,78.225,62.594968868174135,74.0,85.85798349996635,424.0,423.9414897021617,0.18421052631578946,0.5452867518859059,15.523274673932955,0.18506604801616341,-0.15362093391438453,,,,,,,
3,2,1.0,2,h2so4_M,categorical,38,38,,,,,,,,,,,,,,,,,,4.0,4.0,0.09144401838498534,0.07894736842105263,0.07894736842105263,0.5=0.211; 1.0=0.500; 2.0=0.053; 3.0=0.237,0.5=0.211; 1.0=0.447; 2.0=0.026; 3.0=0.316
3,2,1.0,2,composition_family,categorical,38,38,,,,,,,,,,,,,,,,,,3.0,3.0,0.0,0.0,0.0,mxene_polymer_composite=0.211; pristine_mxene=0.763; structured_pristine_mxene=0.026,mxene_polymer_composite=0.211; pristine_mxene=0.763; structured_pristine_mxene=0.026
3,2,1.0,2,scan_rate_mV_s,categorical,38,38,,,,,,,,,,,,,,,,,,7.0,7.0,0.16099929861454595,0.10526315789473682,0.07894736842105263,1.0=0.079; 10.0=0.158; 100.0=0.026; 1000.0=0.053; 2.0=0.316; 200.0=0.026; 5.0=0.342,1.0=0.079; 10.0=0.079; 100.0=0.053; 1000.0=0.132; 2.0=0.289; 200.0=0.026; 5.0=0.342
3,2,1.0,2,layer_class,categorical,38,38,,,,,,,,,,,,,,,,,,2.0,2.0,0.0690625005524468,0.07894736842105263,0.07894736842105265,delaminated=0.342; single_or_few_layer=0.658,delaminated=0.421; single_or_few_layer=0.579
3,2,3.0,0,interlayer_A,continuous,38,114,13.350000000000001,13.565566715654798,13.3,12.748933503816993,6.952843089486993,7.415261004876914,2.9000000000000004,3.311735096236289,5.3,5.301403817051432,39.3,39.29106563350335,0.21052631578947367,0.1491668737321875,0.7759194628055648,0.11159743615943088,0.03100411053152388,,,,,,,
3,2,3.0,0,target_cap_F_g,continuous,38,114,257.42894736842106,250.33048840003204,255.35,251.8601687921797,83.87964643075522,70.82489907912789,78.225,74.82643228240201,74.0,89.45052806656682,424.0,413.7938895133263,0.09649122807017543,0.9440693643305696,10.355643802985224,0.12345836259019131,-0.08462671542433102,,,,,,,
3,2,3.0,0,h2so4_M,categorical,38,114,,,,,,,,,,,,,,,,,,4.0,4.0,0.11703770436367357,0.061403508771929835,0.04385964912280704,0.5=0.211; 1.0=0.500; 2.0=0.053; 3.0=0.237,0.5=0.228; 1.0=0.544; 2.0=0.009; 3.0=0.219
3,2,3.0,0,composition_family,categorical,38,114,,,,,,,,,,,,,,,,,,3.0,2.0,0.11530122666978679,0.02631578947368418,0.02631578947368421,mxene_polymer_composite=0.211; pristine_mxene=0.763; structured_pristine_mxene=0.026,mxene_polymer_composite=0.219; pristine_mxene=0.781; structured_pristine_mxene=0.000
3,2,3.0,0,scan_rate_mV_s,categorical,38,114,,,,,,,,,,,,,,,,,,7.0,7.0,0.11442984415182376,0.08771929824561402,0.04385964912280699,1.0=0.079; 10.0=0.158; 100.0=0.026; 1000.0=0.053; 2.0=0.316; 200.0=0.026; 5.0=0.342,1.0=0.070; 10.0=0.193; 100.0=0.053; 1000.0=0.018; 2.0=0.272; 200.0=0.035; 5.0=0.360
3,2,3.0,0,layer_class,categorical,38,114,,,,,,,,,,,,,,,,,,2.0,2.0,0.007828344810135326,0.008771929824561403,0.00877192982456143,delaminated=0.342; single_or_few_layer=0.658,delaminated=0.351; single_or_few_layer=0.649
3,2,3.0,1,interlayer_A,continuous,38,114,13.350000000000001,12.98766242720729,13.3,12.868135263754674,6.952843089486993,6.017406676131323,2.9000000000000004,4.67617104915656,5.3,5.356220209049517,39.3,38.51047754295004,0.21052631578947367,0.1491668737321875,0.920319999301197,0.1323659958172739,-0.05211358405895592,,,,,,,
3,2,3.0,1,target_cap_F_g,continuous,38,114,257.42894736842106,265.81892527371974,255.35,258.6503908664901,83.87964643075522,85.76981269071045,78.225,76.7034358334036,74.0,74.35152580527506,424.0,423.8780408459559,0.07894736842105263,0.9920739732935762,9.066813554934697,0.10809313034503051,0.10002400179672692,,,,,,,
3,2,3.0,1,h2so4_M,categorical,38,114,,,,,,,,,,,,,,,,,,4.0,4.0,0.027447004956896767,0.026315789473684223,0.026315789473684237,0.5=0.211; 1.0=0.500; 2.0=0.053; 3.0=0.237,0.5=0.228; 1.0=0.474; 2.0=0.061; 3.0=0.237
3,2,3.0,1,composition_family,categorical,38,114,,,,,,,,,,,,,,,,,,3.0,3.0,0.06622741352063818,0.043859649122806973,0.04385964912280693,mxene_polymer_composite=0.211; pristine_mxene=0.763; structured_pristine_mxene=0.026,mxene_polymer_composite=0.184; pristine_mxene=0.807; structured_pristine_mxene=0.009
3,2,3.0,1,scan_rate_mV_s,categorical,38,114,,,,,,,,,,,,,,,,,,7.0,7.0,0.09252229149724805,0.08771929824561403,0.05263157894736842,1.0=0.079; 10.0=0.158; 100.0=0.026; 1000.0=0.053; 2.0=0.316; 200.0=0.026; 5.0=0.342,1.0=0.096; 10.0=0.123; 100.0=0.035; 1000.0=0.070; 2.0=0.333; 200.0=0.053; 5.0=0.289
3,2,3.0,1,layer_class,categorical,38,114,,,,,,,,,,,,,,,,,,2.0,2.0,0.03105373700398085,0.03508771929824561,0.03508771929824561,delaminated=0.342; single_or_few_layer=0.658,delaminated=0.377; single_or_few_layer=0.623
3,2,3.0,2,interlayer_A,continuous,38,114,13.350000000000001,13.230739163967655,13.3,12.772960725517983,6.952843089486993,6.190476373586799,2.9000000000000004,3.857422053608781,5.3,5.4656764947767815,39.3,38.87520492428087,0.21052631578947367,0.1491668737321875,0.7231956220527216,0.10401437408334807,-0.01715281568955207,,,,,,,
3,2,3.0,2,target_cap_F_g,continuous,38,114,257.42894736842106,256.27062524844837,255.35,251.4573589786444,83.87964643075522,79.4849588909746,78.225,84.28821566258057,74.0,77.66853214950453,424.0,423.0841957093814,0.07894736842105263,0.9920739732935762,6.017757195995881,0.07174275825022335,-0.01380933479409596,,,,,,,
3,2,3.0,2,h2so4_M,categorical,38,114,,,,,,,,,,,,,,,,,,4.0,4.0,0.05898059231732252,0.026315789473684237,0.02631578947368421,0.5=0.211; 1.0=0.500; 2.0=0.053; 3.0=0.237,0.5=0.211; 1.0=0.509; 2.0=0.026; 3.0=0.254
3,2,3.0,2,composition_family,categorical,38,114,,,,,,,,,,,,,,,,,,3.0,3.0,0.0,0.0,0.0,mxene_polymer_composite=0.211; pristine_mxene=0.763; structured_pristine_mxene=0.026,mxene_polymer_composite=0.211; pristine_mxene=0.763; structured_pristine_mxene=0.026
3,2,3.0,2,scan_rate_mV_s,categorical,38,114,,,,,,,,,,,,,,,,,,7.0,7.0,0.05137375687609435,0.03508771929824561,0.02631578947368421,1.0=0.079; 10.0=0.158; 100.0=0.026; 1000.0=0.053; 2.0=0.316; 200.0=0.026; 5.0=0.342,1.0=0.079; 10.0=0.184; 100.0=0.026; 1000.0=0.035; 2.0=0.298; 200.0=0.035; 5.0=0.342
3,2,3.0,2,layer_class,categorical,38,114,,,,,,,,,,,,,,,,,,2.0,2.0,0.0,0.0,0.0,delaminated=0.342; single_or_few_layer=0.658,delaminated=0.342; single_or_few_layer=0.658
3,2,5.25,0,interlayer_A,continuous,38,200,13.350000000000001,13.48559346520708,13.3,13.009697604483648,6.952843089486993,6.477953296761127,2.9000000000000004,3.5273686463681866,5.3,5.301403817051432,39.3,39.127977049862096,0.21052631578947367,0.10022211616241984,0.5101013675830759,0.07336586789285836,0.01950187332892664,,,,,,,
3,2,5.25,0,target_cap_F_g,continuous,38,200,257.42894736842106,258.8662221079905,255.35,256.18467494702776,83.87964643075522,78.6434532895171,78.225,71.41843261044727,74.0,74.88002697458414,424.0,422.1082539996724,0.08368421052631579,0.9623763502050873,5.987029958538775,0.07137643294051342,0.017134964210369422,,,,,,,
3,2,5.25,0,h2so4_M,categorical,38,200,,,,,,,,,,,,,,,,,,4.0,4.0,0.0650523072181333,0.03315789473684212,0.02815789473684213,0.5=0.211; 1.0=0.500; 2.0=0.053; 3.0=0.237,0.5=0.205; 1.0=0.505; 2.0=0.025; 3.0=0.265
3,2,5.25,0,composition_family,categorical,38,200,,,,,,,,,,,,,,,,,,3.0,3.0,0.0465477307861287,0.020526315789473663,0.02052631578947367,mxene_polymer_composite=0.211; pristine_mxene=0.763; structured_pristine_mxene=0.026,mxene_polymer_composite=0.190; pristine_mxene=0.765; structured_pristine_mxene=0.045
3,2,5.25,0,scan_rate_mV_s,categorical,38,200,,,,,,,,,,,,,,,,,,7.0,7.0,0.04560300726140248,0.046052631578947394,0.03710526315789475,1.0=0.079; 10.0=0.158; 100.0=0.026; 1000.0=0.053; 2.0=0.316; 200.0=0.026; 5.0=0.342,1.0=0.080; 10.0=0.185; 100.0=0.020; 1000.0=0.050; 2.0=0.330; 200.0=0.030; 5.0=0.305
3,2,5.25,0,layer_class,categorical,38,200,,,,,,,,,,,,,,,,,,2.0,2.0,0.029131921911849257,0.03289473684210528,0.03289473684210531,delaminated=0.342; single_or_few_layer=0.658,delaminated=0.375; single_or_few_layer=0.625
3,2,5.25,1,interlayer_A,continuous,38,200,13.350000000000001,13.342790992846826,13.3,12.888320733476206,6.952843089486993,6.540390498431287,2.9000000000000004,5.3616059150306885,5.3,5.343045156887537,39.3,38.85885926277684,0.21052631578947367,0.10022211616241984,0.949962447057118,0.1366293521701221,-0.001036843066985899,,,,,,,
3,2,5.25,1,target_cap_F_g,continuous,38,200,257.42894736842106,268.05488496963784,255.35,275.1092095328255,83.87964643075522,85.55792339398168,78.225,91.1783010215531,74.0,75.84579787727661,424.0,422.6454814352863,0.1081578947368421,0.8057170792020931,12.01323322335411,0.14321988389962206,0.12668076289506963,,,,,,,
3,2,5.25,1,h2so4_M,categorical,38,200,,,,,,,,,,,,,,,,,,4.0,4.0,0.04634597613355592,0.045,0.044999999999999984,0.5=0.211; 1.0=0.500; 2.0=0.053; 3.0=0.237,0.5=0.235; 1.0=0.455; 2.0=0.070; 3.0=0.240
3,2,5.25,1,composition_family,categorical,38,200,,,,,,,,,,,,,,,,,,3.0,3.0,0.06507232620417772,0.061842105263157844,0.06184210526315781,mxene_polymer_composite=0.211; pristine_mxene=0.763; structured_pristine_mxene=0.026,mxene_polymer_composite=0.155; pristine_mxene=0.825; structured_pristine_mxene=0.020
3,2,5.25,1,scan_rate_mV_s,categorical,38,200,,,,,,,,,,,,,,,,,,7.0,7.0,0.061143671047123364,0.052368421052631606,0.03210526315789475,1.0=0.079; 10.0=0.158; 100.0=0.026; 1000.0=0.053; 2.0=0.316; 200.0=0.026; 5.0=0.342,1.0=0.060; 10.0=0.165; 100.0=0.045; 1000.0=0.060; 2.0=0.335; 200.0=0.025; 5.0=0.310
3,2,5.25,1,layer_class,categorical,38,200,,,,,,,,,,,,,,,,,,2.0,2.0,0.007047595891202776,0.00789473684210526,0.007894736842105288,delaminated=0.342; single_or_few_layer=0.658,delaminated=0.350; single_or_few_layer=0.650
3,2,5.25,2,interlayer_A,continuous,38,200,13.350000000000001,13.107313713831756,13.3,12.772960725517983,6.952843089486993,6.200389407519617,2.9000000000000004,5.2299002398648256,5.3,5.407530348359864,39.3,39.11827925893943,0.21052631578947367,0.10022211616241984,0.8646744121336055,0.12436271047753568,-0.03490461140065104,,,,,,,
3,2,5.25,2,target_cap_F_g,continuous,38,200,257.42894736842106,255.26815548706884,255.35,249.55671148541293,83.87964643075522,84.8773494794571,78.225,83.83109240081282,74.0,77.51842180720578,424.0,422.9465318326443,0.05894736842105263,0.999459965616482,5.743461586753944,0.06847264898160149,-0.025760622192607992,,,,,,,
3,2,5.25,2,h2so4_M,categorical,38,200,,,,,,,,,,,,,,,,,,4.0,4.0,0.04323729526155327,0.041842105263157875,0.034999999999999976,0.5=0.211; 1.0=0.500; 2.0=0.053; 3.0=0.237,0.5=0.235; 1.0=0.465; 2.0=0.070; 3.0=0.230
3,2,5.25,2,composition_family,categorical,38,200,,,,,,,,,,,,,,,,,,3.0,3.0,0.02242524199624452,0.02184210526315788,0.021842105263157885,mxene_polymer_composite=0.211; pristine_mxene=0.763; structured_pristine_mxene=0.026,mxene_polymer_composite=0.190; pristine_mxene=0.785; structured_pristine_mxene=0.025
3,2,5.25,2,scan_rate_mV_s,categorical,38,200,,,,,,,,,,,,,,,,,,7.0,7.0,0.037887779038788205,0.0326315789473684,0.013947368421052625,1.0=0.079; 10.0=0.158; 100.0=0.026; 1000.0=0.053; 2.0=0.316; 200.0=0.026; 5.0=0.342,1.0=0.065; 10.0=0.145; 100.0=0.030; 1000.0=0.065; 2.0=0.310; 200.0=0.030; 5.0=0.355
3,2,5.25,2,layer_class,categorical,38,200,,,,,,,,,,,,,,,,,,2.0,2.0,0.03351032240424234,0.03789473684210529,0.037894736842105314,delaminated=0.342; single_or_few_layer=0.658,delaminated=0.380; single_or_few_layer=0.620
3,3,1.0,0,interlayer_A,continuous,38,38,13.350000000000001,14.653091925572548,13.3,12.217209397809114,6.952843089486993,8.635478473367856,2.9000000000000004,4.265070998057357,5.3,5.633160171811877,39.3,39.27497286006841,0.23684210526315788,0.2389406686101827,2.152264091245598,0.30955165585426725,0.1874185723453014,,,,,,,
3,3,1.0,0,target_cap_F_g,continuous,38,38,257.42894736842106,289.81105695775005,255.35,287.79783524941354,83.87964643075522,82.68335953580085,78.225,84.25883489170303,74.0,81.10911009235856,424.0,422.9170363442018,0.23684210526315788,0.2389406686101827,32.43910767647622,0.38673395819873335,0.3860544359359126,,,,,,,
3,3,1.0,0,h2so4_M,categorical,38,38,,,,,,,,,,,,,,,,,,4.0,4.0,0.11839474697161365,0.13157894736842107,0.10526315789473686,0.5=0.211; 1.0=0.500; 2.0=0.053; 3.0=0.237,0.5=0.158; 1.0=0.421; 2.0=0.079; 3.0=0.342
3,3,1.0,0,composition_family,categorical,38,38,,,,,,,,,,,,,,,,,,3.0,2.0,0.11540699232022904,0.026315789473684195,0.02631578947368421,mxene_polymer_composite=0.211; pristine_mxene=0.763; structured_pristine_mxene=0.026,mxene_polymer_composite=0.211; pristine_mxene=0.789; structured_pristine_mxene=0.000
3,3,1.0,0,scan_rate_mV_s,categorical,38,38,,,,,,,,,,,,,,,,,,7.0,6.0,0.22574237519823112,0.21052631578947364,0.10526315789473684,1.0=0.079; 10.0=0.158; 100.0=0.026; 1000.0=0.053; 2.0=0.316; 200.0=0.026; 5.0=0.342,1.0=0.184; 10.0=0.079; 100.0=0.026; 1000.0=0.079; 2.0=0.211; 200.0=0.000; 5.0=0.421
3,3,1.0,0,layer_class,categorical,38,38,,,,,,,,,,,,,,,,,,2.0,2.0,0.0,0.0,0.0,delaminated=0.342; single_or_few_layer=0.658,delaminated=0.342; single_or_few_layer=0.658
3,3,3.0,0,interlayer_A,continuous,38,114,13.350000000000001,14.03873600139632,13.3,13.047982267512266,6.952843089486993,7.068270578300611,2.9000000000000004,3.678094230165039,5.3,5.379005457416233,39.3,38.524152595473645,0.21052631578947367,0.1491668737321875,0.9620888611395704,0.1383734464818128,0.09905818275084009,,,,,,,
3,3,3.0,0,target_cap_F_g,continuous,38,114,257.42894736842106,270.61331130600615,255.35,272.41552176407555,83.87964643075522,84.9875965227119,78.225,72.85577551903646,74.0,74.09340079570202,424.0,423.2061960816634,0.13157894736842105,0.6856334605992236,13.799532032524146,0.16451585837234078,0.15718192074723536,,,,,,,
3,3,3.0,0,h2so4_M,categorical,38,114,,,,,,,,,,,,,,,,,,4.0,4.0,0.10167498914555943,0.09649122807017543,0.07017543859649122,0.5=0.211; 1.0=0.500; 2.0=0.053; 3.0=0.237,0.5=0.184; 1.0=0.430; 2.0=0.105; 3.0=0.281
3,3,3.0,0,composition_family,categorical,38,114,,,,,,,,,,,,,,,,,,3.0,3.0,0.058017782099537,0.026315789473684237,0.02631578947368421,mxene_polymer_composite=0.211; pristine_mxene=0.763; structured_pristine_mxene=0.026,mxene_polymer_composite=0.202; pristine_mxene=0.746; structured_pristine_mxene=0.053
3,3,3.0,0,scan_rate_mV_s,categorical,38,114,,,,,,,,,,,,,,,,,,7.0,7.0,0.05544924431338807,0.052631578947368404,0.03508771929824561,1.0=0.079; 10.0=0.158; 100.0=0.026; 1000.0=0.053; 2.0=0.316; 200.0=0.026; 5.0=0.342,1.0=0.096; 10.0=0.184; 100.0=0.018; 1000.0=0.044; 2.0=0.281; 200.0=0.026; 5.0=0.351
3,3,3.0,0,layer_class,categorical,38,114,,,,,,,,,,,,,,,,,,2.0,2.0,0.015611456421922004,0.017543859649122834,0.01754385964912286,delaminated=0.342; single_or_few_layer=0.658,delaminated=0.360; single_or_few_layer=0.640
3,3,5.25,0,interlayer_A,continuous,38,200,13.350000000000001,13.695449646050829,13.3,12.667294019724002,6.952843089486993,7.525537911187159,2.9000000000000004,4.833119102977459,5.3,5.36755595017627,39.3,39.27497286006841,0.21052631578947367,0.10022211616241984,1.0394927547720707,0.14950614322705338,0.049684660160555415,,,,,,,
3,3,5.25,0,target_cap_F_g,continuous,38,200,257.42894736842106,273.540886539895,255.35,275.1963335192014,83.87964643075522,87.78144431637064,78.225,94.77654330189932,74.0,74.08437525170099,424.0,423.7941868586125,0.13236842105263158,0.5786470726070025,16.741807335234235,0.19959320344840775,0.19208401390645746,,,,,,,
3,3,5.25,0,h2so4_M,categorical,38,200,,,,,,,,,,,,,,,,,,4.0,4.0,0.04748835428513435,0.05000000000000002,0.04999999999999999,0.5=0.211; 1.0=0.500; 2.0=0.053; 3.0=0.237,0.5=0.225; 1.0=0.450; 2.0=0.070; 3.0=0.255
3,3,5.25,0,composition_family,categorical,38,200,,,,,,,,,,,,,,,,,,3.0,3.0,0.010157532725812017,0.009473684210526339,0.009473684210526329,mxene_polymer_composite=0.211; pristine_mxene=0.763; structured_pristine_mxene=0.026,mxene_polymer_composite=0.220; pristine_mxene=0.755; structured_pristine_mxene=0.025
3,3,5.25,0,scan_rate_mV_s,categorical,38,200,,,,,,,,,,,,,,,,,,7.0,7.0,0.05668469650458987,0.04499999999999998,0.02105263157894738,1.0=0.079; 10.0=0.158; 100.0=0.026; 1000.0=0.053; 2.0=0.316; 200.0=0.026; 5.0=0.342,1.0=0.100; 10.0=0.140; 100.0=0.015; 1000.0=0.060; 2.0=0.300; 200.0=0.035; 5.0=0.350
3,3,5.25,0,layer_class,categorical,38,200,,,,,,,,,,,,,,,,,,2.0,2.0,0.042232709456328364,0.047894736842105295,0.04789473684210532,delaminated=0.342; single_or_few_layer=0.658,delaminated=0.390; single_or_few_layer=0.610
4,1,1.0,0,interlayer_A,continuous,38,38,13.370263157894739,15.460278047019328,13.22,13.700201392968133,6.9394424913704995,7.456136094285672,2.3000000000000007,2.6452381647254235,5.3,5.311886159590796,39.3,38.36368867002205,0.23684210526315788,0.2389406686101827,2.1392944328076435,0.3082804469477123,0.30117907767426766,,,,,,,
4,1,1.0,0,target_cap_F_g,continuous,38,38,314.88157894736844,317.4029648308389,280.0,275.9317867702355,231.57355594638986,228.11134614832642,97.92500000000001,151.06837213360316,100.0,116.33502340938168,1609.5,1538.7052823596307,0.15789473684210525,0.7378793870697806,22.49044534202156,0.09712009322527387,0.010888056164988877,,,,,,,
4,1,1.0,0,h2so4_M,categorical,38,38,,,,,,,,,,,,,,,,,,4.0,4.0,0.16227333060557103,0.13157894736842102,0.13157894736842105,0.5=0.211; 1.0=0.395; 2.0=0.053; 3.0=0.342,0.5=0.079; 1.0=0.474; 2.0=0.053; 3.0=0.395
4,1,1.0,0,composition_family,categorical,38,38,,,,,,,,,,,,,,,,,,4.0,4.0,0.051890651641058265,0.05263157894736846,0.052631578947368474,doped_mxene=0.026; mxene_carbon_composite=0.079; mxene_polymer_composite=0.237; pristine_mxene=0.658,doped_mxene=0.026; mxene_carbon_composite=0.079; mxene_polymer_composite=0.289; pristine_mxene=0.605
4,1,1.0,0,scan_rate_mV_s,categorical,38,38,,,,,,,,,,,,,,,,,,6.0,4.0,0.17917618641870495,0.10526315789473685,0.07894736842105265,10.0=0.053; 100.0=0.026; 1000.0=0.053; 2.0=0.368; 200.0=0.026; 5.0=0.474,10.0=0.079; 100.0=0.000; 1000.0=0.053; 2.0=0.447; 200.0=0.000; 5.0=0.421
4,1,1.0,0,layer_class,categorical,38,38,,,,,,,,,,,,,,,,,,3.0,3.0,0.16586151147844794,0.10526315789473684,0.10526315789473684,delaminated=0.316; multilayer=0.053; single_or_few_layer=0.632,delaminated=0.211; multilayer=0.158; single_or_few_layer=0.632
4,1,3.0,0,interlayer_A,continuous,38,114,13.370263157894739,14.488916172353491,13.22,13.224593800098116,6.9394424913704995,7.349260958780413,2.3000000000000007,4.006779261786134,5.3,5.311886159590796,39.3,38.719072851789896,0.21052631578947367,0.1491668737321875,1.2134658703401016,0.17486503733536224,0.1612021449633521,,,,,,,
4,1,3.0,0,target_cap_F_g,continuous,38,114,314.88157894736844,332.3316300841628,280.0,284.0609389971795,231.57355594638986,278.4086628240752,97.92500000000001,111.60417155633309,100.0,102.97058758623383,1609.5,1580.3006815037954,0.13157894736842105,0.6856334605992236,32.81673055486532,0.14171190842905448,0.07535424787808714,,,,,,,
4,1,3.0,0,h2so4_M,categorical,38,114,,,,,,,,,,,,,,,,,,4.0,4.0,0.051735424792001924,0.043859649122807,0.043859649122807015,0.5=0.211; 1.0=0.395; 2.0=0.053; 3.0=0.342,0.5=0.167; 1.0=0.439; 2.0=0.053; 3.0=0.342
4,1,3.0,0,composition_family,categorical,38,114,,,,,,,,,,,,,,,,,,4.0,4.0,0.09133719753540734,0.043859649122807015,0.043859649122807015,doped_mxene=0.026; mxene_carbon_composite=0.079; mxene_polymer_composite=0.237; pristine_mxene=0.658,doped_mxene=0.044; mxene_carbon_composite=0.035; mxene_polymer_composite=0.263; pristine_mxene=0.658
4,1,3.0,0,scan_rate_mV_s,categorical,38,114,,,,,,,,,,,,,,,,,,6.0,6.0,0.08982155644554986,0.05263157894736839,0.02631578947368421,10.0=0.053; 100.0=0.026; 1000.0=0.053; 2.0=0.368; 200.0=0.026; 5.0=0.474,10.0=0.061; 100.0=0.009; 1000.0=0.070; 2.0=0.342; 200.0=0.053; 5.0=0.465
4,1,3.0,0,layer_class,categorical,38,114,,,,,,,,,,,,,,,,,,3.0,3.0,0.0,0.0,0.0,delaminated=0.316; multilayer=0.053; single_or_few_layer=0.632,delaminated=0.316; multilayer=0.053; single_or_few_layer=0.632
4,1,5.25,0,interlayer_A,continuous,38,200,13.370263157894739,13.653867112296926,13.22,13.049817240536012,6.9394424913704995,6.097248217493018,2.3000000000000007,3.418568553727754,5.3,5.311886159590796,39.3,38.46947484301997,0.21052631578947367,0.10022211616241984,0.7774632091599651,0.11203539911553048,0.040868406180303504,,,,,,,
4,1,5.25,0,target_cap_F_g,continuous,38,200,314.88157894736844,340.8176926663379,280.0,282.7915236178908,231.57355594638986,270.63576466489656,97.92500000000001,121.40379766945898,100.0,108.22000640410536,1609.5,1603.01314786876,0.09236842105263159,0.9210148957001618,30.165968109498206,0.13026516773997174,0.11199946217077468,,,,,,,
4,1,5.25,0,h2so4_M,categorical,38,200,,,,,,,,,,,,,,,,,,4.0,4.0,0.07025484274760699,0.07026315789473685,0.05289473684210527,0.5=0.211; 1.0=0.395; 2.0=0.053; 3.0=0.342,0.5=0.160; 1.0=0.375; 2.0=0.070; 3.0=0.395
4,1,5.25,0,composition_family,categorical,38,200,,,,,,,,,,,,,,,,,,4.0,4.0,0.038887615231479045,0.027894736842105288,0.027894736842105305,doped_mxene=0.026; mxene_carbon_composite=0.079; mxene_polymer_composite=0.237; pristine_mxene=0.658,doped_mxene=0.040; mxene_carbon_composite=0.090; mxene_polymer_composite=0.240; pristine_mxene=0.630
4,1,5.25,0,scan_rate_mV_s,categorical,38,200,,,,,,,,,,,,,,,,,,6.0,6.0,0.04998761632328117,0.04263157894736842,0.031578947368421095,10.0=0.053; 100.0=0.026; 1000.0=0.053; 2.0=0.368; 200.0=0.026; 5.0=0.474,10.0=0.045; 100.0=0.015; 1000.0=0.055; 2.0=0.400; 200.0=0.035; 5.0=0.450
4,1,5.25,0,layer_class,categorical,38,200,,,,,,,,,,,,,,,,,,3.0,3.0,0.04137680905311719,0.04078947368421054,0.04078947368421049,delaminated=0.316; multilayer=0.053; single_or_few_layer=0.632,delaminated=0.275; multilayer=0.065; single_or_few_layer=0.660
4,2,1.0,0,interlayer_A,continuous,38,38,13.370263157894739,13.997183835339683,13.22,13.007325901232827,6.9394424913704995,6.6731672146959005,2.3000000000000007,1.9481239112904358,5.3,5.503830220891971,39.3,38.42429960113411,0.21052631578947367,0.37272752790955144,0.8741875198208043,0.1259737393757344,0.09034164894723863,,,,,,,
4,2,1.0,0,target_cap_F_g,continuous,38,38,314.88157894736844,381.51178342023854,280.0,291.02097632389655,231.57355594638986,358.93789535749016,97.92500000000001,160.2906700508641,100.0,136.7135587277723,1609.5,1574.3628929405684,0.15789473684210525,0.7378793870697806,81.40376311127905,0.35152443368846625,0.28772803613334524,,,,,,,
4,2,1.0,0,h2so4_M,categorical,38,38,,,,,,,,,,,,,,,,,,4.0,4.0,0.11653061601836942,0.13157894736842105,0.13157894736842102,0.5=0.211; 1.0=0.395; 2.0=0.053; 3.0=0.342,0.5=0.158; 1.0=0.316; 2.0=0.053; 3.0=0.474
4,2,1.0,0,composition_family,categorical,38,38,,,,,,,,,,,,,,,,,,4.0,4.0,0.13079194587449972,0.10526315789473685,0.07894736842105265,doped_mxene=0.026; mxene_carbon_composite=0.079; mxene_polymer_composite=0.237; pristine_mxene=0.658,doped_mxene=0.079; mxene_carbon_composite=0.132; mxene_polymer_composite=0.211; pristine_mxene=0.579
4,2,1.0,0,scan_rate_mV_s,categorical,38,38,,,,,,,,,,,,,,,,,,6.0,5.0,0.13035041018963908,0.05263157894736842,0.026315789473684237,10.0=0.053; 100.0=0.026; 1000.0=0.053; 2.0=0.368; 200.0=0.026; 5.0=0.474,10.0=0.053; 100.0=0.053; 1000.0=0.053; 2.0=0.342; 200.0=0.000; 5.0=0.500
4,2,1.0,0,layer_class,categorical,38,38,,,,,,,,,,,,,,,,,,3.0,3.0,0.06004100550067991,0.026315789473684223,0.026315789473684237,delaminated=0.316; multilayer=0.053; single_or_few_layer=0.632,delaminated=0.342; multilayer=0.026; single_or_few_layer=0.632
4,2,1.0,1,interlayer_A,continuous,38,38,13.370263157894739,14.094742687505992,13.22,13.358937215648435,6.9394424913704995,6.458681461497269,2.3000000000000007,2.966525585084808,5.3,5.341751663600399,39.3,39.24441173467578,0.21052631578947367,0.37272752790955144,0.8170919470501895,0.11774605064690415,0.10440024980568326,,,,,,,
4,2,1.0,1,target_cap_F_g,continuous,38,38,314.88157894736844,307.62795513971486,280.0,253.04171747153333,231.57355594638986,230.41728740226327,97.92500000000001,95.67899648457868,100.0,111.838830583303,1609.5,1556.6497641107728,0.15789473684210525,0.7378793870697806,23.70947203383239,0.1023841946760157,-0.03132319568186284,,,,,,,
4,2,1.0,1,h2so4_M,categorical,38,38,,,,,,,,,,,,,,,,,,4.0,4.0,0.11313489525937524,0.10526315789473681,0.07894736842105263,0.5=0.211; 1.0=0.395; 2.0=0.053; 3.0=0.342,0.5=0.132; 1.0=0.474; 2.0=0.026; 3.0=0.368
4,2,1.0,1,composition_family,categorical,38,38,,,,,,,,,,,,,,,,,,4.0,4.0,0.05656920527533134,0.05263157894736839,0.05263157894736836,doped_mxene=0.026; mxene_carbon_composite=0.079; mxene_polymer_composite=0.237; pristine_mxene=0.658,doped_mxene=0.026; mxene_carbon_composite=0.053; mxene_polymer_composite=0.211; pristine_mxene=0.711
4,2,1.0,1,scan_rate_mV_s,categorical,38,38,,,,,,,,,,,,,,,,,,6.0,5.0,0.14919277780136722,0.10526315789473684,0.10526315789473684,10.0=0.053; 100.0=0.026; 1000.0=0.053; 2.0=0.368; 200.0=0.026; 5.0=0.474,10.0=0.026; 100.0=0.000; 1000.0=0.053; 2.0=0.474; 200.0=0.026; 5.0=0.421
4,2,1.0,1,layer_class,categorical,38,38,,,,,,,,,,,,,,,,,,3.0,3.0,0.08141980075013842,0.07894736842105264,0.07894736842105265,delaminated=0.316; multilayer=0.053; single_or_few_layer=0.632,delaminated=0.263; multilayer=0.026; single_or_few_layer=0.711
4,2,1.0,2,interlayer_A,continuous,38,38,13.370263157894739,12.377341547286985,13.22,12.6734298148893,6.9394424913704995,7.0690222972366294,2.3000000000000007,6.902188987041238,5.3,5.430582388737151,39.3,38.49375748640732,0.23684210526315788,0.2389406686101827,1.3313068300898834,0.19184636687247164,-0.14308377248496476,,,,,,,
4,2,1.0,2,target_cap_F_g,continuous,38,38,314.88157894736844,376.72439331949846,280.0,266.83800589541727,231.57355594638986,367.573589386492,97.92500000000001,107.09784697659961,100.0,114.06384144001552,1609.5,1601.6558433631635,0.15789473684210525,0.7378793870697806,76.47594598800084,0.3302447279675807,0.2670547339457311,,,,,,,
4,2,1.0,2,h2so4_M,categorical,38,38,,,,,,,,,,,,,,,,,,4.0,3.0,0.1986483771957125,0.13157894736842107,0.13157894736842107,0.5=0.211; 1.0=0.395; 2.0=0.053; 3.0=0.342,0.5=0.342; 1.0=0.342; 2.0=0.000; 3.0=0.316
4,2,1.0,2,composition_family,categorical,38,38,,,,,,,,,,,,,,,,,,4.0,4.0,0.10971595683020893,0.05263157894736846,0.05263157894736842,doped_mxene=0.026; mxene_carbon_composite=0.079; mxene_polymer_composite=0.237; pristine_mxene=0.658,doped_mxene=0.079; mxene_carbon_composite=0.053; mxene_polymer_composite=0.237; pristine_mxene=0.632
4,2,1.0,2,scan_rate_mV_s,categorical,38,38,,,,,,,,,,,,,,,,,,6.0,4.0,0.21441252824799412,0.18421052631578946,0.15789473684210525,10.0=0.053; 100.0=0.026; 1000.0=0.053; 2.0=0.368; 200.0=0.026; 5.0=0.474,10.0=0.026; 100.0=0.000; 1000.0=0.079; 2.0=0.263; 200.0=0.000; 5.0=0.632
4,2,1.0,2,layer_class,categorical,38,38,,,,,,,,,,,,,,,,,,3.0,3.0,0.1574076723247413,0.18421052631578944,0.18421052631578944,delaminated=0.316; multilayer=0.053; single_or_few_layer=0.632,delaminated=0.474; multilayer=0.079; single_or_few_layer=0.447
4,2,3.0,0,interlayer_A,continuous,38,114,13.370263157894739,14.16733301286737,13.22,12.948815381631924,6.9394424913704995,6.957629855896424,2.3000000000000007,2.9857029394198573,5.3,5.339909736465766,39.3,39.01182378543869,0.21052631578947367,0.1491668737321875,0.9501610125742357,0.1369218080207167,0.11486079118946847,,,,,,,
4,2,3.0,0,target_cap_F_g,continuous,38,114,314.88157894736844,300.6340383723538,280.0,264.65385592869154,231.57355594638986,195.11618704257634,97.92500000000001,114.08370881820272,100.0,110.7731225820016,1609.5,1568.46296466977,0.14035087719298245,0.6064164496507466,24.209514780843243,0.10454352044603847,-0.06152490303475317,,,,,,,
4,2,3.0,0,h2so4_M,categorical,38,114,,,,,,,,,,,,,,,,,,4.0,4.0,0.0954949833226223,0.07017543859649122,0.05263157894736842,0.5=0.211; 1.0=0.395; 2.0=0.053; 3.0=0.342,0.5=0.175; 1.0=0.447; 2.0=0.018; 3.0=0.360
4,2,3.0,0,composition_family,categorical,38,114,,,,,,,,,,,,,,,,,,4.0,4.0,0.09906084463326244,0.08771929824561406,0.08771929824561406,doped_mxene=0.026; mxene_carbon_composite=0.079; mxene_polymer_composite=0.237; pristine_mxene=0.658,doped_mxene=0.018; mxene_carbon_composite=0.044; mxene_polymer_composite=0.325; pristine_mxene=0.614
4,2,3.0,0,scan_rate_mV_s,categorical,38,114,,,,,,,,,,,,,,,,,,6.0,6.0,0.08727259517501908,0.07894736842105263,0.06140350877192985,10.0=0.053; 100.0=0.026; 1000.0=0.053; 2.0=0.368; 200.0=0.026; 5.0=0.474,10.0=0.044; 100.0=0.009; 1000.0=0.070; 2.0=0.430; 200.0=0.018; 5.0=0.430
4,2,3.0,0,layer_class,categorical,38,114,,,,,,,,,,,,,,,,,,3.0,3.0,0.02462754779326104,0.026315789473684237,0.026315789473684292,delaminated=0.316; multilayer=0.053; single_or_few_layer=0.632,delaminated=0.289; multilayer=0.053; single_or_few_layer=0.658
4,2,3.0,1,interlayer_A,continuous,38,114,13.370263157894739,13.296322564753705,13.22,13.118446183830791,6.9394424913704995,6.0550606715315505,2.3000000000000007,4.397077101231025,5.3,5.360140253841228,39.3,38.01343597698513,0.21052631578947367,0.1491668737321875,0.865896744646131,0.12477900720741061,-0.010655120095451743,,,,,,,
4,2,3.0,1,target_cap_F_g,continuous,38,114,314.88157894736844,296.96376354803414,280.0,284.46829226786167,231.57355594638986,146.2319982027986,97.92500000000001,112.62656651845148,100.0,113.78627949645512,1609.5,1605.808309293874,0.09649122807017543,0.9440693643305696,32.80051569760711,0.14164188809710446,-0.07737418603824671,,,,,,,
4,2,3.0,1,h2so4_M,categorical,38,114,,,,,,,,,,,,,,,,,,4.0,4.0,0.031396824688076995,0.035087719298245626,0.03508771929824561,0.5=0.211; 1.0=0.395; 2.0=0.053; 3.0=0.342,0.5=0.202; 1.0=0.430; 2.0=0.053; 3.0=0.316
4,2,3.0,1,composition_family,categorical,38,114,,,,,,,,,,,,,,,,,,4.0,4.0,0.09297954861977073,0.08771929824561403,0.07017543859649122,doped_mxene=0.026; mxene_carbon_composite=0.079; mxene_polymer_composite=0.237; pristine_mxene=0.658,doped_mxene=0.009; mxene_carbon_composite=0.105; mxene_polymer_composite=0.298; pristine_mxene=0.588
4,2,3.0,1,scan_rate_mV_s,categorical,38,114,,,,,,,,,,,,,,,,,,6.0,6.0,0.049113527158894756,0.04385964912280704,0.03508771929824567,10.0=0.053; 100.0=0.026; 1000.0=0.053; 2.0=0.368; 200.0=0.026; 5.0=0.474,10.0=0.061; 100.0=0.018; 1000.0=0.044; 2.0=0.351; 200.0=0.018; 5.0=0.509
4,2,3.0,1,layer_class,categorical,38,114,,,,,,,,,,,,,,,,,,3.0,3.0,0.033946217187378835,0.02631578947368421,0.02631578947368418,delaminated=0.316; multilayer=0.053; single_or_few_layer=0.632,delaminated=0.325; multilayer=0.070; single_or_few_layer=0.605
4,2,3.0,2,interlayer_A,continuous,38,114,13.370263157894739,13.530584090208471,13.22,12.850264916635775,6.9394424913704995,7.231106865715654,2.3000000000000007,7.581998855982147,5.3,5.317351881062983,39.3,38.93737756359471,0.21052631578947367,0.1491668737321875,1.1044900100276067,0.15916120227252958,0.02310285480614596,,,,,,,
4,2,3.0,2,target_cap_F_g,continuous,38,114,314.88157894736844,311.06934693870386,280.0,272.45287454993945,231.57355594638986,228.96661816609497,97.92500000000001,110.71003293114,100.0,101.4875025943073,1609.5,1596.2003318274674,0.12280701754385964,0.763251218683342,11.396371565992274,0.04921275021846871,-0.01646229420749201,,,,,,,
4,2,3.0,2,h2so4_M,categorical,38,114,,,,,,,,,,,,,,,,,,4.0,4.0,0.09823556634359093,0.06140350877192985,0.06140350877192985,0.5=0.211; 1.0=0.395; 2.0=0.053; 3.0=0.342,0.5=0.272; 1.0=0.386; 2.0=0.018; 3.0=0.325
4,2,3.0,2,composition_family,categorical,38,114,,,,,,,,,,,,,,,,,,4.0,4.0,0.020820219221646744,0.017543859649122834,0.017543859649122834,doped_mxene=0.026; mxene_carbon_composite=0.079; mxene_polymer_composite=0.237; pristine_mxene=0.658,doped_mxene=0.026; mxene_carbon_composite=0.070; mxene_polymer_composite=0.254; pristine_mxene=0.649
4,2,3.0,2,scan_rate_mV_s,categorical,38,114,,,,,,,,,,,,,,,,,,6.0,6.0,0.08225490210234275,0.0701754385964912,0.04385964912280699,10.0=0.053; 100.0=0.026; 1000.0=0.053; 2.0=0.368; 200.0=0.026; 5.0=0.474,10.0=0.070; 100.0=0.035; 1000.0=0.070; 2.0=0.325; 200.0=0.053; 5.0=0.447
4,2,3.0,2,layer_class,categorical,38,114,,,,,,,,,,,,,,,,,,3.0,3.0,0.09528697318662,0.10526315789473681,0.10526315789473684,delaminated=0.316; multilayer=0.053; single_or_few_layer=0.632,delaminated=0.421; multilayer=0.035; single_or_few_layer=0.544
4,2,5.25,0,interlayer_A,continuous,38,200,13.370263157894739,14.446136033466392,13.22,13.24408285832463,6.9394424913704995,7.279053165581352,2.3000000000000007,3.957444792570456,5.3,5.339909736465766,39.3,39.10116842500653,0.21052631578947367,0.10022211616241984,1.1532483501299065,0.16618746413188398,0.1550373645879403,,,,,,,
4,2,5.25,0,target_cap_F_g,continuous,38,200,314.88157894736844,345.037136228596,280.0,285.55664521036294,231.57355594638986,283.14320113533,97.92500000000001,166.20364345693943,100.0,108.81147269746202,1609.5,1604.6831014319305,0.11289473684210527,0.7636055054372858,40.35775709175295,0.17427619024469237,0.13022021084397348,,,,,,,
4,2,5.25,0,h2so4_M,categorical,38,200,,,,,,,,,,,,,,,,,,4.0,4.0,0.05821375082554662,0.053157894736842085,0.04526315789473684,0.5=0.211; 1.0=0.395; 2.0=0.053; 3.0=0.342,0.5=0.175; 1.0=0.440; 2.0=0.035; 3.0=0.350
4,2,5.25,0,composition_family,categorical,38,200,,,,,,,,,,,,,,,,,,4.0,4.0,0.06022198330872695,0.03684210526315791,0.023947368421052627,doped_mxene=0.026; mxene_carbon_composite=0.079; mxene_polymer_composite=0.237; pristine_mxene=0.658,doped_mxene=0.045; mxene_carbon_composite=0.055; mxene_polymer_composite=0.255; pristine_mxene=0.645
4,2,5.25,0,scan_rate_mV_s,categorical,38,200,,,,,,,,,,,,,,,,,,6.0,6.0,0.09138159740757636,0.05,0.028684210526315757,10.0=0.053; 100.0=0.026; 1000.0=0.053; 2.0=0.368; 200.0=0.026; 5.0=0.474,10.0=0.080; 100.0=0.005; 1000.0=0.055; 2.0=0.385; 200.0=0.030; 5.0=0.445
4,2,5.25,0,layer_class,categorical,38,200,,,,,,,,,,,,,,,,,,3.0,3.0,0.013928990762829257,0.007368421052631552,0.00736842105263158,delaminated=0.316; multilayer=0.053; single_or_few_layer=0.632,delaminated=0.310; multilayer=0.060; single_or_few_layer=0.630
4,2,5.25,1,interlayer_A,continuous,38,200,13.370263157894739,13.616637908334178,13.22,12.904905280498966,6.9394424913704995,6.7290257320315705,2.3000000000000007,3.7674577382012746,5.3,5.379030290350095,39.3,39.124883620612906,0.21052631578947367,0.10022211616241984,0.6639039358985095,0.09567107685150544,0.035503536594736186,,,,,,,
4,2,5.25,1,target_cap_F_g,continuous,38,200,314.88157894736844,310.03711775106115,280.0,276.0853192382525,231.57355594638986,199.61618070275176,97.92500000000001,117.93205942028911,100.0,100.28033075574616,1609.5,1572.8035946165726,0.08657894736842105,0.9508466856841993,17.871547937985238,0.07717439007639787,-0.020919751292452424,,,,,,,
4,2,5.25,1,h2so4_M,categorical,38,200,,,,,,,,,,,,,,,,,,4.0,4.0,0.03712873896838099,0.04026315789473683,0.040263157894736834,0.5=0.211; 1.0=0.395; 2.0=0.053; 3.0=0.342,0.5=0.190; 1.0=0.435; 2.0=0.045; 3.0=0.330
4,2,5.25,1,composition_family,categorical,38,200,,,,,,,,,,,,,,,,,,4.0,4.0,0.04856609104879974,0.04815789473684212,0.048157894736842094,doped_mxene=0.026; mxene_carbon_composite=0.079; mxene_polymer_composite=0.237; pristine_mxene=0.658,doped_mxene=0.020; mxene_carbon_composite=0.075; mxene_polymer_composite=0.285; pristine_mxene=0.620
4,2,5.25,1,scan_rate_mV_s,categorical,38,200,,,,,,,,,,,,,,,,,,6.0,6.0,0.08290873702466019,0.05236842105263159,0.03236842105263159,10.0=0.053; 100.0=0.026; 1000.0=0.053; 2.0=0.368; 200.0=0.026; 5.0=0.474,10.0=0.085; 100.0=0.030; 1000.0=0.025; 2.0=0.345; 200.0=0.025; 5.0=0.490
4,2,5.25,1,layer_class,categorical,38,200,,,,,,,,,,,,,,,,,,3.0,3.0,0.06691512333224256,0.05157894736842107,0.05157894736842106,delaminated=0.316; multilayer=0.053; single_or_few_layer=0.632,delaminated=0.330; multilayer=0.090; single_or_few_layer=0.580
4,2,5.25,2,interlayer_A,continuous,38,200,13.370263157894739,13.106670899600562,13.22,12.718317651591498,6.9394424913704995,6.584753709422267,2.3000000000000007,5.882573591126922,5.3,5.317351881062983,39.3,39.20530017819141,0.21052631578947367,0.10022211616241984,0.8747672926408085,0.12605728683948603,-0.03798464482153499,,,,,,,
4,2,5.25,2,target_cap_F_g,continuous,38,200,314.88157894736844,321.1217550379017,280.0,278.0106487665272,231.57355594638986,235.32705948284575,97.92500000000001,99.84926080913428,100.0,104.15736271304344,1609.5,1580.7212954745926,0.06973684210526315,0.9940425335608923,13.465980549016114,0.058149906166892126,0.0269468422896175,,,,,,,
4,2,5.25,2,h2so4_M,categorical,38,200,,,,,,,,,,,,,,,,,,4.0,4.0,0.04866211098628049,0.04684210526315791,0.044736842105263186,0.5=0.211; 1.0=0.395; 2.0=0.053; 3.0=0.342,0.5=0.250; 1.0=0.350; 2.0=0.060; 3.0=0.340
4,2,5.25,2,composition_family,categorical,38,200,,,,,,,,,,,,,,,,,,4.0,4.0,0.02878695517483583,0.026842105263157896,0.02684210526315789,doped_mxene=0.026; mxene_carbon_composite=0.079; mxene_polymer_composite=0.237; pristine_mxene=0.658,doped_mxene=0.030; mxene_carbon_composite=0.085; mxene_polymer_composite=0.210; pristine_mxene=0.675
4,2,5.25,2,scan_rate_mV_s,categorical,38,200,,,,,,,,,,,,,,,,,,6.0,6.0,0.06307755203498644,0.07,0.06131578947368427,10.0=0.053; 100.0=0.026; 1000.0=0.053; 2.0=0.368; 200.0=0.026; 5.0=0.474,10.0=0.040; 100.0=0.020; 1000.0=0.050; 2.0=0.320; 200.0=0.035; 5.0=0.535
4,2,5.25,2,layer_class,categorical,38,200,,,,,,,,,,,,,,,,,,3.0,3.0,0.06406022721869334,0.05421052631578947,0.05421052631578949,delaminated=0.316; multilayer=0.053; single_or_few_layer=0.632,delaminated=0.370; multilayer=0.030; single_or_few_layer=0.600
4,3,1.0,0,interlayer_A,continuous,38,38,13.370263157894739,12.797513301479125,13.22,13.258501565294718,6.9394424913704995,4.669139664318382,2.3000000000000007,3.7527282310701473,5.3,5.553047034845916,39.3,25.914921070983247,0.21052631578947367,0.37272752790955144,1.3894937117674924,0.20023131735660157,-0.08253542804452281,,,,,,,
4,3,1.0,0,target_cap_F_g,continuous,38,38,314.88157894736844,312.7313537251388,280.0,263.1826336426798,231.57355594638986,224.9086753472156,97.92500000000001,119.71978213347748,100.0,131.8564742556809,1609.5,1547.372480444805,0.18421052631578946,0.5452867518859059,17.442564124965767,0.0753219168470332,-0.00928527963152861,,,,,,,
4,3,1.0,0,h2so4_M,categorical,38,38,,,,,,,,,,,,,,,,,,4.0,4.0,0.026191328480253278,0.02631578947368421,0.026315789473684237,0.5=0.211; 1.0=0.395; 2.0=0.053; 3.0=0.342,0.5=0.211; 1.0=0.421; 2.0=0.053; 3.0=0.316
4,3,1.0,0,composition_family,categorical,38,38,,,,,,,,,,,,,,,,,,4.0,4.0,0.04380875896037754,0.02631578947368421,0.02631578947368421,doped_mxene=0.026; mxene_carbon_composite=0.079; mxene_polymer_composite=0.237; pristine_mxene=0.658,doped_mxene=0.026; mxene_carbon_composite=0.105; mxene_polymer_composite=0.211; pristine_mxene=0.658
4,3,1.0,0,scan_rate_mV_s,categorical,38,38,,,,,,,,,,,,,,,,,,6.0,4.0,0.187845588484532,0.10526315789473689,0.07894736842105271,10.0=0.053; 100.0=0.026; 1000.0=0.053; 2.0=0.368; 200.0=0.026; 5.0=0.474,10.0=0.026; 100.0=0.000; 1000.0=0.026; 2.0=0.395; 200.0=0.000; 5.0=0.553
4,3,1.0,0,layer_class,categorical,38,38,,,,,,,,,,,,,,,,,,3.0,3.0,0.08141980075013842,0.07894736842105264,0.07894736842105265,delaminated=0.316; multilayer=0.053; single_or_few_layer=0.632,delaminated=0.263; multilayer=0.026; single_or_few_layer=0.711
4,3,3.0,0,interlayer_A,continuous,38,114,13.370263157894739,13.286497458213313,13.22,12.813255464415786,6.9394424913704995,6.03837730938573,2.3000000000000007,4.580773498236869,5.3,5.327486417298712,39.3,38.097347044133386,0.21052631578947367,0.1491668737321875,0.87544605983313,0.126155099767998,-0.012070955236763133,,,,,,,
4,3,3.0,0,target_cap_F_g,continuous,38,114,314.88157894736844,323.30925181583217,280.0,285.6607344795564,231.57355594638986,223.66025578320975,97.92500000000001,119.91365543543924,100.0,101.95864337108908,1609.5,1598.403343086338,0.08771929824561403,0.9753997789874728,13.687445209846253,0.05910625310350612,0.03639307102238724,,,,,,,
4,3,3.0,0,h2so4_M,categorical,38,114,,,,,,,,,,,,,,,,,,4.0,4.0,0.04375849550437985,0.043859649122807,0.03508771929824561,0.5=0.211; 1.0=0.395; 2.0=0.053; 3.0=0.342,0.5=0.202; 1.0=0.360; 2.0=0.070; 3.0=0.368
4,3,3.0,0,composition_family,categorical,38,114,,,,,,,,,,,,,,,,,,4.0,4.0,0.039820242505402594,0.04385964912280704,0.04385964912280704,doped_mxene=0.026; mxene_carbon_composite=0.079; mxene_polymer_composite=0.237; pristine_mxene=0.658,doped_mxene=0.026; mxene_carbon_composite=0.088; mxene_polymer_composite=0.272; pristine_mxene=0.614
4,3,3.0,0,scan_rate_mV_s,categorical,38,114,,,,,,,,,,,,,,,,,,6.0,6.0,0.04307424507040392,0.02631578947368418,0.017543859649122806,10.0=0.053; 100.0=0.026; 1000.0=0.053; 2.0=0.368; 200.0=0.026; 5.0=0.474,10.0=0.061; 100.0=0.026; 1000.0=0.070; 2.0=0.360; 200.0=0.018; 5.0=0.465
4,3,3.0,0,layer_class,categorical,38,114,,,,,,,,,,,,,,,,,,3.0,3.0,0.031204664311601862,0.01754385964912275,0.017543859649122806,delaminated=0.316; multilayer=0.053; single_or_few_layer=0.632,delaminated=0.307; multilayer=0.070; single_or_few_layer=0.623
4,3,5.25,0,interlayer_A,continuous,38,200,13.370263157894739,13.335208245044841,13.22,12.939359081590244,6.9394424913704995,6.397628292609214,2.3000000000000007,3.6759784968513145,5.3,5.30792737393067,39.3,38.619764780531966,0.21052631578947367,0.10022211616241984,0.7756026546630935,0.11176728615124189,-0.005051545984204049,,,,,,,
4,3,5.25,0,target_cap_F_g,continuous,38,200,314.88157894736844,315.9352037273369,280.0,274.36561235778015,231.57355594638986,222.96357190291056,97.92500000000001,138.4650858408265,100.0,109.27851752656716,1609.5,1598.7831234352666,0.10210526315789474,0.8550897901266019,17.022381462190097,0.07350744946944997,0.004549849293726684,,,,,,,
4,3,5.25,0,h2so4_M,categorical,38,200,,,,,,,,,,,,,,,,,,4.0,4.0,0.029224869416489475,0.02315789473684209,0.012894736842105237,0.5=0.211; 1.0=0.395; 2.0=0.053; 3.0=0.342,0.5=0.200; 1.0=0.405; 2.0=0.040; 3.0=0.355
4,3,5.25,0,composition_family,categorical,38,200,,,,,,,,,,,,,,,,,,4.0,4.0,0.009883178676184275,0.006052631578947382,0.006052631578947379,doped_mxene=0.026; mxene_carbon_composite=0.079; mxene_polymer_composite=0.237; pristine_mxene=0.658,doped_mxene=0.025; mxene_carbon_composite=0.085; mxene_polymer_composite=0.235; pristine_mxene=0.655
4,3,5.25,0,scan_rate_mV_s,categorical,38,200,,,,,,,,,,,,,,,,,,6.0,6.0,0.07170664322274636,0.04000000000000001,0.027631578947368417,10.0=0.053; 100.0=0.026; 1000.0=0.053; 2.0=0.368; 200.0=0.026; 5.0=0.474,10.0=0.025; 100.0=0.025; 1000.0=0.045; 2.0=0.365; 200.0=0.040; 5.0=0.500
4,3,5.25,0,layer_class,categorical,38,200,,,,,,,,,,,,,,,,,,3.0,3.0,0.04028813069912209,0.024210526315789474,0.024210526315789516,delaminated=0.316; multilayer=0.053; single_or_few_layer=0.632,delaminated=0.340; multilayer=0.035; single_or_few_layer=0.625
5,1,1.0,0,interlayer_A,continuous,38,38,11.393947368421054,11.526013737384966,12.75,12.950973233565211,3.383781300416288,3.6002859366716895,2.5999999999999996,3.2743670063991726,5.3,5.346460284969034,17.1,17.057447628587635,0.23684210526315788,0.2389406686101827,0.4254404508024428,0.1257292989798434,0.03902922713937348,,,,,,,
5,1,1.0,0,target_cap_F_g,continuous,38,38,316.2447368421052,275.9907585398438,283.0,259.81511924720525,233.90547489908548,232.00482834586606,121.77499999999998,128.94808600743423,74.0,93.00665530096012,1609.5,1570.11953018357,0.21052631578947367,0.37272752790955144,41.38317387429703,0.17692263890852103,-0.17209506669148433,,,,,,,
5,1,1.0,0,h2so4_M,categorical,38,38,,,,,,,,,,,,,,,,,,3.0,3.0,0.0714218476657985,0.07894736842105261,0.0789473684210526,0.5=0.211; 1.0=0.421; 3.0=0.368,0.5=0.237; 1.0=0.474; 3.0=0.289
5,1,1.0,0,composition_family,categorical,38,38,,,,,,,,,,,,,,,,,,5.0,3.0,0.19020357753705003,0.07894736842105261,0.07894736842105263,doped_mxene=0.026; mxene_carbon_composite=0.079; mxene_polymer_composite=0.184; pristine_mxene=0.684; structured_pristine_mxene=0.026,doped_mxene=0.000; mxene_carbon_composite=0.158; mxene_polymer_composite=0.184; pristine_mxene=0.658; structured_pristine_mxene=0.000
5,1,1.0,0,scan_rate_mV_s,categorical,38,38,,,,,,,,,,,,,,,,,,6.0,6.0,0.10672901401604759,0.10526315789473685,0.07894736842105265,1.0=0.079; 10.0=0.158; 100.0=0.026; 2.0=0.342; 200.0=0.026; 5.0=0.368,1.0=0.079; 10.0=0.105; 100.0=0.026; 2.0=0.289; 200.0=0.053; 5.0=0.447
5,1,1.0,0,layer_class,categorical,38,38,,,,,,,,,,,,,,,,,,3.0,3.0,0.1011443817351899,0.10526315789473684,0.10526315789473684,delaminated=0.316; multilayer=0.053; single_or_few_layer=0.632,delaminated=0.237; multilayer=0.026; single_or_few_layer=0.737
5,1,3.0,0,interlayer_A,continuous,38,114,11.393947368421054,11.466988536503044,12.75,12.803289192581136,3.383781300416288,3.299291294992995,2.5999999999999996,2.9471624799631826,5.3,5.329777956585597,17.1,17.03736334025546,0.21052631578947367,0.1491668737321875,0.20348520612819807,0.060135448500517566,0.02158566455609979,,,,,,,
5,1,3.0,0,target_cap_F_g,continuous,38,114,316.2447368421052,334.0660067798309,283.0,273.1831227844291,233.90547489908548,283.2007856685553,121.77499999999998,108.66969272063133,74.0,81.74756887142648,1609.5,1609.1242109103712,0.09649122807017543,0.9440693643305696,30.21435396390725,0.12917335080310846,0.07619005046980776,,,,,,,
5,1,3.0,0,h2so4_M,categorical,38,114,,,,,,,,,,,,,,,,,,3.0,3.0,0.0638276754282286,0.07017543859649124,0.07017543859649122,0.5=0.211; 1.0=0.421; 3.0=0.368,0.5=0.219; 1.0=0.351; 3.0=0.430
5,1,3.0,0,composition_family,categorical,38,114,,,,,,,,,,,,,,,,,,5.0,5.0,0.039922772019361785,0.026315789473684223,0.017543859649122806,doped_mxene=0.026; mxene_carbon_composite=0.079; mxene_polymer_composite=0.184; pristine_mxene=0.684; structured_pristine_mxene=0.026,doped_mxene=0.018; mxene_carbon_composite=0.088; mxene_polymer_composite=0.167; pristine_mxene=0.693; structured_pristine_mxene=0.035
5,1,3.0,0,scan_rate_mV_s,categorical,38,114,,,,,,,,,,,,,,,,,,6.0,6.0,0.06429948545686669,0.07017543859649125,0.04385964912280704,1.0=0.079; 10.0=0.158; 100.0=0.026; 2.0=0.342; 200.0=0.026; 5.0=0.368,1.0=0.061; 10.0=0.184; 100.0=0.026; 2.0=0.298; 200.0=0.018; 5.0=0.412
5,1,3.0,0,layer_class,categorical,38,114,,,,,,,,,,,,,,,,,,3.0,3.0,0.033946217187378835,0.02631578947368421,0.02631578947368418,delaminated=0.316; multilayer=0.053; single_or_few_layer=0.632,delaminated=0.325; multilayer=0.070; single_or_few_layer=0.605
5,1,5.25,0,interlayer_A,continuous,38,200,11.393947368421054,11.707032765566645,12.75,12.996606092492524,3.383781300416288,3.162484897802187,2.5999999999999996,1.8775235391158454,5.3,5.304458287179749,17.1,17.057447628587635,0.21052631578947367,0.10022211616241984,0.34131375400411534,0.10086755723903473,0.09252530508016965,,,,,,,
5,1,5.25,0,target_cap_F_g,continuous,38,200,316.2447368421052,323.5518322168368,283.0,275.5642123048469,233.90547489908548,254.010478499728,121.77499999999998,108.10683927294616,74.0,84.85030922964738,1609.5,1603.2898303139673,0.08894736842105264,0.9392794547580339,20.039248539730785,0.08567242194042861,0.031239522622905972,,,,,,,
5,1,5.25,0,h2so4_M,categorical,38,200,,,,,,,,,,,,,,,,,,3.0,3.0,0.027003679166657163,0.026578947368421063,0.02657894736842109,0.5=0.211; 1.0=0.421; 3.0=0.368,0.5=0.190; 1.0=0.415; 3.0=0.395
5,1,5.25,0,composition_family,categorical,38,200,,,,,,,,,,,,,,,,,,5.0,5.0,0.046394647611847986,0.024736842105263147,0.016052631578947374,doped_mxene=0.026; mxene_carbon_composite=0.079; mxene_polymer_composite=0.184; pristine_mxene=0.684; structured_pristine_mxene=0.026,doped_mxene=0.035; mxene_carbon_composite=0.095; mxene_polymer_composite=0.180; pristine_mxene=0.675; structured_pristine_mxene=0.015
5,1,5.25,0,scan_rate_mV_s,categorical,38,200,,,,,,,,,,,,,,,,,,6.0,6.0,0.10529305183511081,0.06868421052631579,0.043947368421052624,1.0=0.079; 10.0=0.158; 100.0=0.026; 2.0=0.342; 200.0=0.026; 5.0=0.368,1.0=0.035; 10.0=0.165; 100.0=0.020; 2.0=0.375; 200.0=0.055; 5.0=0.350
5,1,5.25,0,layer_class,categorical,38,200,,,,,,,,,,,,,,,,,,3.0,3.0,0.013666214056011927,0.007368421052631552,0.00736842105263158,delaminated=0.316; multilayer=0.053; single_or_few_layer=0.632,delaminated=0.315; multilayer=0.060; single_or_few_layer=0.625
5,2,1.0,0,interlayer_A,continuous,38,38,11.393947368421054,11.997983887551962,12.75,13.03939472202402,3.383781300416288,3.0560953138378615,2.5999999999999996,1.8672906168524221,5.3,5.390910642757659,17.1,16.80884332947185,0.21052631578947367,0.37272752790955144,0.6218402456487795,0.18377081449450586,0.17850932595927418,,,,,,,
5,2,1.0,0,target_cap_F_g,continuous,38,38,316.2447368421052,315.5526484067912,283.0,275.29309894072236,233.90547489908548,228.6349770367494,121.77499999999998,83.30671592954232,74.0,154.2699004830756,1609.5,1598.041498641265,0.10526315789473684,0.9866453783650283,17.241364312468857,0.07371081980833219,-0.0029588381187426642,,,,,,,
5,2,1.0,0,h2so4_M,categorical,38,38,,,,,,,,,,,,,,,,,,3.0,3.0,0.11215645880056592,0.13157894736842107,0.13157894736842113,0.5=0.211; 1.0=0.421; 3.0=0.368,0.5=0.158; 1.0=0.553; 3.0=0.289
5,2,1.0,0,composition_family,categorical,38,38,,,,,,,,,,,,,,,,,,5.0,5.0,0.05840618583483575,0.026315789473684195,0.02631578947368421,doped_mxene=0.026; mxene_carbon_composite=0.079; mxene_polymer_composite=0.184; pristine_mxene=0.684; structured_pristine_mxene=0.026,doped_mxene=0.026; mxene_carbon_composite=0.079; mxene_polymer_composite=0.184; pristine_mxene=0.658; structured_pristine_mxene=0.053
5,2,1.0,0,scan_rate_mV_s,categorical,38,38,,,,,,,,,,,,,,,,,,6.0,5.0,0.17358204305048403,0.10526315789473682,0.0789473684210526,1.0=0.079; 10.0=0.158; 100.0=0.026; 2.0=0.342; 200.0=0.026; 5.0=0.368,1.0=0.026; 10.0=0.132; 100.0=0.000; 2.0=0.421; 200.0=0.053; 5.0=0.368
5,2,1.0,0,layer_class,categorical,38,38,,,,,,,,,,,,,,,,,,3.0,2.0,0.17597502211703198,0.10526315789473684,0.10526315789473684,delaminated=0.316; multilayer=0.053; single_or_few_layer=0.632,delaminated=0.263; multilayer=0.000; single_or_few_layer=0.737
5,2,1.0,1,interlayer_A,continuous,38,38,11.393947368421054,12.04545443318274,12.75,13.154709071159985,3.383781300416288,3.1043460013866477,2.5999999999999996,1.890906703924383,5.3,5.306263450931205,17.1,16.986177098114325,0.21052631578947367,0.37272752790955144,0.6574977438083012,0.1943085812689528,0.1925381716251978,,,,,,,
5,2,1.0,1,target_cap_F_g,continuous,38,38,316.2447368421052,320.70924773768166,283.0,287.713821122661,233.90547489908548,226.81867314493766,121.77499999999998,140.28013205065037,74.0,75.22111093443841,1609.5,1549.1014289896516,0.13157894736842105,0.9032533298136647,19.094573021399405,0.08163371562652577,0.019086816576236943,,,,,,,
5,2,1.0,1,h2so4_M,categorical,38,38,,,,,,,,,,,,,,,,,,3.0,3.0,0.07607397678404729,0.07894736842105263,0.07894736842105265,0.5=0.211; 1.0=0.421; 3.0=0.368,0.5=0.158; 1.0=0.395; 3.0=0.447
5,2,1.0,1,composition_family,categorical,38,38,,,,,,,,,,,,,,,,,,5.0,4.0,0.13909371590461259,0.07894736842105265,0.052631578947368474,doped_mxene=0.026; mxene_carbon_composite=0.079; mxene_polymer_composite=0.184; pristine_mxene=0.684; structured_pristine_mxene=0.026,doped_mxene=0.026; mxene_carbon_composite=0.132; mxene_polymer_composite=0.211; pristine_mxene=0.632; structured_pristine_mxene=0.000
5,2,1.0,1,scan_rate_mV_s,categorical,38,38,,,,,,,,,,,,,,,,,,6.0,5.0,0.13072938512092017,0.052631578947368446,0.026315789473684237,1.0=0.079; 10.0=0.158; 100.0=0.026; 2.0=0.342; 200.0=0.026; 5.0=0.368,1.0=0.079; 10.0=0.158; 100.0=0.000; 2.0=0.316; 200.0=0.053; 5.0=0.395
5,2,1.0,1,layer_class,categorical,38,38,,,,,,,,,,,,,,,,,,3.0,3.0,0.12044503992649083,0.07894736842105259,0.07894736842105263,delaminated=0.316; multilayer=0.053; single_or_few_layer=0.632,delaminated=0.316; multilayer=0.132; single_or_few_layer=0.553
5,2,1.0,2,interlayer_A,continuous,38,38,11.393947368421054,11.857521560054659,12.75,12.672369693810936,3.383781300416288,2.9794685951654367,2.5999999999999996,1.7826476908940645,5.3,5.328837927528451,17.1,16.767164833541997,0.21052631578947367,0.37272752790955144,0.5441219971886686,0.1608029446589022,0.13699886324703475,,,,,,,
5,2,1.0,2,target_cap_F_g,continuous,38,38,316.2447368421052,418.7994837702653,283.0,287.9187157318393,233.90547489908548,415.4727358119606,121.77499999999998,159.09724975299045,74.0,80.14117282121913,1609.5,1602.830107652027,0.15789473684210525,0.7378793870697806,116.7870943696154,0.4992918375253987,0.4384452607293846,,,,,,,
5,2,1.0,2,h2so4_M,categorical,38,38,,,,,,,,,,,,,,,,,,3.0,3.0,0.09351864933906714,0.10526315789473684,0.10526315789473684,0.5=0.211; 1.0=0.421; 3.0=0.368,0.5=0.158; 1.0=0.368; 3.0=0.474
5,2,1.0,2,composition_family,categorical,38,38,,,,,,,,,,,,,,,,,,5.0,5.0,0.21853378496417336,0.13157894736842102,0.13157894736842105,doped_mxene=0.026; mxene_carbon_composite=0.079; mxene_polymer_composite=0.184; pristine_mxene=0.684; structured_pristine_mxene=0.026,doped_mxene=0.105; mxene_carbon_composite=0.105; mxene_polymer_composite=0.053; pristine_mxene=0.711; structured_pristine_mxene=0.026
5,2,1.0,2,scan_rate_mV_s,categorical,38,38,,,,,,,,,,,,,,,,,,6.0,5.0,0.12549107213936883,0.05263157894736842,0.026315789473684237,1.0=0.079; 10.0=0.158; 100.0=0.026; 2.0=0.342; 200.0=0.026; 5.0=0.368,1.0=0.053; 10.0=0.158; 100.0=0.000; 2.0=0.368; 200.0=0.026; 5.0=0.395
5,2,1.0,2,layer_class,categorical,38,38,,,,,,,,,,,,,,,,,,3.0,3.0,0.1011443817351899,0.10526315789473684,0.10526315789473684,delaminated=0.316; multilayer=0.053; single_or_few_layer=0.632,delaminated=0.237; multilayer=0.026; single_or_few_layer=0.737
5,2,3.0,0,interlayer_A,continuous,38,114,11.393947368421054,11.594043152921069,12.75,12.733168107651053,3.383781300416288,3.077671573279195,2.5999999999999996,2.5176240259786145,5.3,5.333926068994539,17.1,16.92620549623083,0.21052631578947367,0.1491668737321875,0.30420953535512896,0.0899022449582376,0.05913378162926715,,,,,,,
5,2,3.0,0,target_cap_F_g,continuous,38,114,316.2447368421052,333.2959859813651,283.0,278.31323178869707,233.90547489908548,257.90221163811304,121.77499999999998,158.73865118817378,74.0,74.64246546289394,1609.5,1604.632385859178,0.11403508771929824,0.8350420349122432,24.08005168507675,0.10294778989446775,0.07289803347534447,,,,,,,
5,2,3.0,0,h2so4_M,categorical,38,114,,,,,,,,,,,,,,,,,,3.0,3.0,0.028513411533862245,0.026315789473684223,0.02631578947368421,0.5=0.211; 1.0=0.421; 3.0=0.368,0.5=0.184; 1.0=0.430; 3.0=0.386
5,2,3.0,0,composition_family,categorical,38,114,,,,,,,,,,,,,,,,,,5.0,5.0,0.04633744816766706,0.03508771929824561,0.03508771929824561,doped_mxene=0.026; mxene_carbon_composite=0.079; mxene_polymer_composite=0.184; pristine_mxene=0.684; structured_pristine_mxene=0.026,doped_mxene=0.035; mxene_carbon_composite=0.105; mxene_polymer_composite=0.184; pristine_mxene=0.649; structured_pristine_mxene=0.026
5,2,3.0,0,scan_rate_mV_s,categorical,38,114,,,,,,,,,,,,,,,,,,6.0,6.0,0.09102873423781604,0.06140350877192982,0.03508771929824561,1.0=0.079; 10.0=0.158; 100.0=0.026; 2.0=0.342; 200.0=0.026; 5.0=0.368,1.0=0.044; 10.0=0.149; 100.0=0.009; 2.0=0.377; 200.0=0.035; 5.0=0.386
5,2,3.0,0,layer_class,categorical,38,114,,,,,,,,,,,,,,,,,,3.0,3.0,0.04169629681519036,0.03508771929824564,0.03508771929824561,delaminated=0.316; multilayer=0.053; single_or_few_layer=0.632,delaminated=0.281; multilayer=0.070; single_or_few_layer=0.649
5,2,3.0,1,interlayer_A,continuous,38,114,11.393947368421054,11.83527241463529,12.75,12.99497518463137,3.383781300416288,3.0622761749162866,2.5999999999999996,1.896477722310319,5.3,5.306263450931205,17.1,17.016466915295087,0.21052631578947367,0.1491668737321875,0.4531688649919164,0.1339238043948542,0.13042363174001265,,,,,,,
5,2,3.0,1,target_cap_F_g,continuous,38,114,316.2447368421052,313.9960259808358,283.0,278.184267478627,233.90547489908548,228.91090791566398,121.77499999999998,127.36154987537276,74.0,85.64219831412231,1609.5,1593.4529953555962,0.08771929824561403,0.9753997789874728,10.977401046254677,0.04693092819221392,-0.00961375898635811,,,,,,,
5,2,3.0,1,h2so4_M,categorical,38,114,,,,,,,,,,,,,,,,,,3.0,3.0,0.04795923311352452,0.04385964912280703,0.043859649122807015,0.5=0.211; 1.0=0.421; 3.0=0.368,0.5=0.167; 1.0=0.439; 3.0=0.395
5,2,3.0,1,composition_family,categorical,38,114,,,,,,,,,,,,,,,,,,5.0,5.0,0.06926698380467296,0.052631578947368404,0.03508771929824561,doped_mxene=0.026; mxene_carbon_composite=0.079; mxene_polymer_composite=0.184; pristine_mxene=0.684; structured_pristine_mxene=0.026,doped_mxene=0.026; mxene_carbon_composite=0.053; mxene_polymer_composite=0.219; pristine_mxene=0.658; structured_pristine_mxene=0.044
5,2,3.0,1,scan_rate_mV_s,categorical,38,114,,,,,,,,,,,,,,,,,,6.0,6.0,0.041055043555271224,0.03508771929824561,0.03508771929824561,1.0=0.079; 10.0=0.158; 100.0=0.026; 2.0=0.342; 200.0=0.026; 5.0=0.368,1.0=0.079; 10.0=0.193; 100.0=0.026; 2.0=0.316; 200.0=0.026; 5.0=0.360
5,2,3.0,1,layer_class,categorical,38,114,,,,,,,,,,,,,,,,,,3.0,3.0,0.056386610343386115,0.04385964912280703,0.04385964912280699,delaminated=0.316; multilayer=0.053; single_or_few_layer=0.632,delaminated=0.272; multilayer=0.079; single_or_few_layer=0.649
5,2,3.0,2,interlayer_A,continuous,38,114,11.393947368421054,11.996859224169357,12.75,13.108909460827409,3.383781300416288,2.967717094857253,2.5999999999999996,2.4697609742139726,5.3,5.3471936433021074,17.1,16.936161051212565,0.21052631578947367,0.1491668737321875,0.6181298003426646,0.1826742763389051,0.17817695714381132,,,,,,,
5,2,3.0,2,target_cap_F_g,continuous,38,114,316.2447368421052,349.3405706408136,283.0,275.49360267933156,233.90547489908548,303.09224003084194,121.77499999999998,141.45759498626933,74.0,75.88385989243986,1609.5,1591.8444747968815,0.08771929824561403,0.9753997789874728,42.47908704868537,0.18160792117846855,0.1414923434904079,,,,,,,
5,2,3.0,2,h2so4_M,categorical,38,114,,,,,,,,,,,,,,,,,,3.0,3.0,0.06828483018939852,0.061403508771929835,0.06140350877192982,0.5=0.211; 1.0=0.421; 3.0=0.368,0.5=0.149; 1.0=0.447; 3.0=0.404
5,2,3.0,2,composition_family,categorical,38,114,,,,,,,,,,,,,,,,,,5.0,5.0,0.11029808285297929,0.11403508771929823,0.0964912280701754,doped_mxene=0.026; mxene_carbon_composite=0.079; mxene_polymer_composite=0.184; pristine_mxene=0.684; structured_pristine_mxene=0.026,doped_mxene=0.053; mxene_carbon_composite=0.061; mxene_polymer_composite=0.263; pristine_mxene=0.588; structured_pristine_mxene=0.035
5,2,3.0,2,scan_rate_mV_s,categorical,38,114,,,,,,,,,,,,,,,,,,6.0,6.0,0.08686901215753348,0.08771929824561402,0.0789473684210526,1.0=0.079; 10.0=0.158; 100.0=0.026; 2.0=0.342; 200.0=0.026; 5.0=0.368,1.0=0.079; 10.0=0.193; 100.0=0.044; 2.0=0.377; 200.0=0.018; 5.0=0.289
5,2,3.0,2,layer_class,categorical,38,114,,,,,,,,,,,,,,,,,,3.0,3.0,0.021124468342251998,0.01754385964912282,0.017543859649122806,delaminated=0.316; multilayer=0.053; single_or_few_layer=0.632,delaminated=0.298; multilayer=0.061; single_or_few_layer=0.640
5,2,5.25,0,interlayer_A,continuous,38,200,11.393947368421054,11.630632564514348,12.75,12.935641688670465,3.383781300416288,3.2173089792826044,2.5999999999999996,2.6675718961340618,5.3,5.308186159422919,17.1,17.06808826433835,0.21052631578947367,0.10022211616241984,0.26240322820051765,0.07754733681170103,0.06994695433306401,,,,,,,
5,2,5.25,0,target_cap_F_g,continuous,38,200,316.2447368421052,303.17667340583256,283.0,273.48598955947045,233.90547489908548,183.29606918176287,121.77499999999998,116.36726171551891,74.0,82.75637735408813,1609.5,1598.8569621653392,0.08894736842105264,0.9392794547580339,22.850225882266358,0.09769000016833594,-0.055868993412448595,,,,,,,
5,2,5.25,0,h2so4_M,categorical,38,200,,,,,,,,,,,,,,,,,,3.0,3.0,0.015644603147369502,0.016578947368421054,0.016578947368421082,0.5=0.211; 1.0=0.421; 3.0=0.368,0.5=0.200; 1.0=0.415; 3.0=0.385
5,2,5.25,0,composition_family,categorical,38,200,,,,,,,,,,,,,,,,,,5.0,5.0,0.09093515494039629,0.08447368421052634,0.06578947368421054,doped_mxene=0.026; mxene_carbon_composite=0.079; mxene_polymer_composite=0.184; pristine_mxene=0.684; structured_pristine_mxene=0.026,doped_mxene=0.015; mxene_carbon_composite=0.060; mxene_polymer_composite=0.250; pristine_mxene=0.630; structured_pristine_mxene=0.045
5,2,5.25,0,scan_rate_mV_s,categorical,38,200,,,,,,,,,,,,,,,,,,6.0,6.0,0.0973239583490657,0.05868421052631577,0.03342105263157891,1.0=0.079; 10.0=0.158; 100.0=0.026; 2.0=0.342; 200.0=0.026; 5.0=0.368,1.0=0.075; 10.0=0.170; 100.0=0.005; 2.0=0.365; 200.0=0.050; 5.0=0.335
5,2,5.25,0,layer_class,categorical,38,200,,,,,,,,,,,,,,,,,,3.0,3.0,0.030792346549696918,0.01736842105263156,0.01736842105263159,delaminated=0.316; multilayer=0.053; single_or_few_layer=0.632,delaminated=0.310; multilayer=0.070; single_or_few_layer=0.620
5,2,5.25,1,interlayer_A,continuous,38,200,11.393947368421054,11.681264515568417,12.75,12.752053543288017,3.383781300416288,3.1500107804280515,2.5999999999999996,1.8802077130282981,5.3,5.306263450931205,17.1,16.89705024077214,0.21052631578947367,0.10022211616241984,0.3126812407544042,0.09240586580342433,0.08491008184010458,,,,,,,
5,2,5.25,1,target_cap_F_g,continuous,38,200,316.2447368421052,300.3814916708745,283.0,278.55752502368387,233.90547489908548,185.48023702082148,121.77499999999998,119.39447331647145,74.0,74.41957500148776,1609.5,1605.7018301417652,0.08605263157894737,0.9527935261595522,20.56530600944011,0.08792143928359378,-0.06781904176494659,,,,,,,
5,2,5.25,1,h2so4_M,categorical,38,200,,,,,,,,,,,,,,,,,,3.0,3.0,0.021966687869811912,0.020526315789473698,0.02052631578947367,0.5=0.211; 1.0=0.421; 3.0=0.368,0.5=0.190; 1.0=0.435; 3.0=0.375
5,2,5.25,1,composition_family,categorical,38,200,,,,,,,,,,,,,,,,,,5.0,5.0,0.0538810648896547,0.03684210526315786,0.025789473684210473,doped_mxene=0.026; mxene_carbon_composite=0.079; mxene_polymer_composite=0.184; pristine_mxene=0.684; structured_pristine_mxene=0.026,doped_mxene=0.015; mxene_carbon_composite=0.090; mxene_polymer_composite=0.170; pristine_mxene=0.710; structured_pristine_mxene=0.015
5,2,5.25,1,scan_rate_mV_s,categorical,38,200,,,,,,,,,,,,,,,,,,6.0,6.0,0.05225902361751438,0.04447368421052632,0.0365789473684211,1.0=0.079; 10.0=0.158; 100.0=0.026; 2.0=0.342; 200.0=0.026; 5.0=0.368,1.0=0.055; 10.0=0.145; 100.0=0.025; 2.0=0.350; 200.0=0.020; 5.0=0.405
5,2,5.25,1,layer_class,categorical,38,200,,,,,,,,,,,,,,,,,,3.0,3.0,0.03800594402590606,0.04078947368421054,0.04078947368421049,delaminated=0.316; multilayer=0.053; single_or_few_layer=0.632,delaminated=0.275; multilayer=0.055; single_or_few_layer=0.670
5,2,5.25,2,interlayer_A,continuous,38,200,11.393947368421054,11.8146395395438,12.75,12.905171469017393,3.383781300416288,3.0581893054853913,2.5999999999999996,2.522219561731328,5.3,5.314919413334525,17.1,17.030590221857388,0.21052631578947367,0.10022211616241984,0.43099958485910095,0.12737217526619626,0.12432605235775424,,,,,,,
5,2,5.25,2,target_cap_F_g,continuous,38,200,316.2447368421052,303.0594002601226,283.0,271.25762768531513,233.90547489908548,187.11794272808797,121.77499999999998,150.93132932980743,74.0,76.31844831336933,1609.5,1607.65474884866,0.10894736842105263,0.7978507359057508,26.090838903937577,0.1115443702854498,-0.05637036323186211,,,,,,,
5,2,5.25,2,h2so4_M,categorical,38,200,,,,,,,,,,,,,,,,,,3.0,3.0,0.061604599679631694,0.06394736842105263,0.06394736842105264,0.5=0.211; 1.0=0.421; 3.0=0.368,0.5=0.165; 1.0=0.485; 3.0=0.350
5,2,5.25,2,composition_family,categorical,38,200,,,,,,,,,,,,,,,,,,5.0,5.0,0.0650091218220559,0.040789473684210514,0.04078947368421054,doped_mxene=0.026; mxene_carbon_composite=0.079; mxene_polymer_composite=0.184; pristine_mxene=0.684; structured_pristine_mxene=0.026,doped_mxene=0.015; mxene_carbon_composite=0.065; mxene_polymer_composite=0.225; pristine_mxene=0.680; structured_pristine_mxene=0.015
5,2,5.25,2,scan_rate_mV_s,categorical,38,200,,,,,,,,,,,,,,,,,,6.0,6.0,0.04951016805567559,0.054999999999999966,0.03342105263157891,1.0=0.079; 10.0=0.158; 100.0=0.026; 2.0=0.342; 200.0=0.026; 5.0=0.368,1.0=0.065; 10.0=0.180; 100.0=0.020; 2.0=0.375; 200.0=0.025; 5.0=0.335
5,2,5.25,2,layer_class,categorical,38,200,,,,,,,,,,,,,,,,,,3.0,3.0,0.04137680905311719,0.04078947368421054,0.04078947368421049,delaminated=0.316; multilayer=0.053; single_or_few_layer=0.632,delaminated=0.275; multilayer=0.065; single_or_few_layer=0.660
5,3,1.0,0,interlayer_A,continuous,38,38,11.393947368421054,12.19216432570509,12.75,12.848870141149064,3.383781300416288,3.3869014114035547,2.5999999999999996,1.7625541954443147,5.3,5.360428026546828,17.1,16.99833911280474,0.21052631578947367,0.37272752790955144,0.8035675302943153,0.23747620160778615,0.23589496081967085,,,,,,,
5,3,1.0,0,target_cap_F_g,continuous,38,38,316.2447368421052,340.407507286185,283.0,260.94916591605016,233.90547489908548,298.8951404448982,121.77499999999998,91.2342556372395,74.0,152.8274292029233,1609.5,1562.2342826717702,0.18421052631578946,0.5452867518859059,48.895670392885094,0.20904029892408588,0.10330143171939182,,,,,,,
5,3,1.0,0,h2so4_M,categorical,38,38,,,,,,,,,,,,,,,,,,3.0,3.0,0.057759419621611505,0.052631578947368446,0.05263157894736842,0.5=0.211; 1.0=0.421; 3.0=0.368,0.5=0.158; 1.0=0.447; 3.0=0.395
5,3,1.0,0,composition_family,categorical,38,38,,,,,,,,,,,,,,,,,,5.0,3.0,0.25406794850514663,0.13157894736842105,0.10526315789473686,doped_mxene=0.026; mxene_carbon_composite=0.079; mxene_polymer_composite=0.184; pristine_mxene=0.684; structured_pristine_mxene=0.026,doped_mxene=0.053; mxene_carbon_composite=0.000; mxene_polymer_composite=0.289; pristine_mxene=0.658; structured_pristine_mxene=0.000
5,3,1.0,0,scan_rate_mV_s,categorical,38,38,,,,,,,,,,,,,,,,,,6.0,5.0,0.2662120062989815,0.21052631578947367,0.13157894736842107,1.0=0.079; 10.0=0.158; 100.0=0.026; 2.0=0.342; 200.0=0.026; 5.0=0.368,1.0=0.026; 10.0=0.026; 100.0=0.000; 2.0=0.421; 200.0=0.026; 5.0=0.500
5,3,1.0,0,layer_class,categorical,38,38,,,,,,,,,,,,,,,,,,3.0,3.0,0.10280030478723662,0.10526315789473684,0.10526315789473684,delaminated=0.316; multilayer=0.053; single_or_few_layer=0.632,delaminated=0.211; multilayer=0.053; single_or_few_layer=0.737
5,3,3.0,0,interlayer_A,continuous,38,114,11.393947368421054,11.690400495150046,12.75,13.085236052472801,3.383781300416288,3.398497514458411,2.5999999999999996,2.9087292747689037,5.3,5.315772494037444,17.1,17.0487954372077,0.21052631578947367,0.1491668737321875,0.34585162912106543,0.10220862355333579,0.0876100138896448,,,,,,,
5,3,3.0,0,target_cap_F_g,continuous,38,114,316.2447368421052,319.98620171659195,283.0,284.71063316510384,233.90547489908548,223.13733316217358,121.77499999999998,135.64271999590028,74.0,86.93916484290384,1609.5,1601.5077426071832,0.08771929824561403,0.9753997789874728,13.564793379584176,0.05799262879775035,0.015995627618810182,,,,,,,
5,3,3.0,0,h2so4_M,categorical,38,114,,,,,,,,,,,,,,,,,,3.0,3.0,0.008397971042008826,0.008771929824561403,0.00877192982456143,0.5=0.211; 1.0=0.421; 3.0=0.368,0.5=0.211; 1.0=0.412; 3.0=0.377
5,3,3.0,0,composition_family,categorical,38,114,,,,,,,,,,,,,,,,,,5.0,5.0,0.1201218006327209,0.12280701754385967,0.1228070175438597,doped_mxene=0.026; mxene_carbon_composite=0.079; mxene_polymer_composite=0.184; pristine_mxene=0.684; structured_pristine_mxene=0.026,doped_mxene=0.026; mxene_carbon_composite=0.149; mxene_polymer_composite=0.228; pristine_mxene=0.561; structured_pristine_mxene=0.035
5,3,3.0,0,scan_rate_mV_s,categorical,38,114,,,,,,,,,,,,,,,,,,6.0,6.0,0.07800565999942792,0.05263157894736843,0.03508771929824561,1.0=0.079; 10.0=0.158; 100.0=0.026; 2.0=0.342; 200.0=0.026; 5.0=0.368,1.0=0.070; 10.0=0.140; 100.0=0.009; 2.0=0.333; 200.0=0.044; 5.0=0.404
5,3,3.0,0,layer_class,categorical,38,114,,,,,,,,,,,,,,,,,,3.0,3.0,0.0163552974670048,0.017543859649122834,0.01754385964912286,delaminated=0.316; multilayer=0.053; single_or_few_layer=0.632,delaminated=0.298; multilayer=0.053; single_or_few_layer=0.649
5,3,5.25,0,interlayer_A,continuous,38,200,11.393947368421054,11.54662266140586,12.75,12.949109900371923,3.383781300416288,3.31600063319331,2.5999999999999996,2.9224230381407317,5.3,5.35702402742258,17.1,17.010797251037022,0.21052631578947367,0.10022211616241984,0.23103319119563837,0.06827663217100219,0.04511972832464732,,,,,,,
5,3,5.25,0,target_cap_F_g,continuous,38,200,316.2447368421052,325.7291025727793,283.0,274.28437098076245,233.90547489908548,251.8822810880667,121.77499999999998,109.14650692603442,74.0,80.02205870645102,1609.5,1582.5392353935706,0.10105263157894737,0.8626791830184607,21.79260794891898,0.09316843891029498,0.040547856927102506,,,,,,,
5,3,5.25,0,h2so4_M,categorical,38,200,,,,,,,,,,,,,,,,,,3.0,3.0,0.007662898308742975,0.008421052631578954,0.00842105263157894,0.5=0.211; 1.0=0.421; 3.0=0.368,0.5=0.215; 1.0=0.425; 3.0=0.360
5,3,5.25,0,composition_family,categorical,38,200,,,,,,,,,,,,,,,,,,5.0,5.0,0.10104109081240027,0.05473684210526315,0.04605263157894737,doped_mxene=0.026; mxene_carbon_composite=0.079; mxene_polymer_composite=0.184; pristine_mxene=0.684; structured_pristine_mxene=0.026,doped_mxene=0.035; mxene_carbon_composite=0.125; mxene_polymer_composite=0.175; pristine_mxene=0.660; structured_pristine_mxene=0.005
5,3,5.25,0,scan_rate_mV_s,categorical,38,200,,,,,,,,,,,,,,,,,,6.0,6.0,0.07143346440153658,0.06947368421052633,0.047894736842105254,1.0=0.079; 10.0=0.158; 100.0=0.026; 2.0=0.342; 200.0=0.026; 5.0=0.368,1.0=0.065; 10.0=0.110; 100.0=0.025; 2.0=0.380; 200.0=0.020; 5.0=0.400
5,3,5.25,0,layer_class,categorical,38,200,,,,,,,,,,,,,,,,,,3.0,3.0,0.05009339321131207,0.028421052631578972,0.028421052631579014,delaminated=0.316; multilayer=0.053; single_or_few_layer=0.632,delaminated=0.310; multilayer=0.030; single_or_few_layer=0.660
