search_id,row_index,formula_match,formula_reasoning,synthesis_match,synthesis_reasoning,electrolyte_match,electrolyte_reasoning,overall,overall_reasoning
1,0,True,Primary formula 'Ti3C2Tx' contains Ti₃C₂ (Ti₃C₂Tₓ or Ti₃C₂).,True,Synthesis explicitly mentions both LiF and HCl.,,Electrolyte cell is empty.,AMBIGUOUS,One or more fields are empty.
1,1,True,Primary formula 'Ti3C2Tx' contains Ti₃C₂ (Ti₃C₂Tₓ or Ti₃C₂).,True,Synthesis explicitly mentions both LiF and HCl.,,Electrolyte cell is empty.,AMBIGUOUS,One or more fields are empty.
1,2,True,Primary formula 'Ti3C2Tx' contains Ti₃C₂ (Ti₃C₂Tₓ or Ti₃C₂).,True,Synthesis explicitly mentions both LiF and HCl.,,Electrolyte cell is empty.,AMBIGUOUS,One or more fields are empty.
1,3,True,Primary formula 'Ti₃C₂Tₓ' contains Ti₃C₂ (Ti₃C₂Tₓ or Ti₃C₂).,True,Synthesis explicitly mentions both LiF and HCl.,True,Electrolyte explicitly mentions H₂SO₄ (sulfuric acid).,PASS,Passes all criteria.
1,4,True,Primary formula 'Ti₃C₂Tₓ/RGO (50:50 wt%)' contains Ti₃C₂ (Ti₃C₂Tₓ or Ti₃C₂).,True,Synthesis explicitly mentions both LiF and HCl.,True,Electrolyte explicitly mentions H₂SO₄ (sulfuric acid).,PASS,Passes all criteria.
1,5,True,Primary formula 'Ti₃C₂Tₓ/RGO (50:50 wt%)' contains Ti₃C₂ (Ti₃C₂Tₓ or Ti₃C₂).,True,Synthesis explicitly mentions both LiF and HCl.,True,Electrolyte explicitly mentions H₂SO₄ (sulfuric acid).,PASS,Passes all criteria.
1,6,True,Primary formula 'Ti3C2Tx' contains Ti₃C₂ (Ti₃C₂Tₓ or Ti₃C₂).,True,Synthesis explicitly mentions both LiF and HCl.,False,Electrolyte '1 M Na2SO4 (aqueous)' is not H₂SO₄.,FAIL,Electrolyte does not match.
1,7,True,Primary formula 'Ti3C2Tx' contains Ti₃C₂ (Ti₃C₂Tₓ or Ti₃C₂).,True,Synthesis explicitly mentions both LiF and HCl.,False,Electrolyte '1 M Na2SO4 (aqueous)' is not H₂SO₄.,FAIL,Electrolyte does not match.
1,8,True,Primary formula 'Ti3C2Tx' contains Ti₃C₂ (Ti₃C₂Tₓ or Ti₃C₂).,True,Synthesis explicitly mentions both LiF and HCl.,False,Electrolyte '1 M Na2SO4 (aqueous)' is not H₂SO₄.,FAIL,Electrolyte does not match.
1,9,True,Primary formula 'Ti3C2Tx' contains Ti₃C₂ (Ti₃C₂Tₓ or Ti₃C₂).,True,Synthesis explicitly mentions both LiF and HCl.,False,Electrolyte '1 M Na2SO4 (aqueous)' is not H₂SO₄.,FAIL,Electrolyte does not match.
1,10,True,Primary formula 'Ti3C2Tx' contains Ti₃C₂ (Ti₃C₂Tₓ or Ti₃C₂).,True,Synthesis explicitly mentions both LiF and HCl.,False,Electrolyte '1 M Na2SO4 (aqueous)' is not H₂SO₄.,FAIL,Electrolyte does not match.
1,11,True,Primary formula 'Ti3C2Tx' contains Ti₃C₂ (Ti₃C₂Tₓ or Ti₃C₂).,True,Synthesis explicitly mentions both LiF and HCl.,False,Electrolyte 'H3PO4-PVA gel (solid-state)' is not H₂SO₄.,FAIL,Electrolyte does not match.
1,12,True,Primary formula 'Ti₃C₂Tₓ' contains Ti₃C₂ (Ti₃C₂Tₓ or Ti₃C₂).,True,Synthesis explicitly mentions both LiF and HCl.,True,Electrolyte explicitly mentions H₂SO₄ (sulfuric acid).,PASS,Passes all criteria.
1,13,True,Primary formula 'Ti₃C₂Tₓ' contains Ti₃C₂ (Ti₃C₂Tₓ or Ti₃C₂).,True,Synthesis explicitly mentions both LiF and HCl.,True,Electrolyte explicitly mentions H₂SO₄ (sulfuric acid).,PASS,Passes all criteria.
1,14,True,Primary formula 'Ti₃C₂Tₓ' contains Ti₃C₂ (Ti₃C₂Tₓ or Ti₃C₂).,True,Synthesis explicitly mentions both LiF and HCl.,True,Electrolyte explicitly mentions H₂SO₄ (sulfuric acid).,PASS,Passes all criteria.
1,15,True,Primary formula 'Ti₃C₂Tₓ' contains Ti₃C₂ (Ti₃C₂Tₓ or Ti₃C₂).,True,Synthesis explicitly mentions both LiF and HCl.,True,Electrolyte explicitly mentions H₂SO₄ (sulfuric acid).,PASS,Passes all criteria.
1,16,False,Primary formula 'V₂CTₓ' is not Ti₃C₂Tₓ or Ti₃C₂.,False,Synthesis mentions neither LiF nor HCl.,,Electrolyte cell is empty.,AMBIGUOUS,Formula does not match. Synthesis does not match. One or more fields are empty.
1,17,True,Primary formula 'Ti₃C₂Tₓ@Sb-0.5' contains Ti₃C₂ (Ti₃C₂Tₓ or Ti₃C₂).,,Synthesis cell is empty.,,Electrolyte cell is empty.,AMBIGUOUS,One or more fields are empty.
1,18,True,Primary formula 'CT-S@Ti₃C₂-450' contains Ti₃C₂ (Ti₃C₂Tₓ or Ti₃C₂).,False,Synthesis mentions neither LiF nor HCl.,,Electrolyte cell is empty.,AMBIGUOUS,Synthesis does not match. One or more fields are empty.
1,19,False,Ti₃C₂ appears in 'PDDA-BP/Ti₃C₂' but is not the primary formula.,False,Synthesis mentions neither LiF nor HCl.,,Electrolyte cell is empty.,AMBIGUOUS,Formula does not match. Synthesis does not match. One or more fields are empty.
1,20,False,Ti₃C₂ appears in 'PDDA-NPCN/Ti₃C₂' but is not the primary formula.,False,Synthesis mentions neither LiF nor HCl.,,Electrolyte cell is empty.,AMBIGUOUS,Formula does not match. Synthesis does not match. One or more fields are empty.
1,21,True,Primary formula 'CT-Ti₃C₂Tₓ (Ti₃C₂Tₓ/CTAB)' contains Ti₃C₂ (Ti₃C₂Tₓ or Ti₃C₂).,False,Synthesis mentions neither LiF nor HCl.,False,Electrolyte 'APC Mg electrolyte' is not H₂SO₄.,FAIL,Synthesis does not match. Electrolyte does not match.
1,22,False,Primary formula 'FL-V₂CTₓ' is not Ti₃C₂Tₓ or Ti₃C₂.,False,Synthesis mentions neither LiF nor HCl.,False,Electrolyte 'Chloroaluminate ionic liquid' is not H₂SO₄.,FAIL,Formula does not match. Synthesis does not match. Electrolyte does not match.
1,23,True,Primary formula 'p-Ti₃C₂Tₓ (paper electrode)' contains Ti₃C₂ (Ti₃C₂Tₓ or Ti₃C₂).,True,Synthesis explicitly mentions both LiF and HCl.,False,Electrolyte '1 M KOH' is not H₂SO₄.,FAIL,Electrolyte does not match.
1,24,True,Primary formula 'Ti₃C₂Tₓ MXLLC' contains Ti₃C₂ (Ti₃C₂Tₓ or Ti₃C₂).,False,Synthesis mentions neither LiF nor HCl.,True,Electrolyte explicitly mentions H₂SO₄ (sulfuric acid).,FAIL,Synthesis does not match.
1,25,True,Primary formula 'Ti₃C₂Tₓ (inkjet MSC)' contains Ti₃C₂ (Ti₃C₂Tₓ or Ti₃C₂).,False,Synthesis mentions neither LiF nor HCl.,,Electrolyte cell is empty.,AMBIGUOUS,Synthesis does not match. One or more fields are empty.
1,26,True,Primary formula 'Ti₃C₂Tₓ/CF' contains Ti₃C₂ (Ti₃C₂Tₓ or Ti₃C₂).,False,Synthesis mentions neither LiF nor HCl.,True,Electrolyte explicitly mentions H₂SO₄ (sulfuric acid).,FAIL,Synthesis does not match.
1,27,True,Primary formula 'Ti₃C₂Tₓ' contains Ti₃C₂ (Ti₃C₂Tₓ or Ti₃C₂).,False,Synthesis mentions neither LiF nor HCl.,True,Electrolyte explicitly mentions H₂SO₄ (sulfuric acid).,FAIL,Synthesis does not match.
1,28,True,Primary formula 'Ti₃C₂Tₓ' contains Ti₃C₂ (Ti₃C₂Tₓ or Ti₃C₂).,False,Synthesis mentions neither LiF nor HCl.,True,Electrolyte explicitly mentions H₂SO₄ (sulfuric acid).,FAIL,Synthesis does not match.
1,29,True,Primary formula 'Ti₃C₂Tₓ' contains Ti₃C₂ (Ti₃C₂Tₓ or Ti₃C₂).,False,Synthesis mentions neither LiF nor HCl.,True,Electrolyte explicitly mentions H₂SO₄ (sulfuric acid).,FAIL,Synthesis does not match.
1,30,True,Primary formula 'Ti₃C₂Tₓ' contains Ti₃C₂ (Ti₃C₂Tₓ or Ti₃C₂).,False,Synthesis mentions neither LiF nor HCl.,True,Electrolyte explicitly mentions H₂SO₄ (sulfuric acid).,FAIL,Synthesis does not match.
1,31,True,Primary formula 'Ti₃C₂Tₓ' contains Ti₃C₂ (Ti₃C₂Tₓ or Ti₃C₂).,False,Synthesis mentions neither LiF nor HCl.,True,Electrolyte explicitly mentions H₂SO₄ (sulfuric acid).,FAIL,Synthesis does not match.
1,32,False,Primary formula 'TixTa4-xC3' is not Ti₃C₂Tₓ or Ti₃C₂.,False,Synthesis mentions neither LiF nor HCl.,True,Electrolyte explicitly mentions H₂SO₄ (sulfuric acid).,FAIL,Formula does not match. Synthesis does not match.
1,33,True,Primary formula 'Ti3C2Tx' contains Ti₃C₂ (Ti₃C₂Tₓ or Ti₃C₂).,False,Synthesis mentions neither LiF nor HCl.,,Electrolyte cell is empty.,AMBIGUOUS,Synthesis does not match. One or more fields are empty.
1,34,True,Primary formula 'Ti3C2Tx' contains Ti₃C₂ (Ti₃C₂Tₓ or Ti₃C₂).,True,Synthesis explicitly mentions both LiF and HCl.,,Electrolyte cell is empty.,AMBIGUOUS,One or more fields are empty.
1,35,True,Primary formula 'Ti3C2Tx' contains Ti₃C₂ (Ti₃C₂Tₓ or Ti₃C₂).,False,Synthesis mentions neither LiF nor HCl.,,Electrolyte cell is empty.,AMBIGUOUS,Synthesis does not match. One or more fields are empty.
1,36,True,Primary formula 'Ti3C2Tx' contains Ti₃C₂ (Ti₃C₂Tₓ or Ti₃C₂).,False,Synthesis mentions neither LiF nor HCl.,,Electrolyte cell is empty.,AMBIGUOUS,Synthesis does not match. One or more fields are empty.
1,37,True,Primary formula 'Ti3C2Tx' contains Ti₃C₂ (Ti₃C₂Tₓ or Ti₃C₂).,False,Synthesis mentions neither LiF nor HCl.,,Electrolyte cell is empty.,AMBIGUOUS,Synthesis does not match. One or more fields are empty.
1,38,True,Primary formula 'Ti3C2Tx' contains Ti₃C₂ (Ti₃C₂Tₓ or Ti₃C₂).,False,Synthesis mentions neither LiF nor HCl.,,Electrolyte cell is empty.,AMBIGUOUS,Synthesis does not match. One or more fields are empty.
1,39,True,Primary formula 'Ti3C2Tx' contains Ti₃C₂ (Ti₃C₂Tₓ or Ti₃C₂).,False,Synthesis mentions neither LiF nor HCl.,,Electrolyte cell is empty.,AMBIGUOUS,Synthesis does not match. One or more fields are empty.
1,40,True,Primary formula 'Ti3C2Tx' contains Ti₃C₂ (Ti₃C₂Tₓ or Ti₃C₂).,False,Synthesis mentions neither LiF nor HCl.,,Electrolyte cell is empty.,AMBIGUOUS,Synthesis does not match. One or more fields are empty.
1,41,True,Primary formula 'Ti3C2Tx' contains Ti₃C₂ (Ti₃C₂Tₓ or Ti₃C₂).,False,Synthesis mentions neither LiF nor HCl.,True,Electrolyte explicitly mentions H₂SO₄ (sulfuric acid).,FAIL,Synthesis does not match.
1,42,True,Primary formula 'Ti3C2Tx' contains Ti₃C₂ (Ti₃C₂Tₓ or Ti₃C₂).,False,Synthesis mentions neither LiF nor HCl.,,Electrolyte cell is empty.,AMBIGUOUS,Synthesis does not match. One or more fields are empty.
1,43,True,Primary formula 'Ti3C2Tx' contains Ti₃C₂ (Ti₃C₂Tₓ or Ti₃C₂).,False,Synthesis mentions neither LiF nor HCl.,,Electrolyte cell is empty.,AMBIGUOUS,Synthesis does not match. One or more fields are empty.
1,44,True,Primary formula 'Ti3C2Tx' contains Ti₃C₂ (Ti₃C₂Tₓ or Ti₃C₂).,False,Synthesis mentions neither LiF nor HCl.,,Electrolyte cell is empty.,AMBIGUOUS,Synthesis does not match. One or more fields are empty.
1,45,True,Primary formula 'N-Ti3C2' contains Ti₃C₂ (Ti₃C₂Tₓ or Ti₃C₂).,False,Synthesis mentions neither LiF nor HCl.,,Electrolyte cell is empty.,AMBIGUOUS,Synthesis does not match. One or more fields are empty.
1,46,True,Primary formula 'Ti3C2Tx' contains Ti₃C₂ (Ti₃C₂Tₓ or Ti₃C₂).,False,Synthesis mentions neither LiF nor HCl.,,Electrolyte cell is empty.,AMBIGUOUS,Synthesis does not match. One or more fields are empty.
1,47,True,Primary formula 'Ti₃C₂Tₓ' contains Ti₃C₂ (Ti₃C₂Tₓ or Ti₃C₂).,True,Synthesis explicitly mentions both LiF and HCl.,False,Electrolyte 'Organic solid ionogel' is not H₂SO₄.,FAIL,Electrolyte does not match.
1,48,False,Primary formula 'Mo2.7V1.3C3' is not Ti₃C₂Tₓ or Ti₃C₂.,False,Synthesis mentions neither LiF nor HCl.,True,Electrolyte explicitly mentions H₂SO₄ (sulfuric acid).,FAIL,Formula does not match. Synthesis does not match.
1,49,False,Primary formula 'Mo2V2C3' is not Ti₃C₂Tₓ or Ti₃C₂.,False,Synthesis mentions neither LiF nor HCl.,True,Electrolyte explicitly mentions H₂SO₄ (sulfuric acid).,FAIL,Formula does not match. Synthesis does not match.
1,50,False,Primary formula 'MoV3C3' is not Ti₃C₂Tₓ or Ti₃C₂.,False,Synthesis mentions neither LiF nor HCl.,True,Electrolyte explicitly mentions H₂SO₄ (sulfuric acid).,FAIL,Formula does not match. Synthesis does not match.
1,51,True,Primary formula 'Ti₃C₂Tₓ' contains Ti₃C₂ (Ti₃C₂Tₓ or Ti₃C₂).,False,Synthesis mentions HCl but not LiF.,False,Electrolyte 'LiCl/PVA gel' is not H₂SO₄.,FAIL,Synthesis does not match. Electrolyte does not match.
1,52,True,Primary formula 'Ti₃C₂Tₓ' contains Ti₃C₂ (Ti₃C₂Tₓ or Ti₃C₂).,True,Synthesis explicitly mentions both LiF and HCl.,True,Electrolyte explicitly mentions H₂SO₄ (sulfuric acid).,PASS,Passes all criteria.
1,53,True,Primary formula 'Ti₃C₂Tₓ' contains Ti₃C₂ (Ti₃C₂Tₓ or Ti₃C₂).,True,Synthesis explicitly mentions both LiF and HCl.,True,Electrolyte explicitly mentions H₂SO₄ (sulfuric acid).,PASS,Passes all criteria.
1,54,True,Primary formula 'Ti₃C₂Tₓ' contains Ti₃C₂ (Ti₃C₂Tₓ or Ti₃C₂).,False,Synthesis mentions neither LiF nor HCl.,False,Electrolyte 'KOH' is not H₂SO₄.,FAIL,Synthesis does not match. Electrolyte does not match.
1,55,True,Primary formula 'Ti₃C₂Tₓ' contains Ti₃C₂ (Ti₃C₂Tₓ or Ti₃C₂).,True,Synthesis explicitly mentions both LiF and HCl.,True,Electrolyte explicitly mentions H₂SO₄ (sulfuric acid).,PASS,Passes all criteria.
1,56,True,Primary formula 'Ti₃C₂Tₓ' contains Ti₃C₂ (Ti₃C₂Tₓ or Ti₃C₂).,,Synthesis cell is empty.,False,Electrolyte 'KOH' is not H₂SO₄.,AMBIGUOUS,Electrolyte does not match. One or more fields are empty.
1,57,True,Primary formula 'Ti₃C₂Tₓ' contains Ti₃C₂ (Ti₃C₂Tₓ or Ti₃C₂).,True,Synthesis explicitly mentions both LiF and HCl.,False,Electrolyte '1 M LiTFSI in PC' is not H₂SO₄.,FAIL,Electrolyte does not match.
1,58,True,Primary formula 'Ti₃C₂Tₓ' contains Ti₃C₂ (Ti₃C₂Tₓ or Ti₃C₂).,False,Synthesis mentions neither LiF nor HCl.,False,Electrolyte '1 M LiPF₆ in EC/DMC (1:1)' is not H₂SO₄.,FAIL,Synthesis does not match. Electrolyte does not match.
1,59,True,Primary formula 'Ti₃C₂Tₓ' contains Ti₃C₂ (Ti₃C₂Tₓ or Ti₃C₂).,True,Synthesis explicitly mentions both LiF and HCl.,False,Electrolyte 'MSA/PVA hydrogel (solid)' is not H₂SO₄.,FAIL,Electrolyte does not match.
1,60,True,Primary formula 'Ti₃C₂Tₓ (V-doped)' contains Ti₃C₂ (Ti₃C₂Tₓ or Ti₃C₂).,,Synthesis cell is empty.,False,Electrolyte '2 M KCl' is not H₂SO₄.,AMBIGUOUS,Electrolyte does not match. One or more fields are empty.
1,61,True,Primary formula 'Ti₃C₂Tₓ' contains Ti₃C₂ (Ti₃C₂Tₓ or Ti₃C₂).,False,Synthesis mentions neither LiF nor HCl.,True,Electrolyte explicitly mentions H₂SO₄ (sulfuric acid).,FAIL,Synthesis does not match.
1,62,True,Primary formula 'Ti₃C₂Tₓ' contains Ti₃C₂ (Ti₃C₂Tₓ or Ti₃C₂).,False,Synthesis mentions neither LiF nor HCl.,True,Electrolyte explicitly mentions H₂SO₄ (sulfuric acid).,FAIL,Synthesis does not match.
1,63,True,Primary formula 'Ti₃C₂Tₓ' contains Ti₃C₂ (Ti₃C₂Tₓ or Ti₃C₂).,False,Synthesis mentions neither LiF nor HCl.,True,Electrolyte explicitly mentions H₂SO₄ (sulfuric acid).,FAIL,Synthesis does not match.
1,64,True,Primary formula 'Ti₃C₂Tₓ' contains Ti₃C₂ (Ti₃C₂Tₓ or Ti₃C₂).,False,Synthesis mentions neither LiF nor HCl.,True,Electrolyte explicitly mentions H₂SO₄ (sulfuric acid).,FAIL,Synthesis does not match.
1,65,True,Primary formula 'Ti₃C₂Tₓ' contains Ti₃C₂ (Ti₃C₂Tₓ or Ti₃C₂).,False,Synthesis mentions neither LiF nor HCl.,True,Electrolyte explicitly mentions H₂SO₄ (sulfuric acid).,FAIL,Synthesis does not match.
1,66,True,Primary formula 'Ti₃C₂Tₓ' contains Ti₃C₂ (Ti₃C₂Tₓ or Ti₃C₂).,False,Synthesis mentions neither LiF nor HCl.,True,Electrolyte explicitly mentions H₂SO₄ (sulfuric acid).,FAIL,Synthesis does not match.
1,67,True,Primary formula 'Ti₃C₂Tₓ' contains Ti₃C₂ (Ti₃C₂Tₓ or Ti₃C₂).,False,Synthesis mentions neither LiF nor HCl.,True,Electrolyte explicitly mentions H₂SO₄ (sulfuric acid).,FAIL,Synthesis does not match.
1,68,True,Primary formula 'Ti₃C₂Tₓ' contains Ti₃C₂ (Ti₃C₂Tₓ or Ti₃C₂).,False,Synthesis mentions neither LiF nor HCl.,True,Electrolyte explicitly mentions H₂SO₄ (sulfuric acid).,FAIL,Synthesis does not match.
1,69,True,Primary formula 'Ti₃C₂Tₓ' contains Ti₃C₂ (Ti₃C₂Tₓ or Ti₃C₂).,False,Synthesis mentions neither LiF nor HCl.,True,Electrolyte explicitly mentions H₂SO₄ (sulfuric acid).,FAIL,Synthesis does not match.
1,70,True,Primary formula 'Ti₃C₂Tₓ' contains Ti₃C₂ (Ti₃C₂Tₓ or Ti₃C₂).,True,Synthesis explicitly mentions both LiF and HCl.,,Electrolyte cell is empty.,AMBIGUOUS,One or more fields are empty.
1,71,True,Primary formula 'Ti₃C₂Tₓ' contains Ti₃C₂ (Ti₃C₂Tₓ or Ti₃C₂).,False,Synthesis mentions neither LiF nor HCl.,,Electrolyte cell is empty.,AMBIGUOUS,Synthesis does not match. One or more fields are empty.
1,72,True,Primary formula 'Ti₃C₂Tₓ' contains Ti₃C₂ (Ti₃C₂Tₓ or Ti₃C₂).,False,Synthesis mentions neither LiF nor HCl.,True,Electrolyte explicitly mentions H₂SO₄ (sulfuric acid).,FAIL,Synthesis does not match.
1,73,True,Primary formula 'Ti₃C₂Tₓ' contains Ti₃C₂ (Ti₃C₂Tₓ or Ti₃C₂).,False,Synthesis mentions neither LiF nor HCl.,True,Electrolyte explicitly mentions H₂SO₄ (sulfuric acid).,FAIL,Synthesis does not match.
1,74,True,Primary formula 'Ti₃C₂Tₓ' contains Ti₃C₂ (Ti₃C₂Tₓ or Ti₃C₂).,False,Synthesis mentions neither LiF nor HCl.,True,Electrolyte explicitly mentions H₂SO₄ (sulfuric acid).,FAIL,Synthesis does not match.
1,75,True,Primary formula 'Ti₃C₂Tₓ' contains Ti₃C₂ (Ti₃C₂Tₓ or Ti₃C₂).,False,Synthesis mentions neither LiF nor HCl.,,Electrolyte cell is empty.,AMBIGUOUS,Synthesis does not match. One or more fields are empty.
1,76,True,Primary formula 'Ti₃C₂Tₓ' contains Ti₃C₂ (Ti₃C₂Tₓ or Ti₃C₂).,True,Synthesis explicitly mentions both LiF and HCl.,True,Electrolyte explicitly mentions H₂SO₄ (sulfuric acid).,PASS,Passes all criteria.
1,77,True,Primary formula 'Ti₃C₂Tₓ' contains Ti₃C₂ (Ti₃C₂Tₓ or Ti₃C₂).,False,Synthesis mentions neither LiF nor HCl.,True,Electrolyte explicitly mentions H₂SO₄ (sulfuric acid).,FAIL,Synthesis does not match.
1,78,True,Primary formula 'Ti₃C₂Tₓ' contains Ti₃C₂ (Ti₃C₂Tₓ or Ti₃C₂).,False,Synthesis mentions neither LiF nor HCl.,,Electrolyte cell is empty.,AMBIGUOUS,Synthesis does not match. One or more fields are empty.
1,79,True,Primary formula 'Ti₃C₂Tₓ' contains Ti₃C₂ (Ti₃C₂Tₓ or Ti₃C₂).,False,Synthesis mentions neither LiF nor HCl.,,Electrolyte cell is empty.,AMBIGUOUS,Synthesis does not match. One or more fields are empty.
1,80,True,Primary formula 'Ti₃C₂Tₓ' contains Ti₃C₂ (Ti₃C₂Tₓ or Ti₃C₂).,False,Synthesis mentions neither LiF nor HCl.,True,Electrolyte explicitly mentions H₂SO₄ (sulfuric acid).,FAIL,Synthesis does not match.
1,81,True,Primary formula 'N-Ti₃C₂Tₓ' contains Ti₃C₂ (Ti₃C₂Tₓ or Ti₃C₂).,False,Synthesis mentions neither LiF nor HCl.,True,Electrolyte explicitly mentions H₂SO₄ (sulfuric acid).,FAIL,Synthesis does not match.
1,82,True,Primary formula 'Ti₃C₂Tₓ' contains Ti₃C₂ (Ti₃C₂Tₓ or Ti₃C₂).,False,Synthesis mentions neither LiF nor HCl.,,Electrolyte cell is empty.,AMBIGUOUS,Synthesis does not match. One or more fields are empty.
1,83,False,Primary formula 'V₂CTₓ' is not Ti₃C₂Tₓ or Ti₃C₂.,False,Synthesis mentions HCl but not LiF.,False,Electrolyte '1 mol/L Na₂SO₄' is not H₂SO₄.,FAIL,Formula does not match. Synthesis does not match. Electrolyte does not match.
1,84,False,Ti₃C₂ appears in 'Nb₂C/Ti₃C₂' but is not the primary formula.,False,Synthesis mentions neither LiF nor HCl.,True,Electrolyte explicitly mentions H₂SO₄ (sulfuric acid).,FAIL,Formula does not match. Synthesis does not match.
1,85,False,Primary formula 'Mo₂Ti₂C₃' is not Ti₃C₂Tₓ or Ti₃C₂.,False,Synthesis mentions neither LiF nor HCl.,False,Electrolyte 'EMIMTFSI in acetonitrile' is not H₂SO₄.,FAIL,Formula does not match. Synthesis does not match. Electrolyte does not match.
1,86,False,Primary formula 'Mo₂CTₓ' is not Ti₃C₂Tₓ or Ti₃C₂.,False,Synthesis mentions neither LiF nor HCl.,True,Electrolyte explicitly mentions H₂SO₄ (sulfuric acid).,FAIL,Formula does not match. Synthesis does not match.
1,87,False,Primary formula 'Mo₁.₃₃CTz' is not Ti₃C₂Tₓ or Ti₃C₂.,False,Synthesis mentions neither LiF nor HCl.,False,Electrolyte '1 mol/L MnSO₄' is not H₂SO₄.,FAIL,Formula does not match. Synthesis does not match. Electrolyte does not match.
1,88,True,Primary formula 'Ti₃C₂Tₓ/PANI' contains Ti₃C₂ (Ti₃C₂Tₓ or Ti₃C₂).,False,Synthesis mentions neither LiF nor HCl.,,Electrolyte cell is empty.,AMBIGUOUS,Synthesis does not match. One or more fields are empty.
1,89,False,Primary formula 'Nb₄C₃Tₓ' is not Ti₃C₂Tₓ or Ti₃C₂.,False,Synthesis mentions neither LiF nor HCl.,True,Electrolyte explicitly mentions H₂SO₄ (sulfuric acid).,FAIL,Formula does not match. Synthesis does not match.
1,90,True,Primary formula 'Ti₃C₂Tₓ' contains Ti₃C₂ (Ti₃C₂Tₓ or Ti₃C₂).,True,Synthesis explicitly mentions both LiF and HCl.,True,Electrolyte explicitly mentions H₂SO₄ (sulfuric acid).,PASS,Passes all criteria.
1,91,True,Primary formula 'Ti₃C₂Tₓ' contains Ti₃C₂ (Ti₃C₂Tₓ or Ti₃C₂).,True,Synthesis explicitly mentions both LiF and HCl.,True,Electrolyte explicitly mentions H₂SO₄ (sulfuric acid).,PASS,Passes all criteria.
1,92,True,Primary formula 'Ti₃C₂Tₓ' contains Ti₃C₂ (Ti₃C₂Tₓ or Ti₃C₂).,True,Synthesis explicitly mentions both LiF and HCl.,True,Electrolyte explicitly mentions H₂SO₄ (sulfuric acid).,PASS,Passes all criteria.
1,93,True,Primary formula 'K-Ti₃C₂Tₓ' contains Ti₃C₂ (Ti₃C₂Tₓ or Ti₃C₂).,False,Synthesis mentions neither LiF nor HCl.,True,Electrolyte explicitly mentions H₂SO₄ (sulfuric acid).,FAIL,Synthesis does not match.
1,94,True,Primary formula 'K-Ti₃C₂Tₓ' contains Ti₃C₂ (Ti₃C₂Tₓ or Ti₃C₂).,False,Synthesis mentions neither LiF nor HCl.,True,Electrolyte explicitly mentions H₂SO₄ (sulfuric acid).,FAIL,Synthesis does not match.
1,95,True,Primary formula 'K-Ti₃C₂Tₓ' contains Ti₃C₂ (Ti₃C₂Tₓ or Ti₃C₂).,False,Synthesis mentions neither LiF nor HCl.,True,Electrolyte explicitly mentions H₂SO₄ (sulfuric acid).,FAIL,Synthesis does not match.
1,96,,Formula cell is empty.,False,Synthesis mentions neither LiF nor HCl.,True,Electrolyte explicitly mentions H₂SO₄ (sulfuric acid).,AMBIGUOUS,Synthesis does not match. One or more fields are empty.
1,97,,Formula cell is empty.,False,Synthesis mentions neither LiF nor HCl.,True,Electrolyte explicitly mentions H₂SO₄ (sulfuric acid).,AMBIGUOUS,Synthesis does not match. One or more fields are empty.
1,98,True,Primary formula 'Mg-Ti₃C₂Tₓ' contains Ti₃C₂ (Ti₃C₂Tₓ or Ti₃C₂).,False,Synthesis mentions neither LiF nor HCl.,True,Electrolyte explicitly mentions H₂SO₄ (sulfuric acid).,FAIL,Synthesis does not match.
1,99,True,Primary formula 'Ti₃C₂Tₓ' contains Ti₃C₂ (Ti₃C₂Tₓ or Ti₃C₂).,False,Synthesis mentions neither LiF nor HCl.,True,Electrolyte explicitly mentions H₂SO₄ (sulfuric acid).,FAIL,Synthesis does not match.
1,100,True,Primary formula 'Ti₃C₂Tₓ' contains Ti₃C₂ (Ti₃C₂Tₓ or Ti₃C₂).,True,Synthesis explicitly mentions both LiF and HCl.,True,Electrolyte explicitly mentions H₂SO₄ (sulfuric acid).,PASS,Passes all criteria.
1,101,True,Primary formula 'Ti₃C₂Tₓ' contains Ti₃C₂ (Ti₃C₂Tₓ or Ti₃C₂).,False,Synthesis mentions neither LiF nor HCl.,True,Electrolyte explicitly mentions H₂SO₄ (sulfuric acid).,FAIL,Synthesis does not match.
1,102,True,Primary formula 'Ti₃C₂Tₓ' contains Ti₃C₂ (Ti₃C₂Tₓ or Ti₃C₂).,True,Synthesis explicitly mentions both LiF and HCl.,True,Electrolyte explicitly mentions H₂SO₄ (sulfuric acid).,PASS,Passes all criteria.
1,103,True,Primary formula 'Ti₃C₂Tₓ' contains Ti₃C₂ (Ti₃C₂Tₓ or Ti₃C₂).,False,Synthesis mentions neither LiF nor HCl.,True,Electrolyte explicitly mentions H₂SO₄ (sulfuric acid).,FAIL,Synthesis does not match.
1,104,True,Primary formula 'Ti₃C₂Tₓ' contains Ti₃C₂ (Ti₃C₂Tₓ or Ti₃C₂).,False,Synthesis mentions neither LiF nor HCl.,True,Electrolyte explicitly mentions H₂SO₄ (sulfuric acid).,FAIL,Synthesis does not match.
1,105,True,Primary formula 'Ti₃C₂Tₓ' contains Ti₃C₂ (Ti₃C₂Tₓ or Ti₃C₂).,False,Synthesis mentions neither LiF nor HCl.,True,Electrolyte explicitly mentions H₂SO₄ (sulfuric acid).,FAIL,Synthesis does not match.
1,106,True,Primary formula 'Ti₃C₂Tₓ' contains Ti₃C₂ (Ti₃C₂Tₓ or Ti₃C₂).,False,Synthesis mentions neither LiF nor HCl.,True,Electrolyte explicitly mentions H₂SO₄ (sulfuric acid).,FAIL,Synthesis does not match.
1,107,True,Primary formula 'Ti₃C₂Tₓ' contains Ti₃C₂ (Ti₃C₂Tₓ or Ti₃C₂).,False,Synthesis mentions neither LiF nor HCl.,True,Electrolyte explicitly mentions H₂SO₄ (sulfuric acid).,FAIL,Synthesis does not match.
1,108,False,Primary formula 'V₂CTₓ' is not Ti₃C₂Tₓ or Ti₃C₂.,False,Synthesis mentions HCl but not LiF.,False,Electrolyte '1 M Na₂SO₄' is not H₂SO₄.,FAIL,Formula does not match. Synthesis does not match. Electrolyte does not match.
1,109,False,Ti₃C₂ appears in 'Nb₂C/Ti₃C₂' but is not the primary formula.,False,Synthesis mentions neither LiF nor HCl.,True,Electrolyte explicitly mentions H₂SO₄ (sulfuric acid).,FAIL,Formula does not match. Synthesis does not match.
1,110,False,Primary formula 'Mo₂Ti₂C₃' is not Ti₃C₂Tₓ or Ti₃C₂.,False,Synthesis mentions neither LiF nor HCl.,False,Electrolyte '1 M EMIMTFSI in acetonitrile' is not H₂SO₄.,FAIL,Formula does not match. Synthesis does not match. Electrolyte does not match.
1,111,False,Primary formula 'Mo₁.₃₃CTz' is not Ti₃C₂Tₓ or Ti₃C₂.,False,Synthesis mentions neither LiF nor HCl.,False,Electrolyte '1 M MnSO₄' is not H₂SO₄.,FAIL,Formula does not match. Synthesis does not match. Electrolyte does not match.
1,112,False,Ti₃C₂ appears in 'CoNi₂S₄/Ti₃C₂Tₓ' but is not the primary formula.,False,Synthesis mentions neither LiF nor HCl.,False,Electrolyte '6 M KOH' is not H₂SO₄.,FAIL,Formula does not match. Synthesis does not match. Electrolyte does not match.
1,113,False,Ti₃C₂ appears in 'NiCoS/Ti₃C₂' but is not the primary formula.,False,Synthesis mentions neither LiF nor HCl.,False,Electrolyte 'KOH' is not H₂SO₄.,FAIL,Formula does not match. Synthesis does not match. Electrolyte does not match.
1,114,True,Primary formula 'Ti₃C₂Tₓ/Ca-SA' contains Ti₃C₂ (Ti₃C₂Tₓ or Ti₃C₂).,False,Synthesis mentions neither LiF nor HCl.,True,Electrolyte explicitly mentions H₂SO₄ (sulfuric acid).,FAIL,Synthesis does not match.
1,115,True,Primary formula 'K-Ti₃C₂Tₓ' contains Ti₃C₂ (Ti₃C₂Tₓ or Ti₃C₂).,False,Synthesis mentions neither LiF nor HCl.,False,Electrolyte 'Aqueous' is not H₂SO₄.,FAIL,Synthesis does not match. Electrolyte does not match.
1,116,True,Primary formula 'Ti₃C₂Tₓ/PANI' contains Ti₃C₂ (Ti₃C₂Tₓ or Ti₃C₂).,False,Synthesis mentions neither LiF nor HCl.,True,Electrolyte explicitly mentions H₂SO₄ (sulfuric acid).,FAIL,Synthesis does not match.
1,117,True,Primary formula 'Ti₃C₂Tₓ/CAC' contains Ti₃C₂ (Ti₃C₂Tₓ or Ti₃C₂).,False,Synthesis mentions neither LiF nor HCl.,True,Electrolyte explicitly mentions H₂SO₄ (sulfuric acid).,FAIL,Synthesis does not match.
1,118,True,Primary formula 'Ti₃C₂Tₓ@chitosan' contains Ti₃C₂ (Ti₃C₂Tₓ or Ti₃C₂).,False,Synthesis mentions neither LiF nor HCl.,True,Electrolyte explicitly mentions H₂SO₄ (sulfuric acid).,FAIL,Synthesis does not match.
1,119,True,Primary formula 'Ti₃C₂Tₓ' contains Ti₃C₂ (Ti₃C₂Tₓ or Ti₃C₂).,False,Synthesis mentions neither LiF nor HCl.,False,Electrolyte 'Quasi-solid-state' is not H₂SO₄.,FAIL,Synthesis does not match. Electrolyte does not match.
1,120,True,Primary formula 'Ti₃C₂Tₓ' contains Ti₃C₂ (Ti₃C₂Tₓ or Ti₃C₂).,True,Synthesis explicitly mentions both LiF and HCl.,True,Electrolyte explicitly mentions H₂SO₄ (sulfuric acid).,PASS,Passes all criteria.
1,121,True,Primary formula 'Ti₃C₂Tₓ' contains Ti₃C₂ (Ti₃C₂Tₓ or Ti₃C₂).,True,Synthesis explicitly mentions both LiF and HCl.,True,Electrolyte explicitly mentions H₂SO₄ (sulfuric acid).,PASS,Passes all criteria.
1,122,True,Primary formula 'Ti₃C₂Tₓ' contains Ti₃C₂ (Ti₃C₂Tₓ or Ti₃C₂).,True,Synthesis explicitly mentions both LiF and HCl.,True,Electrolyte explicitly mentions H₂SO₄ (sulfuric acid).,PASS,Passes all criteria.
1,123,True,Primary formula 'Ti₃C₂Tₓ' contains Ti₃C₂ (Ti₃C₂Tₓ or Ti₃C₂).,False,Synthesis mentions neither LiF nor HCl.,,Electrolyte cell is empty.,AMBIGUOUS,Synthesis does not match. One or more fields are empty.
1,124,True,Primary formula 'Ti₃C₂Tₓ' contains Ti₃C₂ (Ti₃C₂Tₓ or Ti₃C₂).,False,Synthesis mentions neither LiF nor HCl.,,Electrolyte cell is empty.,AMBIGUOUS,Synthesis does not match. One or more fields are empty.
1,125,True,Primary formula 'Ti₃C₂Tₓ' contains Ti₃C₂ (Ti₃C₂Tₓ or Ti₃C₂).,False,Synthesis mentions neither LiF nor HCl.,,Electrolyte cell is empty.,AMBIGUOUS,Synthesis does not match. One or more fields are empty.
1,126,True,Primary formula 'Ti₃C₂Tₓ' contains Ti₃C₂ (Ti₃C₂Tₓ or Ti₃C₂).,False,Synthesis mentions neither LiF nor HCl.,,Electrolyte cell is empty.,AMBIGUOUS,Synthesis does not match. One or more fields are empty.
1,127,True,Primary formula 'Ti₃C₂Tₓ' contains Ti₃C₂ (Ti₃C₂Tₓ or Ti₃C₂).,False,Synthesis mentions neither LiF nor HCl.,,Electrolyte cell is empty.,AMBIGUOUS,Synthesis does not match. One or more fields are empty.
1,128,True,Primary formula 'Ti₃C₂Tₓ' contains Ti₃C₂ (Ti₃C₂Tₓ or Ti₃C₂).,False,Synthesis mentions neither LiF nor HCl.,,Electrolyte cell is empty.,AMBIGUOUS,Synthesis does not match. One or more fields are empty.
1,129,True,Primary formula 'Ti₃C₂Tₓ' contains Ti₃C₂ (Ti₃C₂Tₓ or Ti₃C₂).,False,Synthesis mentions neither LiF nor HCl.,,Electrolyte cell is empty.,AMBIGUOUS,Synthesis does not match. One or more fields are empty.
1,130,True,Primary formula 'Ti₃C₂Tₓ' contains Ti₃C₂ (Ti₃C₂Tₓ or Ti₃C₂).,False,Synthesis mentions neither LiF nor HCl.,,Electrolyte cell is empty.,AMBIGUOUS,Synthesis does not match. One or more fields are empty.
1,131,True,Primary formula 'Ti₃C₂Tₓ' contains Ti₃C₂ (Ti₃C₂Tₓ or Ti₃C₂).,False,Synthesis mentions neither LiF nor HCl.,,Electrolyte cell is empty.,AMBIGUOUS,Synthesis does not match. One or more fields are empty.
1,132,True,Primary formula 'Ti₃C₂Tₓ' contains Ti₃C₂ (Ti₃C₂Tₓ or Ti₃C₂).,False,Synthesis mentions neither LiF nor HCl.,,Electrolyte cell is empty.,AMBIGUOUS,Synthesis does not match. One or more fields are empty.
1,133,True,Primary formula 'Ti₃C₂Tₓ' contains Ti₃C₂ (Ti₃C₂Tₓ or Ti₃C₂).,False,Synthesis mentions neither LiF nor HCl.,,Electrolyte cell is empty.,AMBIGUOUS,Synthesis does not match. One or more fields are empty.
1,134,True,Primary formula 'Ti₃C₂Tₓ' contains Ti₃C₂ (Ti₃C₂Tₓ or Ti₃C₂).,False,Synthesis mentions neither LiF nor HCl.,,Electrolyte cell is empty.,AMBIGUOUS,Synthesis does not match. One or more fields are empty.
1,135,True,Primary formula 'Ti₃C₂Tₓ' contains Ti₃C₂ (Ti₃C₂Tₓ or Ti₃C₂).,False,Synthesis mentions neither LiF nor HCl.,,Electrolyte cell is empty.,AMBIGUOUS,Synthesis does not match. One or more fields are empty.
1,136,True,Primary formula 'Ti₃C₂Tₓ' contains Ti₃C₂ (Ti₃C₂Tₓ or Ti₃C₂).,False,Synthesis mentions neither LiF nor HCl.,True,Electrolyte explicitly mentions H₂SO₄ (sulfuric acid).,FAIL,Synthesis does not match.
1,137,True,Primary formula 'Ti₃C₂Tₓ' contains Ti₃C₂ (Ti₃C₂Tₓ or Ti₃C₂).,False,Synthesis mentions neither LiF nor HCl.,,Electrolyte cell is empty.,AMBIGUOUS,Synthesis does not match. One or more fields are empty.
1,138,True,Primary formula 'Ti₃C₂Tₓ' contains Ti₃C₂ (Ti₃C₂Tₓ or Ti₃C₂).,False,Synthesis mentions neither LiF nor HCl.,,Electrolyte cell is empty.,AMBIGUOUS,Synthesis does not match. One or more fields are empty.
1,139,True,Primary formula 'Ti₃C₂Tₓ' contains Ti₃C₂ (Ti₃C₂Tₓ or Ti₃C₂).,False,Synthesis mentions neither LiF nor HCl.,,Electrolyte cell is empty.,AMBIGUOUS,Synthesis does not match. One or more fields are empty.
1,140,True,Primary formula 'Ti₃C₂Tₓ' contains Ti₃C₂ (Ti₃C₂Tₓ or Ti₃C₂).,False,Synthesis mentions neither LiF nor HCl.,,Electrolyte cell is empty.,AMBIGUOUS,Synthesis does not match. One or more fields are empty.
1,141,True,Primary formula 'Ti₃C₂Tₓ' contains Ti₃C₂ (Ti₃C₂Tₓ or Ti₃C₂).,False,Synthesis mentions neither LiF nor HCl.,,Electrolyte cell is empty.,AMBIGUOUS,Synthesis does not match. One or more fields are empty.
1,142,True,Primary formula 'Ti₃C₂Tₓ' contains Ti₃C₂ (Ti₃C₂Tₓ or Ti₃C₂).,False,Synthesis mentions neither LiF nor HCl.,,Electrolyte cell is empty.,AMBIGUOUS,Synthesis does not match. One or more fields are empty.
1,143,True,Primary formula 'Ti₃C₂Tₓ' contains Ti₃C₂ (Ti₃C₂Tₓ or Ti₃C₂).,False,Synthesis mentions neither LiF nor HCl.,,Electrolyte cell is empty.,AMBIGUOUS,Synthesis does not match. One or more fields are empty.
1,144,True,Primary formula 'Ti₃C₂Tₓ' contains Ti₃C₂ (Ti₃C₂Tₓ or Ti₃C₂).,False,Synthesis mentions neither LiF nor HCl.,,Electrolyte cell is empty.,AMBIGUOUS,Synthesis does not match. One or more fields are empty.
1,145,True,Primary formula 'Ti₃C₂Tₓ' contains Ti₃C₂ (Ti₃C₂Tₓ or Ti₃C₂).,False,Synthesis mentions neither LiF nor HCl.,,Electrolyte cell is empty.,AMBIGUOUS,Synthesis does not match. One or more fields are empty.
1,146,True,Primary formula 'Ti₃C₂Tₓ' contains Ti₃C₂ (Ti₃C₂Tₓ or Ti₃C₂).,False,Synthesis mentions neither LiF nor HCl.,,Electrolyte cell is empty.,AMBIGUOUS,Synthesis does not match. One or more fields are empty.
1,147,True,Primary formula 'Ti₃C₂Tₓ' contains Ti₃C₂ (Ti₃C₂Tₓ or Ti₃C₂).,False,Synthesis mentions neither LiF nor HCl.,,Electrolyte cell is empty.,AMBIGUOUS,Synthesis does not match. One or more fields are empty.
1,148,True,Primary formula 'Ti₃C₂Tₓ' contains Ti₃C₂ (Ti₃C₂Tₓ or Ti₃C₂).,False,Synthesis mentions neither LiF nor HCl.,,Electrolyte cell is empty.,AMBIGUOUS,Synthesis does not match. One or more fields are empty.
1,149,True,Primary formula 'Ti₃C₂Tₓ' contains Ti₃C₂ (Ti₃C₂Tₓ or Ti₃C₂).,False,Synthesis mentions neither LiF nor HCl.,,Electrolyte cell is empty.,AMBIGUOUS,Synthesis does not match. One or more fields are empty.
1,150,True,Primary formula 'Ti₃C₂Tₓ' contains Ti₃C₂ (Ti₃C₂Tₓ or Ti₃C₂).,False,Synthesis mentions neither LiF nor HCl.,,Electrolyte cell is empty.,AMBIGUOUS,Synthesis does not match. One or more fields are empty.
1,151,True,Primary formula 'Ti₃C₂Tₓ' contains Ti₃C₂ (Ti₃C₂Tₓ or Ti₃C₂).,False,Synthesis mentions neither LiF nor HCl.,,Electrolyte cell is empty.,AMBIGUOUS,Synthesis does not match. One or more fields are empty.
1,152,True,Primary formula 'Ti₃C₂Tₓ' contains Ti₃C₂ (Ti₃C₂Tₓ or Ti₃C₂).,False,Synthesis mentions neither LiF nor HCl.,,Electrolyte cell is empty.,AMBIGUOUS,Synthesis does not match. One or more fields are empty.
1,153,True,Primary formula 'Ti₃C₂Tₓ' contains Ti₃C₂ (Ti₃C₂Tₓ or Ti₃C₂).,False,Synthesis mentions neither LiF nor HCl.,,Electrolyte cell is empty.,AMBIGUOUS,Synthesis does not match. One or more fields are empty.
1,154,True,Primary formula 'Ti₃C₂Tₓ' contains Ti₃C₂ (Ti₃C₂Tₓ or Ti₃C₂).,False,Synthesis mentions neither LiF nor HCl.,,Electrolyte cell is empty.,AMBIGUOUS,Synthesis does not match. One or more fields are empty.
1,155,True,Primary formula 'Ti₃C₂Tₓ' contains Ti₃C₂ (Ti₃C₂Tₓ or Ti₃C₂).,False,Synthesis mentions neither LiF nor HCl.,,Electrolyte cell is empty.,AMBIGUOUS,Synthesis does not match. One or more fields are empty.
1,156,True,Primary formula 'Ti₃C₂Tₓ' contains Ti₃C₂ (Ti₃C₂Tₓ or Ti₃C₂).,False,Synthesis mentions neither LiF nor HCl.,,Electrolyte cell is empty.,AMBIGUOUS,Synthesis does not match. One or more fields are empty.
1,157,True,Primary formula 'Ti₃C₂Tₓ' contains Ti₃C₂ (Ti₃C₂Tₓ or Ti₃C₂).,False,Synthesis mentions neither LiF nor HCl.,,Electrolyte cell is empty.,AMBIGUOUS,Synthesis does not match. One or more fields are empty.
1,158,True,Primary formula 'Ti₃C₂Tₓ' contains Ti₃C₂ (Ti₃C₂Tₓ or Ti₃C₂).,False,Synthesis mentions neither LiF nor HCl.,,Electrolyte cell is empty.,AMBIGUOUS,Synthesis does not match. One or more fields are empty.
1,159,True,Primary formula 'Ti₃C₂Tₓ' contains Ti₃C₂ (Ti₃C₂Tₓ or Ti₃C₂).,False,Synthesis mentions neither LiF nor HCl.,,Electrolyte cell is empty.,AMBIGUOUS,Synthesis does not match. One or more fields are empty.
1,160,True,Primary formula 'Ti₃C₂Tₓ' contains Ti₃C₂ (Ti₃C₂Tₓ or Ti₃C₂).,False,Synthesis mentions neither LiF nor HCl.,,Electrolyte cell is empty.,AMBIGUOUS,Synthesis does not match. One or more fields are empty.
1,161,True,Primary formula 'Ti₃C₂Tₓ' contains Ti₃C₂ (Ti₃C₂Tₓ or Ti₃C₂).,False,Synthesis mentions neither LiF nor HCl.,,Electrolyte cell is empty.,AMBIGUOUS,Synthesis does not match. One or more fields are empty.
1,162,True,Primary formula 'Ti₃C₂Tₓ' contains Ti₃C₂ (Ti₃C₂Tₓ or Ti₃C₂).,True,Synthesis explicitly mentions both LiF and HCl.,True,Electrolyte explicitly mentions H₂SO₄ (sulfuric acid).,PASS,Passes all criteria.
1,163,True,Primary formula 'Ti₃C₂Tₓ' contains Ti₃C₂ (Ti₃C₂Tₓ or Ti₃C₂).,False,Synthesis mentions neither LiF nor HCl.,,Electrolyte cell is empty.,AMBIGUOUS,Synthesis does not match. One or more fields are empty.
1,164,True,Primary formula 'Ti₃C₂Tₓ' contains Ti₃C₂ (Ti₃C₂Tₓ or Ti₃C₂).,False,Synthesis mentions neither LiF nor HCl.,,Electrolyte cell is empty.,AMBIGUOUS,Synthesis does not match. One or more fields are empty.
1,165,True,Primary formula 'Ti₃C₂Tₓ' contains Ti₃C₂ (Ti₃C₂Tₓ or Ti₃C₂).,False,Synthesis mentions neither LiF nor HCl.,,Electrolyte cell is empty.,AMBIGUOUS,Synthesis does not match. One or more fields are empty.
1,166,True,Primary formula 'Ti₃C₂Tₓ' contains Ti₃C₂ (Ti₃C₂Tₓ or Ti₃C₂).,True,Synthesis explicitly mentions both LiF and HCl.,True,Electrolyte explicitly mentions H₂SO₄ (sulfuric acid).,PASS,Passes all criteria.
1,167,True,Primary formula 'Ti₃C₂Tₓ' contains Ti₃C₂ (Ti₃C₂Tₓ or Ti₃C₂).,False,Synthesis mentions neither LiF nor HCl.,True,Electrolyte explicitly mentions H₂SO₄ (sulfuric acid).,FAIL,Synthesis does not match.
1,168,True,Primary formula 'Ti₃C₂Tₓ' contains Ti₃C₂ (Ti₃C₂Tₓ or Ti₃C₂).,False,Synthesis mentions neither LiF nor HCl.,,Electrolyte cell is empty.,AMBIGUOUS,Synthesis does not match. One or more fields are empty.
1,169,True,Primary formula 'Ti₃C₂Tₓ' contains Ti₃C₂ (Ti₃C₂Tₓ or Ti₃C₂).,False,Synthesis mentions neither LiF nor HCl.,False,Electrolyte 'LiCl-PVA gel' is not H₂SO₄.,FAIL,Synthesis does not match. Electrolyte does not match.
1,170,True,Primary formula 'Ti₃C₂Tₓ' contains Ti₃C₂ (Ti₃C₂Tₓ or Ti₃C₂).,False,Synthesis mentions neither LiF nor HCl.,True,Electrolyte explicitly mentions H₂SO₄ (sulfuric acid).,FAIL,Synthesis does not match.
1,171,True,Primary formula 'Ti₃C₂' contains Ti₃C₂ (Ti₃C₂Tₓ or Ti₃C₂).,False,Synthesis mentions neither LiF nor HCl.,False,Electrolyte 'Neutral electrolyte' is not H₂SO₄.,FAIL,Synthesis does not match. Electrolyte does not match.
1,172,True,Primary formula 'Ti₃C₂Tₓ' contains Ti₃C₂ (Ti₃C₂Tₓ or Ti₃C₂).,False,Synthesis mentions neither LiF nor HCl.,False,Electrolyte 'Organic electrolyte' is not H₂SO₄.,FAIL,Synthesis does not match. Electrolyte does not match.
1,173,True,Primary formula 'Ti₃C₂Tₓ' contains Ti₃C₂ (Ti₃C₂Tₓ or Ti₃C₂).,False,Synthesis mentions neither LiF nor HCl.,True,Electrolyte explicitly mentions H₂SO₄ (sulfuric acid).,FAIL,Synthesis does not match.
1,174,True,Primary formula 'Ti₃C₂Tₓ' contains Ti₃C₂ (Ti₃C₂Tₓ or Ti₃C₂).,False,Synthesis mentions neither LiF nor HCl.,,Electrolyte cell is empty.,AMBIGUOUS,Synthesis does not match. One or more fields are empty.
1,175,True,Primary formula 'Ti₃C₂Tₓ' contains Ti₃C₂ (Ti₃C₂Tₓ or Ti₃C₂).,False,Synthesis mentions neither LiF nor HCl.,,Electrolyte cell is empty.,AMBIGUOUS,Synthesis does not match. One or more fields are empty.
1,176,True,Primary formula 'Ti₃C₂Tₓ' contains Ti₃C₂ (Ti₃C₂Tₓ or Ti₃C₂).,False,Synthesis mentions neither LiF nor HCl.,False,Electrolyte 'PVA gel' is not H₂SO₄.,FAIL,Synthesis does not match. Electrolyte does not match.
1,177,True,Primary formula 'Ti3C2Tx' contains Ti₃C₂ (Ti₃C₂Tₓ or Ti₃C₂).,True,Synthesis explicitly mentions both LiF and HCl.,True,Electrolyte explicitly mentions H₂SO₄ (sulfuric acid).,PASS,Passes all criteria.
1,178,True,Primary formula 'Ti3C2Tx-Mn' contains Ti₃C₂ (Ti₃C₂Tₓ or Ti₃C₂).,True,Synthesis explicitly mentions both LiF and HCl.,True,Electrolyte explicitly mentions H₂SO₄ (sulfuric acid).,PASS,Passes all criteria.
1,179,True,Primary formula 'a-Ti3C2Tx-Mn' contains Ti₃C₂ (Ti₃C₂Tₓ or Ti₃C₂).,True,Synthesis explicitly mentions both LiF and HCl.,True,Electrolyte explicitly mentions H₂SO₄ (sulfuric acid).,PASS,Passes all criteria.
2,0,True,Primary formula 'Ti₃C₂Tₓ' contains Ti₃C₂ (Ti₃C₂Tₓ or Ti₃C₂).,False,Synthesis mentions neither LiF nor HCl.,False,Electrolyte '1M Li₂SO₄ (aqueous)' is not H₂SO₄.,FAIL,Synthesis does not match. Electrolyte does not match.
2,1,True,Primary formula 'Ti₃C₂Tₓ' contains Ti₃C₂ (Ti₃C₂Tₓ or Ti₃C₂).,False,Synthesis mentions neither LiF nor HCl.,False,Electrolyte '1M Na₂SO₄ (aqueous)' is not H₂SO₄.,FAIL,Synthesis does not match. Electrolyte does not match.
2,2,True,Primary formula 'Ti₃C₂Tₓ' contains Ti₃C₂ (Ti₃C₂Tₓ or Ti₃C₂).,False,Synthesis mentions neither LiF nor HCl.,False,Electrolyte '0.5M K₂SO₄ (aqueous)' is not H₂SO₄.,FAIL,Synthesis does not match. Electrolyte does not match.
2,3,True,Primary formula 'Ti₃C₂Tₓ' contains Ti₃C₂ (Ti₃C₂Tₓ or Ti₃C₂).,False,Synthesis mentions neither LiF nor HCl.,False,Electrolyte '1M MgSO₄ (aqueous)' is not H₂SO₄.,FAIL,Synthesis does not match. Electrolyte does not match.
2,4,False,Primary formula 'Nb₄C₃Tₓ' is not Ti₃C₂Tₓ or Ti₃C₂.,False,Synthesis mentions neither LiF nor HCl.,True,Electrolyte explicitly mentions H₂SO₄ (sulfuric acid).,FAIL,Formula does not match. Synthesis does not match.
2,5,False,Primary formula 'Nb₄C₃Tₓ' is not Ti₃C₂Tₓ or Ti₃C₂.,False,Synthesis mentions neither LiF nor HCl.,False,Electrolyte '1 M KOH' is not H₂SO₄.,FAIL,Formula does not match. Synthesis does not match. Electrolyte does not match.
2,6,False,Primary formula 'Nb₄C₃Tₓ' is not Ti₃C₂Tₓ or Ti₃C₂.,False,Synthesis mentions neither LiF nor HCl.,False,Electrolyte '1 M MgSO₄' is not H₂SO₄.,FAIL,Formula does not match. Synthesis does not match. Electrolyte does not match.
2,7,True,Primary formula 'Ti₃C₂Tₓ' contains Ti₃C₂ (Ti₃C₂Tₓ or Ti₃C₂).,False,Synthesis mentions neither LiF nor HCl.,False,Electrolyte '2 M Zn(CF₃SO₃)₂ – 0.1 M MnSO₄ / PAM hydrogel' is not H₂SO₄.,FAIL,Synthesis does not match. Electrolyte does not match.
2,8,True,Primary formula 'Ti₃C₂Tₓ' contains Ti₃C₂ (Ti₃C₂Tₓ or Ti₃C₂).,False,Synthesis mentions neither LiF nor HCl.,False,Electrolyte '2 M Zn(CF₃SO₃)₂ – 0.1 M MnSO₄ / PAM hydrogel' is not H₂SO₄.,FAIL,Synthesis does not match. Electrolyte does not match.
2,9,True,Primary formula 'Ti₃C₂Tₓ' contains Ti₃C₂ (Ti₃C₂Tₓ or Ti₃C₂).,False,Synthesis mentions neither LiF nor HCl.,False,Electrolyte '2 M Zn(CF₃SO₃)₂ – 0.1 M MnSO₄ / PAM hydrogel' is not H₂SO₄.,FAIL,Synthesis does not match. Electrolyte does not match.
2,10,False,Primary formula 'Mo2Ti2C3Tx' is not Ti₃C₂Tₓ or Ti₃C₂.,False,Synthesis mentions neither LiF nor HCl.,False,Electrolyte '1 M EMIMTFSI in acetonitrile' is not H₂SO₄.,FAIL,Formula does not match. Synthesis does not match. Electrolyte does not match.
2,11,True,Primary formula 'Ti3C2Tx' contains Ti₃C₂ (Ti₃C₂Tₓ or Ti₃C₂).,False,Synthesis mentions neither LiF nor HCl.,False,Electrolyte '1 M EMIMTFSI in acetonitrile' is not H₂SO₄.,FAIL,Synthesis does not match. Electrolyte does not match.
2,12,True,Primary formula 'Ti₃C₂Tₓ' contains Ti₃C₂ (Ti₃C₂Tₓ or Ti₃C₂).,False,Synthesis mentions neither LiF nor HCl.,False,Electrolyte '1 M Na₂SO₄' is not H₂SO₄.,FAIL,Synthesis does not match. Electrolyte does not match.
2,13,,Formula cell is empty.,False,Synthesis mentions neither LiF nor HCl.,False,Electrolyte '1 M Na₂SO₄' is not H₂SO₄.,AMBIGUOUS,Synthesis does not match. Electrolyte does not match. One or more fields are empty.
2,14,True,Primary formula 'Ti₃C₂Tₓ' contains Ti₃C₂ (Ti₃C₂Tₓ or Ti₃C₂).,,Synthesis cell is empty.,False,Electrolyte '1 M Na₂SO₄' is not H₂SO₄.,AMBIGUOUS,Electrolyte does not match. One or more fields are empty.
2,15,True,Primary formula 'Ti₃C₂Tₓ' contains Ti₃C₂ (Ti₃C₂Tₓ or Ti₃C₂).,True,Synthesis explicitly mentions both LiF and HCl.,True,Electrolyte explicitly mentions H₂SO₄ (sulfuric acid).,PASS,Passes all criteria.
2,16,True,Primary formula 'Ti₃C₂Tₓ' contains Ti₃C₂ (Ti₃C₂Tₓ or Ti₃C₂).,True,Synthesis explicitly mentions both LiF and HCl.,True,Electrolyte explicitly mentions H₂SO₄ (sulfuric acid).,PASS,Passes all criteria.
2,17,True,Primary formula 'Ti₃C₂Tₓ' contains Ti₃C₂ (Ti₃C₂Tₓ or Ti₃C₂).,True,Synthesis explicitly mentions both LiF and HCl.,True,Electrolyte explicitly mentions H₂SO₄ (sulfuric acid).,PASS,Passes all criteria.
2,18,True,Primary formula 'Ti₃C₂Tₓ' contains Ti₃C₂ (Ti₃C₂Tₓ or Ti₃C₂).,True,Synthesis explicitly mentions both LiF and HCl.,True,Electrolyte explicitly mentions H₂SO₄ (sulfuric acid).,PASS,Passes all criteria.
2,19,True,Primary formula 'Ti₃C₂Tₓ' contains Ti₃C₂ (Ti₃C₂Tₓ or Ti₃C₂).,True,Synthesis explicitly mentions both LiF and HCl.,True,Electrolyte explicitly mentions H₂SO₄ (sulfuric acid).,PASS,Passes all criteria.
2,20,True,Primary formula 'Ti₃C₂Tₓ' contains Ti₃C₂ (Ti₃C₂Tₓ or Ti₃C₂).,False,Synthesis mentions neither LiF nor HCl.,True,Electrolyte explicitly mentions H₂SO₄ (sulfuric acid).,FAIL,Synthesis does not match.
2,21,True,Primary formula 'Ti₃C₂Tₓ' contains Ti₃C₂ (Ti₃C₂Tₓ or Ti₃C₂).,False,Synthesis mentions neither LiF nor HCl.,False,Electrolyte '1 M Li₂SO₄ (aqueous)' is not H₂SO₄.,FAIL,Synthesis does not match. Electrolyte does not match.
2,22,True,Primary formula 'Ti₃C₂Tₓ' contains Ti₃C₂ (Ti₃C₂Tₓ or Ti₃C₂).,False,Synthesis mentions neither LiF nor HCl.,False,Electrolyte '1 M KOH (aqueous)' is not H₂SO₄.,FAIL,Synthesis does not match. Electrolyte does not match.
2,23,True,Primary formula 'Ti₃C₂Tₓ' contains Ti₃C₂ (Ti₃C₂Tₓ or Ti₃C₂).,False,Synthesis mentions neither LiF nor HCl.,False,Electrolyte 'EMIMTFSI (nonaqueous)' is not H₂SO₄.,FAIL,Synthesis does not match. Electrolyte does not match.
2,24,True,Primary formula 'Ti₃C₂Tₓ' contains Ti₃C₂ (Ti₃C₂Tₓ or Ti₃C₂).,False,Synthesis mentions neither LiF nor HCl.,True,Electrolyte explicitly mentions H₂SO₄ (sulfuric acid).,FAIL,Synthesis does not match.
2,25,True,Primary formula 'Ti₃C₂Tₓ' contains Ti₃C₂ (Ti₃C₂Tₓ or Ti₃C₂).,False,Synthesis mentions neither LiF nor HCl.,True,Electrolyte explicitly mentions H₂SO₄ (sulfuric acid).,FAIL,Synthesis does not match.
2,26,True,Primary formula 'Ti₃C₂Tₓ' contains Ti₃C₂ (Ti₃C₂Tₓ or Ti₃C₂).,False,Synthesis mentions neither LiF nor HCl.,False,Electrolyte '1 M LiTFSI (nonaqueous)' is not H₂SO₄.,FAIL,Synthesis does not match. Electrolyte does not match.
2,27,True,Primary formula 'Ti₃C₂Tₓ' contains Ti₃C₂ (Ti₃C₂Tₓ or Ti₃C₂).,False,Synthesis mentions neither LiF nor HCl.,False,Electrolyte '1 M NaClO₄ (nonaqueous)' is not H₂SO₄.,FAIL,Synthesis does not match. Electrolyte does not match.
2,28,True,Primary formula 'Ti₃C₂Tₓ' contains Ti₃C₂ (Ti₃C₂Tₓ or Ti₃C₂).,False,Synthesis mentions neither LiF nor HCl.,True,Electrolyte explicitly mentions H₂SO₄ (sulfuric acid).,FAIL,Synthesis does not match.
2,29,False,Primary formula 'Ti₂CTₓ' is not Ti₃C₂Tₓ or Ti₃C₂.,False,Synthesis mentions neither LiF nor HCl.,False,Electrolyte '1 M LiPF₆ (nonaqueous)' is not H₂SO₄.,FAIL,Formula does not match. Synthesis does not match. Electrolyte does not match.
2,30,False,Primary formula 'Nb₄C₃Tₓ' is not Ti₃C₂Tₓ or Ti₃C₂.,False,Synthesis mentions neither LiF nor HCl.,False,Electrolyte '1 M LiPF₆ (nonaqueous)' is not H₂SO₄.,FAIL,Formula does not match. Synthesis does not match. Electrolyte does not match.
2,31,False,Primary formula 'V₂CTₓ' is not Ti₃C₂Tₓ or Ti₃C₂.,False,Synthesis mentions neither LiF nor HCl.,False,Electrolyte '1 M KOH (aqueous)' is not H₂SO₄.,FAIL,Formula does not match. Synthesis does not match. Electrolyte does not match.
2,32,False,Primary formula 'V₂CTₓ' is not Ti₃C₂Tₓ or Ti₃C₂.,False,Synthesis mentions neither LiF nor HCl.,False,Electrolyte '1 M MgSO₄ (aqueous)' is not H₂SO₄.,FAIL,Formula does not match. Synthesis does not match. Electrolyte does not match.
2,33,False,Primary formula 'V₂CTₓ' is not Ti₃C₂Tₓ or Ti₃C₂.,False,Synthesis mentions neither LiF nor HCl.,False,Electrolyte '1 M NaPF₆ (nonaqueous)' is not H₂SO₄.,FAIL,Formula does not match. Synthesis does not match. Electrolyte does not match.
2,34,False,Primary formula 'Mo₂CTₓ' is not Ti₃C₂Tₓ or Ti₃C₂.,False,Synthesis mentions neither LiF nor HCl.,True,Electrolyte explicitly mentions H₂SO₄ (sulfuric acid).,FAIL,Formula does not match. Synthesis does not match.
2,35,False,Primary formula 'Mo₂CTₓ' is not Ti₃C₂Tₓ or Ti₃C₂.,False,Synthesis mentions neither LiF nor HCl.,True,Electrolyte explicitly mentions H₂SO₄ (sulfuric acid).,FAIL,Formula does not match. Synthesis does not match.
2,36,False,Primary formula 'Nb₂CTₓ' is not Ti₃C₂Tₓ or Ti₃C₂.,False,Synthesis mentions neither LiF nor HCl.,False,Electrolyte '1 M LiPF₆ (nonaqueous)' is not H₂SO₄.,FAIL,Formula does not match. Synthesis does not match. Electrolyte does not match.
2,37,False,Primary formula 'Mo₂Ti₂C₃Tₓ' is not Ti₃C₂Tₓ or Ti₃C₂.,False,Synthesis mentions neither LiF nor HCl.,False,Electrolyte '1 M LiPF₆ (nonaqueous)' is not H₂SO₄.,FAIL,Formula does not match. Synthesis does not match. Electrolyte does not match.
2,38,False,Primary formula 'Mo₁.₃₃CTₓ' is not Ti₃C₂Tₓ or Ti₃C₂.,False,Synthesis mentions neither LiF nor HCl.,True,Electrolyte explicitly mentions H₂SO₄ (sulfuric acid).,FAIL,Formula does not match. Synthesis does not match.
2,39,False,Primary formula 'Ta₄C₃Tₓ' is not Ti₃C₂Tₓ or Ti₃C₂.,False,Synthesis mentions neither LiF nor HCl.,True,Electrolyte explicitly mentions H₂SO₄ (sulfuric acid).,FAIL,Formula does not match. Synthesis does not match.
2,40,False,Primary formula 'Mo₂TiC₂Tₓ' is not Ti₃C₂Tₓ or Ti₃C₂.,False,Synthesis mentions neither LiF nor HCl.,True,Electrolyte explicitly mentions H₂SO₄ (sulfuric acid).,FAIL,Formula does not match. Synthesis does not match.
2,41,True,Primary formula 'Ti₃C₂Tₓ' contains Ti₃C₂ (Ti₃C₂Tₓ or Ti₃C₂).,True,Synthesis explicitly mentions both LiF and HCl.,True,Electrolyte explicitly mentions H₂SO₄ (sulfuric acid).,PASS,Passes all criteria.
2,42,True,Primary formula 'Ti₃C₂Tₓ/Ni' contains Ti₃C₂ (Ti₃C₂Tₓ or Ti₃C₂).,True,Synthesis explicitly mentions both LiF and HCl.,True,Electrolyte explicitly mentions H₂SO₄ (sulfuric acid).,PASS,Passes all criteria.
2,43,True,Primary formula 'Ti₃C₂Tₓ/Ni' contains Ti₃C₂ (Ti₃C₂Tₓ or Ti₃C₂).,True,Synthesis explicitly mentions both LiF and HCl.,True,Electrolyte explicitly mentions H₂SO₄ (sulfuric acid).,PASS,Passes all criteria.
2,44,True,Primary formula 'Ti₃C₂Tₓ/Ni' contains Ti₃C₂ (Ti₃C₂Tₓ or Ti₃C₂).,True,Synthesis explicitly mentions both LiF and HCl.,True,Electrolyte explicitly mentions H₂SO₄ (sulfuric acid).,PASS,Passes all criteria.
2,45,True,Primary formula 'Ti₃C₂Tₓ/Ni' contains Ti₃C₂ (Ti₃C₂Tₓ or Ti₃C₂).,True,Synthesis explicitly mentions both LiF and HCl.,True,Electrolyte explicitly mentions H₂SO₄ (sulfuric acid).,PASS,Passes all criteria.
2,46,True,Primary formula 'Ti₃C₂Tₓ' contains Ti₃C₂ (Ti₃C₂Tₓ or Ti₃C₂).,False,Synthesis mentions neither LiF nor HCl.,False,Electrolyte '6 M KOH' is not H₂SO₄.,FAIL,Synthesis does not match. Electrolyte does not match.
2,47,True,Primary formula 'Ti₃C₂Tₓ' contains Ti₃C₂ (Ti₃C₂Tₓ or Ti₃C₂).,False,Synthesis mentions neither LiF nor HCl.,False,Electrolyte '6 M KOH' is not H₂SO₄.,FAIL,Synthesis does not match. Electrolyte does not match.
2,48,True,Primary formula 'Ti₃C₂Tₓ' contains Ti₃C₂ (Ti₃C₂Tₓ or Ti₃C₂).,False,Synthesis mentions neither LiF nor HCl.,False,Electrolyte '6 M KOH' is not H₂SO₄.,FAIL,Synthesis does not match. Electrolyte does not match.
2,49,True,Primary formula 'Ti₃C₂Tₓ' contains Ti₃C₂ (Ti₃C₂Tₓ or Ti₃C₂).,False,Synthesis mentions neither LiF nor HCl.,False,Electrolyte '6 M KOH' is not H₂SO₄.,FAIL,Synthesis does not match. Electrolyte does not match.
2,50,True,Primary formula 'Ti₃C₂Tₓ' contains Ti₃C₂ (Ti₃C₂Tₓ or Ti₃C₂).,False,Synthesis mentions neither LiF nor HCl.,False,Electrolyte '6 M KOH' is not H₂SO₄.,FAIL,Synthesis does not match. Electrolyte does not match.
2,51,True,Primary formula 'Ti3C2Tx' contains Ti₃C₂ (Ti₃C₂Tₓ or Ti₃C₂).,True,Synthesis explicitly mentions both LiF and HCl.,False,Electrolyte '1.0 M Li2SO4' is not H₂SO₄.,FAIL,Electrolyte does not match.
2,52,True,Primary formula 'Ti3C2Tx' contains Ti₃C₂ (Ti₃C₂Tₓ or Ti₃C₂).,True,Synthesis explicitly mentions both LiF and HCl.,False,Electrolyte '1.0 M Li2SO4' is not H₂SO₄.,FAIL,Electrolyte does not match.
2,53,True,Primary formula 'Ti3C2Tx' contains Ti₃C₂ (Ti₃C₂Tₓ or Ti₃C₂).,True,Synthesis explicitly mentions both LiF and HCl.,False,Electrolyte '1.0 M Li2SO4' is not H₂SO₄.,FAIL,Electrolyte does not match.
2,54,True,Primary formula 'Ti3C2Tx' contains Ti₃C₂ (Ti₃C₂Tₓ or Ti₃C₂).,True,Synthesis explicitly mentions both LiF and HCl.,False,Electrolyte '1.0 M Li2SO4' is not H₂SO₄.,FAIL,Electrolyte does not match.
2,55,True,Primary formula 'Ti3C2Tx' contains Ti₃C₂ (Ti₃C₂Tₓ or Ti₃C₂).,True,Synthesis explicitly mentions both LiF and HCl.,False,Electrolyte '1.0 M Li2SO4' is not H₂SO₄.,FAIL,Electrolyte does not match.
2,56,True,Primary formula 'Ti3C2Tx' contains Ti₃C₂ (Ti₃C₂Tₓ or Ti₃C₂).,True,Synthesis explicitly mentions both LiF and HCl.,False,Electrolyte '1.0 M Li2SO4' is not H₂SO₄.,FAIL,Electrolyte does not match.
2,57,True,Primary formula 'Ti3C2Tx' contains Ti₃C₂ (Ti₃C₂Tₓ or Ti₃C₂).,True,Synthesis explicitly mentions both LiF and HCl.,False,Electrolyte '1.0 M Li2SO4' is not H₂SO₄.,FAIL,Electrolyte does not match.
2,58,True,Primary formula 'Ti3C2Tx' contains Ti₃C₂ (Ti₃C₂Tₓ or Ti₃C₂).,True,Synthesis explicitly mentions both LiF and HCl.,False,Electrolyte '1.0 M Li2SO4' is not H₂SO₄.,FAIL,Electrolyte does not match.
2,59,True,Primary formula 'Ti3C2Tx' contains Ti₃C₂ (Ti₃C₂Tₓ or Ti₃C₂).,True,Synthesis explicitly mentions both LiF and HCl.,False,Electrolyte '1.0 M Li2SO4' is not H₂SO₄.,FAIL,Electrolyte does not match.
2,60,True,Primary formula 'Ti3C2Tx' contains Ti₃C₂ (Ti₃C₂Tₓ or Ti₃C₂).,True,Synthesis explicitly mentions both LiF and HCl.,False,Electrolyte '1.0 M ZnSO4/gelatin gel' is not H₂SO₄.,FAIL,Electrolyte does not match.
2,61,True,Primary formula 'Ti₃C₂Tₓ' contains Ti₃C₂ (Ti₃C₂Tₓ or Ti₃C₂).,False,Synthesis mentions neither LiF nor HCl.,True,Electrolyte explicitly mentions H₂SO₄ (sulfuric acid).,FAIL,Synthesis does not match.
2,62,True,Primary formula 'Ti₃C₂Tₓ' contains Ti₃C₂ (Ti₃C₂Tₓ or Ti₃C₂).,False,Synthesis mentions neither LiF nor HCl.,True,Electrolyte explicitly mentions H₂SO₄ (sulfuric acid).,FAIL,Synthesis does not match.
2,63,True,Primary formula 'Ti₃C₂Tₓ' contains Ti₃C₂ (Ti₃C₂Tₓ or Ti₃C₂).,False,Synthesis mentions neither LiF nor HCl.,True,Electrolyte explicitly mentions H₂SO₄ (sulfuric acid).,FAIL,Synthesis does not match.
2,64,True,Primary formula 'Ti₃C₂Tₓ' contains Ti₃C₂ (Ti₃C₂Tₓ or Ti₃C₂).,False,Synthesis mentions neither LiF nor HCl.,True,Electrolyte explicitly mentions H₂SO₄ (sulfuric acid).,FAIL,Synthesis does not match.
2,65,True,Primary formula 'Ti₃C₂Tₓ' contains Ti₃C₂ (Ti₃C₂Tₓ or Ti₃C₂).,False,Synthesis mentions neither LiF nor HCl.,True,Electrolyte explicitly mentions H₂SO₄ (sulfuric acid).,FAIL,Synthesis does not match.
2,66,True,Primary formula 'Ti₃C₂Tₓ' contains Ti₃C₂ (Ti₃C₂Tₓ or Ti₃C₂).,False,Synthesis mentions neither LiF nor HCl.,True,Electrolyte explicitly mentions H₂SO₄ (sulfuric acid).,FAIL,Synthesis does not match.
2,67,True,Primary formula 'Ti₃C₂Tₓ' contains Ti₃C₂ (Ti₃C₂Tₓ or Ti₃C₂).,False,Synthesis mentions neither LiF nor HCl.,True,Electrolyte explicitly mentions H₂SO₄ (sulfuric acid).,FAIL,Synthesis does not match.
2,68,True,Primary formula 'Ti₃C₂Tₓ' contains Ti₃C₂ (Ti₃C₂Tₓ or Ti₃C₂).,False,Synthesis mentions neither LiF nor HCl.,True,Electrolyte explicitly mentions H₂SO₄ (sulfuric acid).,FAIL,Synthesis does not match.
2,69,True,Primary formula 'Ti₃C₂Tₓ' contains Ti₃C₂ (Ti₃C₂Tₓ or Ti₃C₂).,True,Synthesis explicitly mentions both LiF and HCl.,False,Electrolyte '2 M ZnSO₄ (aqueous)' is not H₂SO₄.,FAIL,Electrolyte does not match.
2,70,True,Primary formula 'Ti₃C₂Tₓ (EDA-intercalated)' contains Ti₃C₂ (Ti₃C₂Tₓ or Ti₃C₂).,False,Synthesis mentions neither LiF nor HCl.,False,Electrolyte '2 M ZnSO₄ (aqueous)' is not H₂SO₄.,FAIL,Synthesis does not match. Electrolyte does not match.
2,71,True,Primary formula 'Ti₃C₂Tₓ (PrDA-intercalated)' contains Ti₃C₂ (Ti₃C₂Tₓ or Ti₃C₂).,False,Synthesis mentions neither LiF nor HCl.,False,Electrolyte '2 M ZnSO₄ (aqueous)' is not H₂SO₄.,FAIL,Synthesis does not match. Electrolyte does not match.
2,72,True,Primary formula 'Ti₃C₂Tₓ (BDA-intercalated)' contains Ti₃C₂ (Ti₃C₂Tₓ or Ti₃C₂).,False,Synthesis mentions neither LiF nor HCl.,False,Electrolyte '2 M ZnSO₄ (aqueous)' is not H₂SO₄.,FAIL,Synthesis does not match. Electrolyte does not match.
2,73,True,Primary formula 'Ti₃C₂Tₓ (PDA-intercalated)' contains Ti₃C₂ (Ti₃C₂Tₓ or Ti₃C₂).,False,Synthesis mentions neither LiF nor HCl.,False,Electrolyte '2 M ZnSO₄ (aqueous); also 1 M Zn(OTF)₂ + 21 M LiTFSI' is not H₂SO₄.,FAIL,Synthesis does not match. Electrolyte does not match.
2,74,True,Primary formula 'Ti₃C₂Tₓ' contains Ti₃C₂ (Ti₃C₂Tₓ or Ti₃C₂).,True,Synthesis explicitly mentions both LiF and HCl.,False,Electrolyte '2 M ZnSO₄ / PAM gel' is not H₂SO₄.,FAIL,Electrolyte does not match.
2,75,True,Primary formula 'Ti₃C₂Tₓ (Porous)' contains Ti₃C₂ (Ti₃C₂Tₓ or Ti₃C₂).,False,Synthesis mentions neither LiF nor HCl.,False,Electrolyte '2 M ZnSO₄ / PAM gel' is not H₂SO₄.,FAIL,Synthesis does not match. Electrolyte does not match.
2,76,True,Primary formula 'Ti₃C₂Tₓ / CNF Foam' contains Ti₃C₂ (Ti₃C₂Tₓ or Ti₃C₂).,False,Synthesis mentions neither LiF nor HCl.,False,Electrolyte '2 M ZnSO₄ / PAM gel' is not H₂SO₄.,FAIL,Synthesis does not match. Electrolyte does not match.
2,77,True,Primary formula 'Ti₃C₂Tₓ' contains Ti₃C₂ (Ti₃C₂Tₓ or Ti₃C₂).,True,Synthesis explicitly mentions both LiF and HCl.,False,Electrolyte 'EMIMBF₄ (liquid)' is not H₂SO₄.,FAIL,Electrolyte does not match.
2,78,True,Primary formula 'Ti₃C₂Tₓ' contains Ti₃C₂ (Ti₃C₂Tₓ or Ti₃C₂).,True,Synthesis explicitly mentions both LiF and HCl.,False,Electrolyte 'EMIMBF₄ (liquid)' is not H₂SO₄.,FAIL,Electrolyte does not match.
2,79,True,Primary formula 'Ti₃C₂Tₓ' contains Ti₃C₂ (Ti₃C₂Tₓ or Ti₃C₂).,True,Synthesis explicitly mentions both LiF and HCl.,False,Electrolyte 'EMIMTFSI' is not H₂SO₄.,FAIL,Electrolyte does not match.
2,80,True,Primary formula 'Ti₃C₂Tₓ' contains Ti₃C₂ (Ti₃C₂Tₓ or Ti₃C₂).,True,Synthesis explicitly mentions both LiF and HCl.,False,"Electrolyte 'N₁₁,₁O₁,₁O₂BF₄' is not H₂SO₄.",FAIL,Electrolyte does not match.
2,81,True,Primary formula 'Ti₃C₂Tₓ' contains Ti₃C₂ (Ti₃C₂Tₓ or Ti₃C₂).,True,Synthesis explicitly mentions both LiF and HCl.,False,Electrolyte 'BMIMPF₆' is not H₂SO₄.,FAIL,Electrolyte does not match.
2,82,True,Primary formula 'Ti₃C₂Tₓ' contains Ti₃C₂ (Ti₃C₂Tₓ or Ti₃C₂).,True,Synthesis explicitly mentions both LiF and HCl.,False,Electrolyte 'EMIMBF₄/PVDF-HFP ionogel' is not H₂SO₄.,FAIL,Electrolyte does not match.
2,83,True,Primary formula 'Ti₃C₂' contains Ti₃C₂ (Ti₃C₂Tₓ or Ti₃C₂).,False,Synthesis mentions neither LiF nor HCl.,False,Electrolyte '1 M LiPF₆ in EC/DEC/EMC (1:1:1) + 1 wt% FEC' is not H₂SO₄.,FAIL,Synthesis does not match. Electrolyte does not match.
2,84,True,Primary formula 'Ti₃C₂' contains Ti₃C₂ (Ti₃C₂Tₓ or Ti₃C₂).,False,Synthesis mentions neither LiF nor HCl.,False,Electrolyte '1 M LiPF₆ in EC/DEC/EMC (1:1:1) + 1 wt% FEC' is not H₂SO₄.,FAIL,Synthesis does not match. Electrolyte does not match.
2,85,True,Primary formula 'Ti₃C₂' contains Ti₃C₂ (Ti₃C₂Tₓ or Ti₃C₂).,False,Synthesis mentions neither LiF nor HCl.,False,Electrolyte '1 M LiPF₆ in EC/DEC/EMC (1:1:1) + 1 wt% FEC' is not H₂SO₄.,FAIL,Synthesis does not match. Electrolyte does not match.
2,86,True,Primary formula 'Ti₃C₂' contains Ti₃C₂ (Ti₃C₂Tₓ or Ti₃C₂).,False,Synthesis mentions neither LiF nor HCl.,False,Electrolyte '1 M LiPF₆ in EC/DEC/EMC (1:1:1) + 1 wt% FEC' is not H₂SO₄.,FAIL,Synthesis does not match. Electrolyte does not match.
2,87,True,Primary formula 'Ti3C2Tx' contains Ti₃C₂ (Ti₃C₂Tₓ or Ti₃C₂).,True,Synthesis explicitly mentions both LiF and HCl.,False,Electrolyte '2 M LiCl (aqueous)' is not H₂SO₄.,FAIL,Electrolyte does not match.
2,88,True,Primary formula 'Ti3C2Tx' contains Ti₃C₂ (Ti₃C₂Tₓ or Ti₃C₂).,True,Synthesis explicitly mentions both LiF and HCl.,False,Electrolyte '2 M NaCl (aqueous)' is not H₂SO₄.,FAIL,Electrolyte does not match.
2,89,True,Primary formula 'Ti3C2Tx' contains Ti₃C₂ (Ti₃C₂Tₓ or Ti₃C₂).,True,Synthesis explicitly mentions both LiF and HCl.,False,Electrolyte '2 M KCl (aqueous)' is not H₂SO₄.,FAIL,Electrolyte does not match.
2,90,True,Primary formula 'Ti₃C₂Tₓ' contains Ti₃C₂ (Ti₃C₂Tₓ or Ti₃C₂).,False,Synthesis mentions HCl but not LiF.,False,Electrolyte '1 M EMIM-TFSI/Li-TFSI (1:1) in ACN' is not H₂SO₄.,FAIL,Synthesis does not match. Electrolyte does not match.
2,91,True,Primary formula 'Ti₃C₂Tₓ' contains Ti₃C₂ (Ti₃C₂Tₓ or Ti₃C₂).,False,Synthesis mentions HCl but not LiF.,False,Electrolyte '1 M EMIM-TFSI/Li-TFSI (1:1) in ACN' is not H₂SO₄.,FAIL,Synthesis does not match. Electrolyte does not match.
2,92,True,Primary formula 'Ti₃C₂Tₓ' contains Ti₃C₂ (Ti₃C₂Tₓ or Ti₃C₂).,False,Synthesis mentions HCl but not LiF.,False,Electrolyte '1 M EMIM-TFSI/Li-TFSI (1:1) in ACN' is not H₂SO₄.,FAIL,Synthesis does not match. Electrolyte does not match.
2,93,True,Primary formula 'Ti₃C₂Tₓ' contains Ti₃C₂ (Ti₃C₂Tₓ or Ti₃C₂).,False,Synthesis mentions HCl but not LiF.,False,Electrolyte '1 M EMIM-TFSI/Li-TFSI (1:1) in ACN' is not H₂SO₄.,FAIL,Synthesis does not match. Electrolyte does not match.
2,94,True,Primary formula 'Ti₃C₂Tₓ' contains Ti₃C₂ (Ti₃C₂Tₓ or Ti₃C₂).,,Synthesis cell is empty.,True,Electrolyte explicitly mentions H₂SO₄ (sulfuric acid).,AMBIGUOUS,One or more fields are empty.
2,95,True,Primary formula 'Ti₃C₂Tₓ' contains Ti₃C₂ (Ti₃C₂Tₓ or Ti₃C₂).,False,Synthesis mentions neither LiF nor HCl.,True,Electrolyte explicitly mentions H₂SO₄ (sulfuric acid).,FAIL,Synthesis does not match.
2,96,True,Primary formula 'Ti₃C₂Tₓ' contains Ti₃C₂ (Ti₃C₂Tₓ or Ti₃C₂).,False,Synthesis mentions neither LiF nor HCl.,,Electrolyte cell is empty.,AMBIGUOUS,Synthesis does not match. One or more fields are empty.
2,97,True,Primary formula 'Ti₃C₂Tₓ' contains Ti₃C₂ (Ti₃C₂Tₓ or Ti₃C₂).,False,Synthesis mentions neither LiF nor HCl.,,Electrolyte cell is empty.,AMBIGUOUS,Synthesis does not match. One or more fields are empty.
2,98,True,Primary formula 'Ti₃C₂Cl₂' contains Ti₃C₂ (Ti₃C₂Tₓ or Ti₃C₂).,False,Synthesis mentions neither LiF nor HCl.,False,Electrolyte 'Li⁺-based organic electrolyte' is not H₂SO₄.,FAIL,Synthesis does not match. Electrolyte does not match.
2,99,True,Primary formula 'Ti3C2Tx' contains Ti₃C₂ (Ti₃C₂Tₓ or Ti₃C₂).,False,Synthesis mentions neither LiF nor HCl.,True,Electrolyte explicitly mentions H₂SO₄ (sulfuric acid).,FAIL,Synthesis does not match.
2,100,True,Primary formula 'Ti3C2Tx' contains Ti₃C₂ (Ti₃C₂Tₓ or Ti₃C₂).,False,Synthesis mentions neither LiF nor HCl.,True,Electrolyte explicitly mentions H₂SO₄ (sulfuric acid).,FAIL,Synthesis does not match.
2,101,True,Primary formula 'Ti3C2Tx' contains Ti₃C₂ (Ti₃C₂Tₓ or Ti₃C₂).,False,Synthesis mentions neither LiF nor HCl.,True,Electrolyte explicitly mentions H₂SO₄ (sulfuric acid).,FAIL,Synthesis does not match.
2,102,True,Primary formula 'Ti3C2Tx' contains Ti₃C₂ (Ti₃C₂Tₓ or Ti₃C₂).,False,Synthesis mentions neither LiF nor HCl.,True,Electrolyte explicitly mentions H₂SO₄ (sulfuric acid).,FAIL,Synthesis does not match.
2,103,True,Primary formula 'Ti3C2Tx' contains Ti₃C₂ (Ti₃C₂Tₓ or Ti₃C₂).,False,Synthesis mentions neither LiF nor HCl.,True,Electrolyte explicitly mentions H₂SO₄ (sulfuric acid).,FAIL,Synthesis does not match.
2,104,True,Primary formula 'Ti3C2Tx' contains Ti₃C₂ (Ti₃C₂Tₓ or Ti₃C₂).,False,Synthesis mentions neither LiF nor HCl.,True,Electrolyte explicitly mentions H₂SO₄ (sulfuric acid).,FAIL,Synthesis does not match.
2,105,True,Primary formula 'Ti3C2Tx' contains Ti₃C₂ (Ti₃C₂Tₓ or Ti₃C₂).,False,Synthesis mentions neither LiF nor HCl.,True,Electrolyte explicitly mentions H₂SO₄ (sulfuric acid).,FAIL,Synthesis does not match.
2,106,True,Primary formula 'Ti3C2Tx' contains Ti₃C₂ (Ti₃C₂Tₓ or Ti₃C₂).,False,Synthesis mentions neither LiF nor HCl.,True,Electrolyte explicitly mentions H₂SO₄ (sulfuric acid).,FAIL,Synthesis does not match.
2,107,True,Primary formula 'Ti₃C₂Tₓ' contains Ti₃C₂ (Ti₃C₂Tₓ or Ti₃C₂).,True,Synthesis explicitly mentions both LiF and HCl.,True,Electrolyte explicitly mentions H₂SO₄ (sulfuric acid).,PASS,Passes all criteria.
2,108,True,Primary formula 'Ti₃C₂Tₓ' contains Ti₃C₂ (Ti₃C₂Tₓ or Ti₃C₂).,True,Synthesis explicitly mentions both LiF and HCl.,False,Electrolyte '1M LiCl' is not H₂SO₄.,FAIL,Electrolyte does not match.
2,109,True,Primary formula 'Ti₃C₂Tₓ' contains Ti₃C₂ (Ti₃C₂Tₓ or Ti₃C₂).,True,Synthesis explicitly mentions both LiF and HCl.,False,Electrolyte '1M NaCl' is not H₂SO₄.,FAIL,Electrolyte does not match.
2,110,True,Primary formula 'Ti₃C₂Tₓ' contains Ti₃C₂ (Ti₃C₂Tₓ or Ti₃C₂).,True,Synthesis explicitly mentions both LiF and HCl.,False,Electrolyte '1M KCl' is not H₂SO₄.,FAIL,Electrolyte does not match.
2,111,True,Primary formula 'Ti₃C₂Tₓ' contains Ti₃C₂ (Ti₃C₂Tₓ or Ti₃C₂).,True,Synthesis explicitly mentions both LiF and HCl.,False,Electrolyte '1M RbCl' is not H₂SO₄.,FAIL,Electrolyte does not match.
2,112,True,Primary formula 'Ti₃C₂Tₓ' contains Ti₃C₂ (Ti₃C₂Tₓ or Ti₃C₂).,True,Synthesis explicitly mentions both LiF and HCl.,False,Electrolyte '1M CsCl' is not H₂SO₄.,FAIL,Electrolyte does not match.
2,113,True,Primary formula 'Ti₃C₂Tₓ' contains Ti₃C₂ (Ti₃C₂Tₓ or Ti₃C₂).,True,Synthesis explicitly mentions both LiF and HCl.,False,Electrolyte '1M NH₄Cl' is not H₂SO₄.,FAIL,Electrolyte does not match.
3,0,True,Primary formula 'Ti3C2Tx' contains Ti₃C₂ (Ti₃C₂Tₓ or Ti₃C₂).,True,Synthesis explicitly mentions both LiF and HCl.,False,Electrolyte '1 M KOH' is not H₂SO₄.,FAIL,Electrolyte does not match.
3,1,True,Primary formula 'Ti3C2Tx (Expanded MXene)' contains Ti₃C₂ (Ti₃C₂Tₓ or Ti₃C₂).,True,Synthesis explicitly mentions both LiF and HCl.,False,Electrolyte '1 M KOH' is not H₂SO₄.,FAIL,Electrolyte does not match.
3,2,False,Primary formula 'Ti3C1.7Tx (MXene Foam)' is not Ti₃C₂Tₓ or Ti₃C₂.,True,Synthesis explicitly mentions both LiF and HCl.,False,Electrolyte '1 M KOH' is not H₂SO₄.,FAIL,Formula does not match. Electrolyte does not match.
3,3,,Formula cell is empty.,False,Synthesis mentions neither LiF nor HCl.,True,Electrolyte explicitly mentions H₂SO₄ (sulfuric acid).,AMBIGUOUS,Synthesis does not match. One or more fields are empty.
3,4,True,Primary formula 'Ti₃C₂Tₓ' contains Ti₃C₂ (Ti₃C₂Tₓ or Ti₃C₂).,True,Synthesis explicitly mentions both LiF and HCl.,True,Electrolyte explicitly mentions H₂SO₄ (sulfuric acid).,PASS,Passes all criteria.
3,5,True,Primary formula 'Ti3C2Tx' contains Ti₃C₂ (Ti₃C₂Tₓ or Ti₃C₂).,True,Synthesis explicitly mentions both LiF and HCl.,True,Electrolyte explicitly mentions H₂SO₄ (sulfuric acid).,PASS,Passes all criteria.
3,6,True,Primary formula 'Ti3C2Tx' contains Ti₃C₂ (Ti₃C₂Tₓ or Ti₃C₂).,True,Synthesis explicitly mentions both LiF and HCl.,True,Electrolyte explicitly mentions H₂SO₄ (sulfuric acid).,PASS,Passes all criteria.
3,7,True,Primary formula 'Ti3C2Tx' contains Ti₃C₂ (Ti₃C₂Tₓ or Ti₃C₂).,True,Synthesis explicitly mentions both LiF and HCl.,True,Electrolyte explicitly mentions H₂SO₄ (sulfuric acid).,PASS,Passes all criteria.
3,8,True,Primary formula 'Ti3C2Tx' contains Ti₃C₂ (Ti₃C₂Tₓ or Ti₃C₂).,True,Synthesis explicitly mentions both LiF and HCl.,True,Electrolyte explicitly mentions H₂SO₄ (sulfuric acid).,PASS,Passes all criteria.
3,9,True,Primary formula 'Ti3C2Tx' contains Ti₃C₂ (Ti₃C₂Tₓ or Ti₃C₂).,True,Synthesis explicitly mentions both LiF and HCl.,True,Electrolyte explicitly mentions H₂SO₄ (sulfuric acid).,PASS,Passes all criteria.
3,10,True,Primary formula 'Ti3C2Tx' contains Ti₃C₂ (Ti₃C₂Tₓ or Ti₃C₂).,True,Synthesis explicitly mentions both LiF and HCl.,True,Electrolyte explicitly mentions H₂SO₄ (sulfuric acid).,PASS,Passes all criteria.
3,11,True,Primary formula 'Ti3C2Tx' contains Ti₃C₂ (Ti₃C₂Tₓ or Ti₃C₂).,True,Synthesis explicitly mentions both LiF and HCl.,True,Electrolyte explicitly mentions H₂SO₄ (sulfuric acid).,PASS,Passes all criteria.
3,12,True,Primary formula 'Ti3C2Tx' contains Ti₃C₂ (Ti₃C₂Tₓ or Ti₃C₂).,True,Synthesis explicitly mentions both LiF and HCl.,True,Electrolyte explicitly mentions H₂SO₄ (sulfuric acid).,PASS,Passes all criteria.
3,13,True,Primary formula 'Ti3C2Tx' contains Ti₃C₂ (Ti₃C₂Tₓ or Ti₃C₂).,True,Synthesis explicitly mentions both LiF and HCl.,True,Electrolyte explicitly mentions H₂SO₄ (sulfuric acid).,PASS,Passes all criteria.
3,14,True,Primary formula 'Ti3C2Tx' contains Ti₃C₂ (Ti₃C₂Tₓ or Ti₃C₂).,True,Synthesis explicitly mentions both LiF and HCl.,True,Electrolyte explicitly mentions H₂SO₄ (sulfuric acid).,PASS,Passes all criteria.
3,15,True,Primary formula 'Ti₃C₂Tₓ' contains Ti₃C₂ (Ti₃C₂Tₓ or Ti₃C₂).,True,Synthesis explicitly mentions both LiF and HCl.,True,Electrolyte explicitly mentions H₂SO₄ (sulfuric acid).,PASS,Passes all criteria.
3,16,True,Primary formula 'Ti₃C₂Tₓ' contains Ti₃C₂ (Ti₃C₂Tₓ or Ti₃C₂).,True,Synthesis explicitly mentions both LiF and HCl.,True,Electrolyte explicitly mentions H₂SO₄ (sulfuric acid).,PASS,Passes all criteria.
3,17,True,Primary formula 'Ti₃C₂Tₓ' contains Ti₃C₂ (Ti₃C₂Tₓ or Ti₃C₂).,True,Synthesis explicitly mentions both LiF and HCl.,True,Electrolyte explicitly mentions H₂SO₄ (sulfuric acid).,PASS,Passes all criteria.
3,18,True,Primary formula 'Ti₃C₂Tₓ' contains Ti₃C₂ (Ti₃C₂Tₓ or Ti₃C₂).,True,Synthesis explicitly mentions both LiF and HCl.,True,Electrolyte explicitly mentions H₂SO₄ (sulfuric acid).,PASS,Passes all criteria.
3,19,True,Primary formula 'Ti₃C₂Tₓ' contains Ti₃C₂ (Ti₃C₂Tₓ or Ti₃C₂).,False,Synthesis mentions neither LiF nor HCl.,,Electrolyte cell is empty.,AMBIGUOUS,Synthesis does not match. One or more fields are empty.
3,20,True,Primary formula 'Ti₃C₂Tₓ' contains Ti₃C₂ (Ti₃C₂Tₓ or Ti₃C₂).,False,Synthesis mentions neither LiF nor HCl.,,Electrolyte cell is empty.,AMBIGUOUS,Synthesis does not match. One or more fields are empty.
3,21,True,Primary formula 'Ti₃C₂Tₓ' contains Ti₃C₂ (Ti₃C₂Tₓ or Ti₃C₂).,False,Synthesis mentions neither LiF nor HCl.,,Electrolyte cell is empty.,AMBIGUOUS,Synthesis does not match. One or more fields are empty.
3,22,True,Primary formula 'Ti₃C₂Tₓ' contains Ti₃C₂ (Ti₃C₂Tₓ or Ti₃C₂).,False,Synthesis mentions neither LiF nor HCl.,,Electrolyte cell is empty.,AMBIGUOUS,Synthesis does not match. One or more fields are empty.
3,23,True,Primary formula 'Ti₃C₂Tₓ' contains Ti₃C₂ (Ti₃C₂Tₓ or Ti₃C₂).,False,Synthesis mentions neither LiF nor HCl.,,Electrolyte cell is empty.,AMBIGUOUS,Synthesis does not match. One or more fields are empty.
3,24,True,Primary formula 'Ti₃C₂Tₓ' contains Ti₃C₂ (Ti₃C₂Tₓ or Ti₃C₂).,False,Synthesis mentions neither LiF nor HCl.,,Electrolyte cell is empty.,AMBIGUOUS,Synthesis does not match. One or more fields are empty.
3,25,True,Primary formula 'Ti₃C₂Tₓ' contains Ti₃C₂ (Ti₃C₂Tₓ or Ti₃C₂).,False,Synthesis mentions neither LiF nor HCl.,,Electrolyte cell is empty.,AMBIGUOUS,Synthesis does not match. One or more fields are empty.
3,26,True,Primary formula 'Ti₃C₂Tₓ' contains Ti₃C₂ (Ti₃C₂Tₓ or Ti₃C₂).,False,Synthesis mentions neither LiF nor HCl.,,Electrolyte cell is empty.,AMBIGUOUS,Synthesis does not match. One or more fields are empty.
3,27,True,Primary formula 'Ti₃C₂Tₓ' contains Ti₃C₂ (Ti₃C₂Tₓ or Ti₃C₂).,False,Synthesis mentions neither LiF nor HCl.,,Electrolyte cell is empty.,AMBIGUOUS,Synthesis does not match. One or more fields are empty.
3,28,True,Primary formula 'Ti₃C₂Tₓ' contains Ti₃C₂ (Ti₃C₂Tₓ or Ti₃C₂).,False,Synthesis mentions neither LiF nor HCl.,False,Electrolyte '1 M KOH (aqueous)' is not H₂SO₄.,FAIL,Synthesis does not match. Electrolyte does not match.
3,29,True,Primary formula 'Ti₃C₂Tₓ' contains Ti₃C₂ (Ti₃C₂Tₓ or Ti₃C₂).,False,Synthesis mentions neither LiF nor HCl.,False,Electrolyte '1 M KOH (aqueous)' is not H₂SO₄.,FAIL,Synthesis does not match. Electrolyte does not match.
3,30,True,Primary formula 'Ti3C2Tx' contains Ti₃C₂ (Ti₃C₂Tₓ or Ti₃C₂).,True,Synthesis explicitly mentions both LiF and HCl.,True,Electrolyte explicitly mentions H₂SO₄ (sulfuric acid).,PASS,Passes all criteria.
3,31,True,Primary formula 'Ti3C2Tx' contains Ti₃C₂ (Ti₃C₂Tₓ or Ti₃C₂).,True,Synthesis explicitly mentions both LiF and HCl.,True,Electrolyte explicitly mentions H₂SO₄ (sulfuric acid).,PASS,Passes all criteria.
3,32,True,Primary formula 'Ti3C2Tx' contains Ti₃C₂ (Ti₃C₂Tₓ or Ti₃C₂).,True,Synthesis explicitly mentions both LiF and HCl.,True,Electrolyte explicitly mentions H₂SO₄ (sulfuric acid).,PASS,Passes all criteria.
3,33,True,Primary formula 'Ti3C2Tx' contains Ti₃C₂ (Ti₃C₂Tₓ or Ti₃C₂).,True,Synthesis explicitly mentions both LiF and HCl.,True,Electrolyte explicitly mentions H₂SO₄ (sulfuric acid).,PASS,Passes all criteria.
3,34,True,Primary formula 'Ti3C2Tx' contains Ti₃C₂ (Ti₃C₂Tₓ or Ti₃C₂).,True,Synthesis explicitly mentions both LiF and HCl.,True,Electrolyte explicitly mentions H₂SO₄ (sulfuric acid).,PASS,Passes all criteria.
3,35,True,Primary formula 'Ti3C2Tx' contains Ti₃C₂ (Ti₃C₂Tₓ or Ti₃C₂).,True,Synthesis explicitly mentions both LiF and HCl.,True,Electrolyte explicitly mentions H₂SO₄ (sulfuric acid).,PASS,Passes all criteria.
3,36,True,Primary formula 'Ti3C2Tx' contains Ti₃C₂ (Ti₃C₂Tₓ or Ti₃C₂).,True,Synthesis explicitly mentions both LiF and HCl.,True,Electrolyte explicitly mentions H₂SO₄ (sulfuric acid).,PASS,Passes all criteria.
3,37,True,Primary formula 'Ti3C2Tx' contains Ti₃C₂ (Ti₃C₂Tₓ or Ti₃C₂).,True,Synthesis explicitly mentions both LiF and HCl.,True,Electrolyte explicitly mentions H₂SO₄ (sulfuric acid).,PASS,Passes all criteria.
3,38,True,Primary formula 'Ti₃C₂Tₓ' contains Ti₃C₂ (Ti₃C₂Tₓ or Ti₃C₂).,True,Synthesis explicitly mentions both LiF and HCl.,,Electrolyte cell is empty.,AMBIGUOUS,One or more fields are empty.
3,39,True,Primary formula 'Ti₃C₂Tₓ' contains Ti₃C₂ (Ti₃C₂Tₓ or Ti₃C₂).,True,Synthesis explicitly mentions both LiF and HCl.,,Electrolyte cell is empty.,AMBIGUOUS,One or more fields are empty.
3,40,True,Primary formula 'Ti₃C₂Tₓ' contains Ti₃C₂ (Ti₃C₂Tₓ or Ti₃C₂).,True,Synthesis explicitly mentions both LiF and HCl.,,Electrolyte cell is empty.,AMBIGUOUS,One or more fields are empty.
3,41,True,Primary formula 'Ti₃C₂Tₓ' contains Ti₃C₂ (Ti₃C₂Tₓ or Ti₃C₂).,True,Synthesis explicitly mentions both LiF and HCl.,,Electrolyte cell is empty.,AMBIGUOUS,One or more fields are empty.
3,42,True,Primary formula 'Ti₃C₂Tₓ' contains Ti₃C₂ (Ti₃C₂Tₓ or Ti₃C₂).,True,Synthesis explicitly mentions both LiF and HCl.,,Electrolyte cell is empty.,AMBIGUOUS,One or more fields are empty.
3,43,True,Primary formula 'Ti₃C₂Tₓ' contains Ti₃C₂ (Ti₃C₂Tₓ or Ti₃C₂).,True,Synthesis explicitly mentions both LiF and HCl.,,Electrolyte cell is empty.,AMBIGUOUS,One or more fields are empty.
3,44,True,Primary formula 'Ti₃C₂Tₓ' contains Ti₃C₂ (Ti₃C₂Tₓ or Ti₃C₂).,True,Synthesis explicitly mentions both LiF and HCl.,,Electrolyte cell is empty.,AMBIGUOUS,One or more fields are empty.
3,45,True,Primary formula 'Ti₃C₂Tₓ' contains Ti₃C₂ (Ti₃C₂Tₓ or Ti₃C₂).,True,Synthesis explicitly mentions both LiF and HCl.,True,Electrolyte explicitly mentions H₂SO₄ (sulfuric acid).,PASS,Passes all criteria.
3,46,True,Primary formula 'Ti₃C₂Tₓ' contains Ti₃C₂ (Ti₃C₂Tₓ or Ti₃C₂).,True,Synthesis explicitly mentions both LiF and HCl.,True,Electrolyte explicitly mentions H₂SO₄ (sulfuric acid).,PASS,Passes all criteria.
3,47,True,Primary formula 'Ti₃C₂Tₓ' contains Ti₃C₂ (Ti₃C₂Tₓ or Ti₃C₂).,True,Synthesis explicitly mentions both LiF and HCl.,True,Electrolyte explicitly mentions H₂SO₄ (sulfuric acid).,PASS,Passes all criteria.
3,48,True,Primary formula 'Ti₃C₂Tₓ' contains Ti₃C₂ (Ti₃C₂Tₓ or Ti₃C₂).,True,Synthesis explicitly mentions both LiF and HCl.,True,Electrolyte explicitly mentions H₂SO₄ (sulfuric acid).,PASS,Passes all criteria.
3,49,True,Primary formula 'Ti₃C₂Tₓ' contains Ti₃C₂ (Ti₃C₂Tₓ or Ti₃C₂).,True,Synthesis explicitly mentions both LiF and HCl.,True,Electrolyte explicitly mentions H₂SO₄ (sulfuric acid).,PASS,Passes all criteria.
3,50,True,Primary formula 'Ti₃C₂Tₓ' contains Ti₃C₂ (Ti₃C₂Tₓ or Ti₃C₂).,True,Synthesis explicitly mentions both LiF and HCl.,,Electrolyte cell is empty.,AMBIGUOUS,One or more fields are empty.
3,51,True,Primary formula 'Ti₃C₂Tₓ' contains Ti₃C₂ (Ti₃C₂Tₓ or Ti₃C₂).,False,Synthesis mentions LiF but not HCl.,,Electrolyte cell is empty.,AMBIGUOUS,Synthesis does not match. One or more fields are empty.
3,52,True,Primary formula 'Ti₃C₂Tₓ' contains Ti₃C₂ (Ti₃C₂Tₓ or Ti₃C₂).,False,Synthesis mentions neither LiF nor HCl.,,Electrolyte cell is empty.,AMBIGUOUS,Synthesis does not match. One or more fields are empty.
3,53,True,Primary formula 'Ti₃C₂Tₓ' contains Ti₃C₂ (Ti₃C₂Tₓ or Ti₃C₂).,False,Synthesis mentions neither LiF nor HCl.,False,Electrolyte 'Binary aqueous electrolyte' is not H₂SO₄.,FAIL,Synthesis does not match. Electrolyte does not match.
3,54,True,Primary formula 'Ti₃C₂Tₓ' contains Ti₃C₂ (Ti₃C₂Tₓ or Ti₃C₂).,False,Synthesis mentions neither LiF nor HCl.,False,Electrolyte 'LiOH + LiCl' is not H₂SO₄.,FAIL,Synthesis does not match. Electrolyte does not match.
3,55,False,Primary formula 'MoN' is not Ti₃C₂Tₓ or Ti₃C₂.,False,Synthesis mentions neither LiF nor HCl.,,Electrolyte cell is empty.,AMBIGUOUS,Formula does not match. Synthesis does not match. One or more fields are empty.
3,56,True,Primary formula 'Ti₃C₂Tₓ/PVA' contains Ti₃C₂ (Ti₃C₂Tₓ or Ti₃C₂).,,Synthesis cell is empty.,False,Electrolyte 'KOH' is not H₂SO₄.,AMBIGUOUS,Electrolyte does not match. One or more fields are empty.
3,57,True,Primary formula 'Ti₃C₂Tₓ' contains Ti₃C₂ (Ti₃C₂Tₓ or Ti₃C₂).,False,Synthesis mentions neither LiF nor HCl.,,Electrolyte cell is empty.,AMBIGUOUS,Synthesis does not match. One or more fields are empty.
3,58,False,Primary formula '(Mo₂/₃Y₁/₃)₂C' is not Ti₃C₂Tₓ or Ti₃C₂.,False,Synthesis mentions neither LiF nor HCl.,False,Electrolyte '1 M KOH' is not H₂SO₄.,FAIL,Formula does not match. Synthesis does not match. Electrolyte does not match.
3,59,False,Primary formula 'Mo₁.₃₃CTₓ' is not Ti₃C₂Tₓ or Ti₃C₂.,False,Synthesis mentions neither LiF nor HCl.,True,Electrolyte explicitly mentions H₂SO₄ (sulfuric acid).,FAIL,Formula does not match. Synthesis does not match.
3,60,True,Primary formula 'Ti3C2Tx' contains Ti₃C₂ (Ti₃C₂Tₓ or Ti₃C₂).,True,Synthesis explicitly mentions both LiF and HCl.,True,Electrolyte explicitly mentions H₂SO₄ (sulfuric acid).,PASS,Passes all criteria.
3,61,True,Primary formula 'Ti3C2Tx' contains Ti₃C₂ (Ti₃C₂Tₓ or Ti₃C₂).,True,Synthesis explicitly mentions both LiF and HCl.,True,Electrolyte explicitly mentions H₂SO₄ (sulfuric acid).,PASS,Passes all criteria.
3,62,True,Primary formula 'Ti3C2Tx' contains Ti₃C₂ (Ti₃C₂Tₓ or Ti₃C₂).,True,Synthesis explicitly mentions both LiF and HCl.,True,Electrolyte explicitly mentions H₂SO₄ (sulfuric acid).,PASS,Passes all criteria.
3,63,True,Primary formula 'Ti3C2Tx' contains Ti₃C₂ (Ti₃C₂Tₓ or Ti₃C₂).,True,Synthesis explicitly mentions both LiF and HCl.,True,Electrolyte explicitly mentions H₂SO₄ (sulfuric acid).,PASS,Passes all criteria.
3,64,True,Primary formula 'Ti3C2Tx' contains Ti₃C₂ (Ti₃C₂Tₓ or Ti₃C₂).,True,Synthesis explicitly mentions both LiF and HCl.,True,Electrolyte explicitly mentions H₂SO₄ (sulfuric acid).,PASS,Passes all criteria.
3,65,True,Primary formula 'Ti3C2Tx' contains Ti₃C₂ (Ti₃C₂Tₓ or Ti₃C₂).,True,Synthesis explicitly mentions both LiF and HCl.,True,Electrolyte explicitly mentions H₂SO₄ (sulfuric acid).,PASS,Passes all criteria.
3,66,True,Primary formula 'Ti3C2Tx' contains Ti₃C₂ (Ti₃C₂Tₓ or Ti₃C₂).,True,Synthesis explicitly mentions both LiF and HCl.,True,Electrolyte explicitly mentions H₂SO₄ (sulfuric acid).,PASS,Passes all criteria.
3,67,True,Primary formula 'Ti3C2Tx' contains Ti₃C₂ (Ti₃C₂Tₓ or Ti₃C₂).,True,Synthesis explicitly mentions both LiF and HCl.,True,Electrolyte explicitly mentions H₂SO₄ (sulfuric acid).,PASS,Passes all criteria.
3,68,True,Primary formula 'Ti₃C₂Tₓ' contains Ti₃C₂ (Ti₃C₂Tₓ or Ti₃C₂).,True,Synthesis explicitly mentions both LiF and HCl.,True,Electrolyte explicitly mentions H₂SO₄ (sulfuric acid).,PASS,Passes all criteria.
3,69,True,Primary formula 'Ti₃C₂Tₓ' contains Ti₃C₂ (Ti₃C₂Tₓ or Ti₃C₂).,,Synthesis cell is empty.,True,Electrolyte explicitly mentions H₂SO₄ (sulfuric acid).,AMBIGUOUS,One or more fields are empty.
3,70,True,Primary formula 'Ti₃C₂Tₓ' contains Ti₃C₂ (Ti₃C₂Tₓ or Ti₃C₂).,True,Synthesis explicitly mentions both LiF and HCl.,True,Electrolyte explicitly mentions H₂SO₄ (sulfuric acid).,PASS,Passes all criteria.
3,71,True,Primary formula 'Ti₃C₂Tₓ' contains Ti₃C₂ (Ti₃C₂Tₓ or Ti₃C₂).,True,Synthesis explicitly mentions both LiF and HCl.,True,Electrolyte explicitly mentions H₂SO₄ (sulfuric acid).,PASS,Passes all criteria.
3,72,True,Primary formula 'Ti₃C₂Tₓ' contains Ti₃C₂ (Ti₃C₂Tₓ or Ti₃C₂).,False,Synthesis mentions neither LiF nor HCl.,,Electrolyte cell is empty.,AMBIGUOUS,Synthesis does not match. One or more fields are empty.
3,73,True,Primary formula 'Ti₃C₂Tₓ' contains Ti₃C₂ (Ti₃C₂Tₓ or Ti₃C₂).,,Synthesis cell is empty.,,Electrolyte cell is empty.,AMBIGUOUS,One or more fields are empty.
3,74,True,Primary formula 'N-Ti₃C₂Tₓ/S' contains Ti₃C₂ (Ti₃C₂Tₓ or Ti₃C₂).,False,Synthesis mentions neither LiF nor HCl.,,Electrolyte cell is empty.,AMBIGUOUS,Synthesis does not match. One or more fields are empty.
3,75,True,Primary formula 'Ti₃C₂Tₓ/S' contains Ti₃C₂ (Ti₃C₂Tₓ or Ti₃C₂).,False,Synthesis mentions neither LiF nor HCl.,,Electrolyte cell is empty.,AMBIGUOUS,Synthesis does not match. One or more fields are empty.
3,76,True,Primary formula 'Ti₃C₂Tₓ' contains Ti₃C₂ (Ti₃C₂Tₓ or Ti₃C₂).,False,Synthesis mentions HCl but not LiF.,,Electrolyte cell is empty.,AMBIGUOUS,Synthesis does not match. One or more fields are empty.
3,77,True,Primary formula 'Ti₃C₂Tₓ' contains Ti₃C₂ (Ti₃C₂Tₓ or Ti₃C₂).,False,Synthesis mentions neither LiF nor HCl.,,Electrolyte cell is empty.,AMBIGUOUS,Synthesis does not match. One or more fields are empty.
3,78,True,Primary formula 'Ti₃C₂Tₓ' contains Ti₃C₂ (Ti₃C₂Tₓ or Ti₃C₂).,False,Synthesis mentions neither LiF nor HCl.,,Electrolyte cell is empty.,AMBIGUOUS,Synthesis does not match. One or more fields are empty.
3,79,True,Primary formula 'Ti₃C₂Tₓ' contains Ti₃C₂ (Ti₃C₂Tₓ or Ti₃C₂).,False,Synthesis mentions neither LiF nor HCl.,,Electrolyte cell is empty.,AMBIGUOUS,Synthesis does not match. One or more fields are empty.
3,80,True,Primary formula 'N-Ti₃C₂Tₓ/S' contains Ti₃C₂ (Ti₃C₂Tₓ or Ti₃C₂).,False,Synthesis mentions neither LiF nor HCl.,,Electrolyte cell is empty.,AMBIGUOUS,Synthesis does not match. One or more fields are empty.
3,81,False,Ti₃C₂ appears in 'Na₀.₂₃TiO₂/Ti₃C₂' but is not the primary formula.,False,Synthesis mentions neither LiF nor HCl.,,Electrolyte cell is empty.,AMBIGUOUS,Formula does not match. Synthesis does not match. One or more fields are empty.
3,82,False,Ti₃C₂ appears in 'MoS₂/Ti₃C₂@C' but is not the primary formula.,False,Synthesis mentions neither LiF nor HCl.,,Electrolyte cell is empty.,AMBIGUOUS,Formula does not match. Synthesis does not match. One or more fields are empty.
3,83,True,Primary formula 'CNTs@Ti₃C₂' contains Ti₃C₂ (Ti₃C₂Tₓ or Ti₃C₂).,False,Synthesis mentions neither LiF nor HCl.,,Electrolyte cell is empty.,AMBIGUOUS,Synthesis does not match. One or more fields are empty.
3,84,True,Primary formula 'Ti₃C₂(OH)₂' contains Ti₃C₂ (Ti₃C₂Tₓ or Ti₃C₂).,False,Synthesis mentions neither LiF nor HCl.,,Electrolyte cell is empty.,AMBIGUOUS,Synthesis does not match. One or more fields are empty.
3,85,True,Primary formula 'Ti₃C₂Tₓ (alkalized nanoribbons)' contains Ti₃C₂ (Ti₃C₂Tₓ or Ti₃C₂).,False,Synthesis mentions neither LiF nor HCl.,,Electrolyte cell is empty.,AMBIGUOUS,Synthesis does not match. One or more fields are empty.
3,86,True,Primary formula 'Ti₃C₂Tₓ/S (alkalized nanoribbons)' contains Ti₃C₂ (Ti₃C₂Tₓ or Ti₃C₂).,False,Synthesis mentions neither LiF nor HCl.,,Electrolyte cell is empty.,AMBIGUOUS,Synthesis does not match. One or more fields are empty.
3,87,False,Primary formula 'Mo₂CTₓ' is not Ti₃C₂Tₓ or Ti₃C₂.,False,Synthesis mentions neither LiF nor HCl.,,Electrolyte cell is empty.,AMBIGUOUS,Formula does not match. Synthesis does not match. One or more fields are empty.
3,88,True,Primary formula 'Ti₃C₂Tₓ' contains Ti₃C₂ (Ti₃C₂Tₓ or Ti₃C₂).,False,Synthesis mentions neither LiF nor HCl.,,Electrolyte cell is empty.,AMBIGUOUS,Synthesis does not match. One or more fields are empty.
3,89,False,Primary formula 'V₂CTₓ' is not Ti₃C₂Tₓ or Ti₃C₂.,False,Synthesis mentions neither LiF nor HCl.,,Electrolyte cell is empty.,AMBIGUOUS,Formula does not match. Synthesis does not match. One or more fields are empty.
3,90,True,Primary formula 'Ti₃C₂/rGO' contains Ti₃C₂ (Ti₃C₂Tₓ or Ti₃C₂).,False,Synthesis mentions neither LiF nor HCl.,,Electrolyte cell is empty.,AMBIGUOUS,Synthesis does not match. One or more fields are empty.
3,91,True,Primary formula 'Ti₃C₂Tₓ' contains Ti₃C₂ (Ti₃C₂Tₓ or Ti₃C₂).,False,Synthesis mentions neither LiF nor HCl.,True,Electrolyte explicitly mentions H₂SO₄ (sulfuric acid).,FAIL,Synthesis does not match.
3,92,True,Primary formula 'Ti₃C₂Tₓ' contains Ti₃C₂ (Ti₃C₂Tₓ or Ti₃C₂).,False,Synthesis mentions neither LiF nor HCl.,True,Electrolyte explicitly mentions H₂SO₄ (sulfuric acid).,FAIL,Synthesis does not match.
3,93,True,Primary formula 'Ti₃C₂Tₓ' contains Ti₃C₂ (Ti₃C₂Tₓ or Ti₃C₂).,False,Synthesis mentions neither LiF nor HCl.,True,Electrolyte explicitly mentions H₂SO₄ (sulfuric acid).,FAIL,Synthesis does not match.
3,94,True,Primary formula 'Ti₃C₂Tₓ' contains Ti₃C₂ (Ti₃C₂Tₓ or Ti₃C₂).,False,Synthesis mentions neither LiF nor HCl.,True,Electrolyte explicitly mentions H₂SO₄ (sulfuric acid).,FAIL,Synthesis does not match.
3,95,True,Primary formula 'Ti₃C₂Tₓ' contains Ti₃C₂ (Ti₃C₂Tₓ or Ti₃C₂).,False,Synthesis mentions neither LiF nor HCl.,False,Electrolyte '1 M NaCl / 6 M KOH' is not H₂SO₄.,FAIL,Synthesis does not match. Electrolyte does not match.
3,96,True,Primary formula 'Ti₃C₂Tₓ' contains Ti₃C₂ (Ti₃C₂Tₓ or Ti₃C₂).,False,Synthesis mentions neither LiF nor HCl.,True,Electrolyte explicitly mentions H₂SO₄ (sulfuric acid).,FAIL,Synthesis does not match.
3,97,True,Primary formula 'Ti₃C₂Tₓ' contains Ti₃C₂ (Ti₃C₂Tₓ or Ti₃C₂).,False,Synthesis mentions neither LiF nor HCl.,True,Electrolyte explicitly mentions H₂SO₄ (sulfuric acid).,FAIL,Synthesis does not match.
3,98,True,Primary formula 'Ti₃C₂Tₓ' contains Ti₃C₂ (Ti₃C₂Tₓ or Ti₃C₂).,False,Synthesis mentions neither LiF nor HCl.,True,Electrolyte explicitly mentions H₂SO₄ (sulfuric acid).,FAIL,Synthesis does not match.
3,99,False,Primary formula 'Mo₂CTₓ' is not Ti₃C₂Tₓ or Ti₃C₂.,False,Synthesis mentions neither LiF nor HCl.,True,Electrolyte explicitly mentions H₂SO₄ (sulfuric acid).,FAIL,Formula does not match. Synthesis does not match.
3,100,True,Primary formula 'Ti₃C₂Tₓ/Bacterial Cellulose' contains Ti₃C₂ (Ti₃C₂Tₓ or Ti₃C₂).,False,Synthesis mentions neither LiF nor HCl.,True,Electrolyte explicitly mentions H₂SO₄ (sulfuric acid).,FAIL,Synthesis does not match.
3,101,True,Primary formula 'Ti₃C₂Tₓ' contains Ti₃C₂ (Ti₃C₂Tₓ or Ti₃C₂).,False,Synthesis mentions neither LiF nor HCl.,False,Electrolyte '1 M KOH' is not H₂SO₄.,FAIL,Synthesis does not match. Electrolyte does not match.
3,102,True,Primary formula 'Ti₃C₂Tₓ' contains Ti₃C₂ (Ti₃C₂Tₓ or Ti₃C₂).,False,Synthesis mentions neither LiF nor HCl.,False,Electrolyte '1 M KOH' is not H₂SO₄.,FAIL,Synthesis does not match. Electrolyte does not match.
3,103,True,Primary formula 'Ti₃C₂Tₓ' contains Ti₃C₂ (Ti₃C₂Tₓ or Ti₃C₂).,False,Synthesis mentions neither LiF nor HCl.,False,Electrolyte '1 M Na₂SO₄' is not H₂SO₄.,FAIL,Synthesis does not match. Electrolyte does not match.
3,104,True,Primary formula 'Ti₃C₂Tₓ/NiO' contains Ti₃C₂ (Ti₃C₂Tₓ or Ti₃C₂).,False,Synthesis mentions neither LiF nor HCl.,False,Electrolyte '1 M Na₂SO₄' is not H₂SO₄.,FAIL,Synthesis does not match. Electrolyte does not match.
3,105,True,Primary formula 'Ti₃C₂Tₓ' contains Ti₃C₂ (Ti₃C₂Tₓ or Ti₃C₂).,False,Synthesis mentions neither LiF nor HCl.,True,Electrolyte explicitly mentions H₂SO₄ (sulfuric acid).,FAIL,Synthesis does not match.
3,106,True,Primary formula 'Ti₃C₂Tₓ' contains Ti₃C₂ (Ti₃C₂Tₓ or Ti₃C₂).,False,Synthesis mentions neither LiF nor HCl.,True,Electrolyte explicitly mentions H₂SO₄ (sulfuric acid).,FAIL,Synthesis does not match.
3,107,True,Primary formula 'Ti₃C₂Tₓ' contains Ti₃C₂ (Ti₃C₂Tₓ or Ti₃C₂).,False,Synthesis mentions neither LiF nor HCl.,True,Electrolyte explicitly mentions H₂SO₄ (sulfuric acid).,FAIL,Synthesis does not match.
3,108,True,Primary formula 'Ti₃C₂Tₓ' contains Ti₃C₂ (Ti₃C₂Tₓ or Ti₃C₂).,False,Synthesis mentions neither LiF nor HCl.,True,Electrolyte explicitly mentions H₂SO₄ (sulfuric acid).,FAIL,Synthesis does not match.
3,109,True,Primary formula 'Ti₃C₂Tₓ' contains Ti₃C₂ (Ti₃C₂Tₓ or Ti₃C₂).,False,Synthesis mentions neither LiF nor HCl.,True,Electrolyte explicitly mentions H₂SO₄ (sulfuric acid).,FAIL,Synthesis does not match.
3,110,True,Primary formula 'Ti₃C₂Tₓ' contains Ti₃C₂ (Ti₃C₂Tₓ or Ti₃C₂).,False,Synthesis mentions neither LiF nor HCl.,True,Electrolyte explicitly mentions H₂SO₄ (sulfuric acid).,FAIL,Synthesis does not match.
3,111,True,Primary formula 'Ti₃C₂Tₓ' contains Ti₃C₂ (Ti₃C₂Tₓ or Ti₃C₂).,False,Synthesis mentions neither LiF nor HCl.,False,Electrolyte 'PVA-H₃PO₄' is not H₂SO₄.,FAIL,Synthesis does not match. Electrolyte does not match.
3,112,True,Primary formula 'Ti₃C₂Tₓ' contains Ti₃C₂ (Ti₃C₂Tₓ or Ti₃C₂).,False,Synthesis mentions neither LiF nor HCl.,False,Electrolyte 'PVA-H₃PO₄' is not H₂SO₄.,FAIL,Synthesis does not match. Electrolyte does not match.
3,113,True,Primary formula 'Ti₃C₂Tₓ/rGO' contains Ti₃C₂ (Ti₃C₂Tₓ or Ti₃C₂).,False,Synthesis mentions neither LiF nor HCl.,True,Electrolyte explicitly mentions H₂SO₄ (sulfuric acid).,FAIL,Synthesis does not match.
3,114,True,Primary formula 'N-Ti₃C₂Tₓ/AC/CNT/GO' contains Ti₃C₂ (Ti₃C₂Tₓ or Ti₃C₂).,False,Synthesis mentions neither LiF nor HCl.,True,Electrolyte explicitly mentions H₂SO₄ (sulfuric acid).,FAIL,Synthesis does not match.
3,115,True,Primary formula 'N-Ti₃C₂Tₓ/AC/CNT/GO' contains Ti₃C₂ (Ti₃C₂Tₓ or Ti₃C₂).,False,Synthesis mentions neither LiF nor HCl.,True,Electrolyte explicitly mentions H₂SO₄ (sulfuric acid).,FAIL,Synthesis does not match.
3,116,True,Primary formula 'Ti₃C₂Tₓ' contains Ti₃C₂ (Ti₃C₂Tₓ or Ti₃C₂).,False,Synthesis mentions neither LiF nor HCl.,True,Electrolyte explicitly mentions H₂SO₄ (sulfuric acid).,FAIL,Synthesis does not match.
3,117,True,Primary formula 'Ti₃C₂Tₓ' contains Ti₃C₂ (Ti₃C₂Tₓ or Ti₃C₂).,False,Synthesis mentions neither LiF nor HCl.,False,Electrolyte '1 mol L⁻¹ Et₄NBF₄/AN' is not H₂SO₄.,FAIL,Synthesis does not match. Electrolyte does not match.
3,118,,Formula cell is empty.,False,Synthesis mentions neither LiF nor HCl.,False,Electrolyte '1 mol L⁻¹ Et₄NBF₄/AN' is not H₂SO₄.,AMBIGUOUS,Synthesis does not match. Electrolyte does not match. One or more fields are empty.
3,119,True,Primary formula 'Ti₃C₂Tₓ' contains Ti₃C₂ (Ti₃C₂Tₓ or Ti₃C₂).,False,Synthesis mentions neither LiF nor HCl.,False,Electrolyte '1 mol L⁻¹ Et₄NBF₄/AN' is not H₂SO₄.,FAIL,Synthesis does not match. Electrolyte does not match.
3,120,True,Primary formula 'Ti₃C₂Tₓ' contains Ti₃C₂ (Ti₃C₂Tₓ or Ti₃C₂).,False,Synthesis mentions neither LiF nor HCl.,False,Electrolyte '1 mol L⁻¹ Et₄NBF₄/AN' is not H₂SO₄.,FAIL,Synthesis does not match. Electrolyte does not match.
3,121,True,Primary formula 'Ti₃C₂Tₓ' contains Ti₃C₂ (Ti₃C₂Tₓ or Ti₃C₂).,False,Synthesis mentions neither LiF nor HCl.,False,Electrolyte '1 mol L⁻¹ Et₄NBF₄/AN' is not H₂SO₄.,FAIL,Synthesis does not match. Electrolyte does not match.
4,0,True,Primary formula 'Ti₃C₂Tₓ' contains Ti₃C₂ (Ti₃C₂Tₓ or Ti₃C₂).,False,Synthesis mentions neither LiF nor HCl.,False,"Electrolyte '10 mM ""NaCl""' is not H₂SO₄.",FAIL,Synthesis does not match. Electrolyte does not match.
4,1,True,Primary formula 'Ti₃C₂Tₓ' contains Ti₃C₂ (Ti₃C₂Tₓ or Ti₃C₂).,True,Synthesis explicitly mentions both LiF and HCl.,True,Electrolyte explicitly mentions H₂SO₄ (sulfuric acid).,PASS,Passes all criteria.
4,2,True,Primary formula 'Ti₃C₂Tₓ' contains Ti₃C₂ (Ti₃C₂Tₓ or Ti₃C₂).,True,Synthesis explicitly mentions both LiF and HCl.,True,Electrolyte explicitly mentions H₂SO₄ (sulfuric acid).,PASS,Passes all criteria.
4,3,True,Primary formula 'Ti₃C₂Tₓ' contains Ti₃C₂ (Ti₃C₂Tₓ or Ti₃C₂).,True,Synthesis explicitly mentions both LiF and HCl.,False,Electrolyte '1 M NaCl' is not H₂SO₄.,FAIL,Electrolyte does not match.
4,4,True,Primary formula 'Ti₃C₂Tₓ' contains Ti₃C₂ (Ti₃C₂Tₓ or Ti₃C₂).,True,Synthesis explicitly mentions both LiF and HCl.,False,Electrolyte '1 M KOH' is not H₂SO₄.,FAIL,Electrolyte does not match.
4,5,True,Primary formula 'Ti₃C₂Tₓ' contains Ti₃C₂ (Ti₃C₂Tₓ or Ti₃C₂).,False,Synthesis mentions neither LiF nor HCl.,False,Electrolyte '0.8 M KPF₆ in EC:DEC (1:1 vol%)' is not H₂SO₄.,FAIL,Synthesis does not match. Electrolyte does not match.
4,6,True,"Primary formula 'Ti3C2Tx (Mn2+-intercalated, MIT)' contains Ti₃C₂ (Ti₃C₂Tₓ or Ti₃C₂).",True,Synthesis explicitly mentions both LiF and HCl.,False,Electrolyte 'PVA/H3PO4 gel electrolyte (all-solid-state)' is not H₂SO₄.,FAIL,Electrolyte does not match.
4,7,True,Primary formula 'Ti3C2Tx' contains Ti₃C₂ (Ti₃C₂Tₓ or Ti₃C₂).,,Synthesis cell is empty.,True,Electrolyte explicitly mentions H₂SO₄ (sulfuric acid).,AMBIGUOUS,One or more fields are empty.
4,8,True,Primary formula 'Ti3C2Tx' contains Ti₃C₂ (Ti₃C₂Tₓ or Ti₃C₂).,True,Synthesis explicitly mentions both LiF and HCl.,True,Electrolyte explicitly mentions H₂SO₄ (sulfuric acid).,PASS,Passes all criteria.
4,9,True,Primary formula 'Ti3C2Tx' contains Ti₃C₂ (Ti₃C₂Tₓ or Ti₃C₂).,True,Synthesis explicitly mentions both LiF and HCl.,False,Electrolyte '1 M NaCl for electrochemistry; 10 mM NaCl for CDI feed' is not H₂SO₄.,FAIL,Electrolyte does not match.
4,10,True,Primary formula 'Ti3C2Tx (monolayer)' contains Ti₃C₂ (Ti₃C₂Tₓ or Ti₃C₂).,False,Synthesis mentions neither LiF nor HCl.,False,Electrolyte '1.0 mol L-1 NaCl for CV; 1 g L-1 NaCl for EIS; 10–2000 mg L-1 NaCl for CDI' is not H₂SO₄.,FAIL,Synthesis does not match. Electrolyte does not match.
4,11,True,Primary formula 'Ti3C2Tx' contains Ti₃C₂ (Ti₃C₂Tₓ or Ti₃C₂).,True,Synthesis explicitly mentions both LiF and HCl.,True,Electrolyte explicitly mentions H₂SO₄ (sulfuric acid).,PASS,Passes all criteria.
4,12,True,"Primary formula 'Ti3C2Tx (holey, H-Ti3C2Tx)' contains Ti₃C₂ (Ti₃C₂Tₓ or Ti₃C₂).",True,Synthesis explicitly mentions both LiF and HCl.,True,Electrolyte explicitly mentions H₂SO₄ (sulfuric acid).,PASS,Passes all criteria.
4,13,False,Ti₃C₂ appears in 'V2CTx/Ti3C2Tx composite; best electrode V/T-30% (30 wt% V2CTx)' but is not the primary formula.,True,Synthesis explicitly mentions both LiF and HCl.,True,Electrolyte explicitly mentions H₂SO₄ (sulfuric acid).,FAIL,Formula does not match.
4,14,True,Primary formula 'Ti3C2Tx' contains Ti₃C₂ (Ti₃C₂Tₓ or Ti₃C₂).,False,Synthesis mentions HCl but not LiF.,False,Electrolyte '1 M NaCl for CDI/electrochemistry; 1 M KOH for electrochemistry; CDI uses 500 mg L-1 NaCl feed' is not H₂SO₄.,FAIL,Synthesis does not match. Electrolyte does not match.
4,15,True,Primary formula 'Ti3C2Tx / g-C3N4 heterostructure (Ti3C2Tx/g-C3N4-2)' contains Ti₃C₂ (Ti₃C₂Tₓ or Ti₃C₂).,True,Synthesis explicitly mentions both LiF and HCl.,True,Electrolyte explicitly mentions H₂SO₄ (sulfuric acid).,PASS,Passes all criteria.
4,16,True,Primary formula 'Ti3C2Tx' contains Ti₃C₂ (Ti₃C₂Tₓ or Ti₃C₂).,False,Synthesis mentions neither LiF nor HCl.,False,Electrolyte '3 M KOH (best); 3 M Na2SO4 compared' is not H₂SO₄.,FAIL,Synthesis does not match. Electrolyte does not match.
4,17,,Formula cell is empty.,False,Synthesis mentions neither LiF nor HCl.,False,Electrolyte '3 M KOH' is not H₂SO₄.,AMBIGUOUS,Synthesis does not match. Electrolyte does not match. One or more fields are empty.
4,18,True,Primary formula 'Ti3C2Tx' contains Ti₃C₂ (Ti₃C₂Tₓ or Ti₃C₂).,False,Synthesis mentions neither LiF nor HCl.,False,Electrolyte '3 M KOH' is not H₂SO₄.,FAIL,Synthesis does not match. Electrolyte does not match.
4,19,True,Primary formula 'Ti3C2Tx' contains Ti₃C₂ (Ti₃C₂Tₓ or Ti₃C₂).,False,Synthesis mentions neither LiF nor HCl.,False,Electrolyte '1 M Li2SO4 (aqueous)' is not H₂SO₄.,FAIL,Synthesis does not match. Electrolyte does not match.
4,20,True,Primary formula 'Ti3C2Tx' contains Ti₃C₂ (Ti₃C₂Tₓ or Ti₃C₂).,False,Synthesis mentions neither LiF nor HCl.,False,Electrolyte '0.5 M K2SO4 (aqueous)' is not H₂SO₄.,FAIL,Synthesis does not match. Electrolyte does not match.
4,21,True,Primary formula 'Ti₃C₂Tₓ' contains Ti₃C₂ (Ti₃C₂Tₓ or Ti₃C₂).,True,Synthesis explicitly mentions both LiF and HCl.,True,Electrolyte explicitly mentions H₂SO₄ (sulfuric acid).,PASS,Passes all criteria.
4,22,True,Primary formula 'Ti₃C₂Tₓ' contains Ti₃C₂ (Ti₃C₂Tₓ or Ti₃C₂).,True,Synthesis explicitly mentions both LiF and HCl.,True,Electrolyte explicitly mentions H₂SO₄ (sulfuric acid).,PASS,Passes all criteria.
4,23,True,Primary formula 'Ti₃C₂Tₓ' contains Ti₃C₂ (Ti₃C₂Tₓ or Ti₃C₂).,True,Synthesis explicitly mentions both LiF and HCl.,True,Electrolyte explicitly mentions H₂SO₄ (sulfuric acid).,PASS,Passes all criteria.
4,24,True,Primary formula 'Ti₃C₂Tₓ' contains Ti₃C₂ (Ti₃C₂Tₓ or Ti₃C₂).,False,Synthesis mentions neither LiF nor HCl.,False,Electrolyte '3 M KOH' is not H₂SO₄.,FAIL,Synthesis does not match. Electrolyte does not match.
4,25,True,Primary formula 'Ti3C2Tx' contains Ti₃C₂ (Ti₃C₂Tₓ or Ti₃C₂).,False,Synthesis mentions neither LiF nor HCl.,False,"Electrolyte '3 M KOH (aqueous, three-electrode system)' is not H₂SO₄.",FAIL,Synthesis does not match. Electrolyte does not match.
4,26,True,Primary formula 'Ti3C2Tx' contains Ti₃C₂ (Ti₃C₂Tₓ or Ti₃C₂).,False,Synthesis mentions neither LiF nor HCl.,False,"Electrolyte '3 M KOH (aqueous, three-electrode system)' is not H₂SO₄.",FAIL,Synthesis does not match. Electrolyte does not match.
4,27,,Formula cell is empty.,False,Synthesis mentions neither LiF nor HCl.,False,"Electrolyte '3 M KOH (aqueous, three-electrode system)' is not H₂SO₄.",AMBIGUOUS,Synthesis does not match. Electrolyte does not match. One or more fields are empty.
4,28,True,Primary formula 'Ti₃C₂Tₓ' contains Ti₃C₂ (Ti₃C₂Tₓ or Ti₃C₂).,False,Synthesis mentions neither LiF nor HCl.,True,Electrolyte explicitly mentions H₂SO₄ (sulfuric acid).,FAIL,Synthesis does not match.
4,29,True,Primary formula 'Ti₃C₂Tₓ/N₂H₄' contains Ti₃C₂ (Ti₃C₂Tₓ or Ti₃C₂).,False,Synthesis mentions neither LiF nor HCl.,True,Electrolyte explicitly mentions H₂SO₄ (sulfuric acid).,FAIL,Synthesis does not match.
4,30,True,Primary formula 'Ti3C2Tx' contains Ti₃C₂ (Ti₃C₂Tₓ or Ti₃C₂).,True,Synthesis explicitly mentions both LiF and HCl.,True,Electrolyte explicitly mentions H₂SO₄ (sulfuric acid).,PASS,Passes all criteria.
4,31,True,Primary formula 'Ti3C2Tx' contains Ti₃C₂ (Ti₃C₂Tₓ or Ti₃C₂).,True,Synthesis explicitly mentions both LiF and HCl.,True,Electrolyte explicitly mentions H₂SO₄ (sulfuric acid).,PASS,Passes all criteria.
4,32,True,Primary formula 'Ti3C2Tx/PANI' contains Ti₃C₂ (Ti₃C₂Tₓ or Ti₃C₂).,False,Synthesis mentions neither LiF nor HCl.,True,Electrolyte explicitly mentions H₂SO₄ (sulfuric acid).,FAIL,Synthesis does not match.
4,33,True,Primary formula 'Ti3C2Tx/PANI' contains Ti₃C₂ (Ti₃C₂Tₓ or Ti₃C₂).,False,Synthesis mentions neither LiF nor HCl.,True,Electrolyte explicitly mentions H₂SO₄ (sulfuric acid).,FAIL,Synthesis does not match.
4,34,True,Primary formula 'Ti3C2Tx/PANI' contains Ti₃C₂ (Ti₃C₂Tₓ or Ti₃C₂).,False,Synthesis mentions neither LiF nor HCl.,True,Electrolyte explicitly mentions H₂SO₄ (sulfuric acid).,FAIL,Synthesis does not match.
4,35,True,Primary formula 'Ti3C2Tx/PANI' contains Ti₃C₂ (Ti₃C₂Tₓ or Ti₃C₂).,False,Synthesis mentions neither LiF nor HCl.,True,Electrolyte explicitly mentions H₂SO₄ (sulfuric acid).,FAIL,Synthesis does not match.
4,36,True,Primary formula 'Ti3C2Tx/PANI' contains Ti₃C₂ (Ti₃C₂Tₓ or Ti₃C₂).,False,Synthesis mentions neither LiF nor HCl.,True,Electrolyte explicitly mentions H₂SO₄ (sulfuric acid).,FAIL,Synthesis does not match.
4,37,True,Primary formula 'Ti3C2Tx' contains Ti₃C₂ (Ti₃C₂Tₓ or Ti₃C₂).,False,Synthesis mentions neither LiF nor HCl.,False,Electrolyte '0.1 M phosphate buffer pH 7.0 (aqueous)' is not H₂SO₄.,FAIL,Synthesis does not match. Electrolyte does not match.
4,38,True,Primary formula 'oTi3C2Tx (oxidized)' contains Ti₃C₂ (Ti₃C₂Tₓ or Ti₃C₂).,False,Synthesis mentions neither LiF nor HCl.,False,Electrolyte '0.1 M phosphate buffer pH 7.0 (aqueous)' is not H₂SO₄.,FAIL,Synthesis does not match. Electrolyte does not match.
4,39,True,Primary formula 'Ti3C2Tx' contains Ti₃C₂ (Ti₃C₂Tₓ or Ti₃C₂).,False,Synthesis mentions neither LiF nor HCl.,False,Electrolyte '1 M NaCl (aqueous)' is not H₂SO₄.,FAIL,Synthesis does not match. Electrolyte does not match.
4,40,True,Primary formula 'Ti3C2Tx (TiO2@Ti3C2Tx after plasma)' contains Ti₃C₂ (Ti₃C₂Tₓ or Ti₃C₂).,False,Synthesis mentions neither LiF nor HCl.,False,Electrolyte '1 M NaCl (aqueous)' is not H₂SO₄.,FAIL,Synthesis does not match. Electrolyte does not match.
4,41,True,Primary formula 'Ti₃C₂Tₓ' contains Ti₃C₂ (Ti₃C₂Tₓ or Ti₃C₂).,False,Synthesis mentions neither LiF nor HCl.,False,Electrolyte '1 M KOH; 1 M NaOH' is not H₂SO₄.,FAIL,Synthesis does not match. Electrolyte does not match.
4,42,True,Primary formula 'Ti₃C₂Tₓ' contains Ti₃C₂ (Ti₃C₂Tₓ or Ti₃C₂).,True,Synthesis explicitly mentions both LiF and HCl.,True,Electrolyte explicitly mentions H₂SO₄ (sulfuric acid).,PASS,Passes all criteria.
4,43,True,Primary formula 'Ti₃C₂Tₓ / PVA composite' contains Ti₃C₂ (Ti₃C₂Tₓ or Ti₃C₂).,False,Synthesis mentions neither LiF nor HCl.,False,Electrolyte 'KOH' is not H₂SO₄.,FAIL,Synthesis does not match. Electrolyte does not match.
4,44,True,Primary formula 'Ti₃C₂Tₓ / SWNT composite' contains Ti₃C₂ (Ti₃C₂Tₓ or Ti₃C₂).,False,Synthesis mentions neither LiF nor HCl.,,Electrolyte cell is empty.,AMBIGUOUS,Synthesis does not match. One or more fields are empty.
4,45,True,Primary formula 'Ti₃C₂Tₓ / rGO composite' contains Ti₃C₂ (Ti₃C₂Tₓ or Ti₃C₂).,False,Synthesis mentions neither LiF nor HCl.,,Electrolyte cell is empty.,AMBIGUOUS,Synthesis does not match. One or more fields are empty.
4,46,True,Primary formula 'Ti3C2Tx' contains Ti₃C₂ (Ti₃C₂Tₓ or Ti₃C₂).,False,Synthesis mentions neither LiF nor HCl.,False,Electrolyte '1 M KOH' is not H₂SO₄.,FAIL,Synthesis does not match. Electrolyte does not match.
4,47,True,Primary formula 'Ti3C2Tx' contains Ti₃C₂ (Ti₃C₂Tₓ or Ti₃C₂).,False,Synthesis mentions neither LiF nor HCl.,False,Electrolyte '1 M KOH' is not H₂SO₄.,FAIL,Synthesis does not match. Electrolyte does not match.
4,48,True,Primary formula 'Ti3C2Tx' contains Ti₃C₂ (Ti₃C₂Tₓ or Ti₃C₂).,False,Synthesis mentions neither LiF nor HCl.,False,Electrolyte '1 M KOH' is not H₂SO₄.,FAIL,Synthesis does not match. Electrolyte does not match.
4,49,False,Primary formula 'Ti₂CTₓ' is not Ti₃C₂Tₓ or Ti₃C₂.,True,Synthesis explicitly mentions both LiF and HCl.,True,Electrolyte explicitly mentions H₂SO₄ (sulfuric acid).,FAIL,Formula does not match.
4,50,False,Primary formula 'Ti₂CTₓ/OLC (5 wt%)' is not Ti₃C₂Tₓ or Ti₃C₂.,True,Synthesis explicitly mentions both LiF and HCl.,True,Electrolyte explicitly mentions H₂SO₄ (sulfuric acid).,FAIL,Formula does not match.
4,51,False,Primary formula 'Ti₂CTₓ/OLC (10 wt%)' is not Ti₃C₂Tₓ or Ti₃C₂.,True,Synthesis explicitly mentions both LiF and HCl.,True,Electrolyte explicitly mentions H₂SO₄ (sulfuric acid).,FAIL,Formula does not match.
4,52,True,Primary formula 'Ti₃C₂Tₓ' contains Ti₃C₂ (Ti₃C₂Tₓ or Ti₃C₂).,True,Synthesis explicitly mentions both LiF and HCl.,True,Electrolyte explicitly mentions H₂SO₄ (sulfuric acid).,PASS,Passes all criteria.
4,53,True,Primary formula 'Ti₃C₂Tₓ' contains Ti₃C₂ (Ti₃C₂Tₓ or Ti₃C₂).,True,Synthesis explicitly mentions both LiF and HCl.,True,Electrolyte explicitly mentions H₂SO₄ (sulfuric acid).,PASS,Passes all criteria.
4,54,True,Primary formula 'Ti₃C₂Tₓ' contains Ti₃C₂ (Ti₃C₂Tₓ or Ti₃C₂).,True,Synthesis explicitly mentions both LiF and HCl.,True,Electrolyte explicitly mentions H₂SO₄ (sulfuric acid).,PASS,Passes all criteria.
4,55,,Formula cell is empty.,False,Synthesis mentions neither LiF nor HCl.,True,Electrolyte explicitly mentions H₂SO₄ (sulfuric acid).,AMBIGUOUS,Synthesis does not match. One or more fields are empty.
4,56,True,Primary formula 'Ti3C2Tx' contains Ti₃C₂ (Ti₃C₂Tₓ or Ti₃C₂).,True,Synthesis explicitly mentions both LiF and HCl.,True,Electrolyte explicitly mentions H₂SO₄ (sulfuric acid).,PASS,Passes all criteria.
4,57,True,Primary formula 'Ti3C2Tx/PDA-2' contains Ti₃C₂ (Ti₃C₂Tₓ or Ti₃C₂).,False,Synthesis mentions neither LiF nor HCl.,True,Electrolyte explicitly mentions H₂SO₄ (sulfuric acid).,FAIL,Synthesis does not match.
4,58,True,Primary formula 'Ti3C2Tx/PDA-5' contains Ti₃C₂ (Ti₃C₂Tₓ or Ti₃C₂).,False,Synthesis mentions neither LiF nor HCl.,True,Electrolyte explicitly mentions H₂SO₄ (sulfuric acid).,FAIL,Synthesis does not match.
4,59,True,Primary formula 'Ti3C2Tx/PDA-10' contains Ti₃C₂ (Ti₃C₂Tₓ or Ti₃C₂).,False,Synthesis mentions neither LiF nor HCl.,True,Electrolyte explicitly mentions H₂SO₄ (sulfuric acid).,FAIL,Synthesis does not match.
4,60,True,Primary formula 'Ti₃C₂Tₓ' contains Ti₃C₂ (Ti₃C₂Tₓ or Ti₃C₂).,False,Synthesis mentions neither LiF nor HCl.,True,Electrolyte explicitly mentions H₂SO₄ (sulfuric acid).,FAIL,Synthesis does not match.
4,61,True,Primary formula 'N-Ti₃C₂Tₓ' contains Ti₃C₂ (Ti₃C₂Tₓ or Ti₃C₂).,False,Synthesis mentions neither LiF nor HCl.,True,Electrolyte explicitly mentions H₂SO₄ (sulfuric acid).,FAIL,Synthesis does not match.
4,62,True,Primary formula 'N-Ti₃C₂Tₓ' contains Ti₃C₂ (Ti₃C₂Tₓ or Ti₃C₂).,False,Synthesis mentions neither LiF nor HCl.,True,Electrolyte explicitly mentions H₂SO₄ (sulfuric acid).,FAIL,Synthesis does not match.
4,63,True,Primary formula 'N-Ti₃C₂Tₓ' contains Ti₃C₂ (Ti₃C₂Tₓ or Ti₃C₂).,False,Synthesis mentions neither LiF nor HCl.,True,Electrolyte explicitly mentions H₂SO₄ (sulfuric acid).,FAIL,Synthesis does not match.
4,64,True,Primary formula 'N-Ti₃C₂Tₓ' contains Ti₃C₂ (Ti₃C₂Tₓ or Ti₃C₂).,False,Synthesis mentions neither LiF nor HCl.,True,Electrolyte explicitly mentions H₂SO₄ (sulfuric acid).,FAIL,Synthesis does not match.
4,65,True,Primary formula 'Ti3C2Tx' contains Ti₃C₂ (Ti₃C₂Tₓ or Ti₃C₂).,True,Synthesis explicitly mentions both LiF and HCl.,False,Electrolyte '1 M KOH (aqueous)' is not H₂SO₄.,FAIL,Electrolyte does not match.
4,66,True,Primary formula 'Ti₃C₂Tₓ' contains Ti₃C₂ (Ti₃C₂Tₓ or Ti₃C₂).,False,Synthesis mentions neither LiF nor HCl.,False,"Electrolyte '6 M KOH (aqueous, 3-electrode); PVA/KOH gel (solid-state SC)' is not H₂SO₄.",FAIL,Synthesis does not match. Electrolyte does not match.
4,67,True,Primary formula 'Ti₃C₂Tₓ' contains Ti₃C₂ (Ti₃C₂Tₓ or Ti₃C₂).,False,Synthesis mentions neither LiF nor HCl.,False,Electrolyte '6 M KOH (aqueous)' is not H₂SO₄.,FAIL,Synthesis does not match. Electrolyte does not match.
4,68,True,Primary formula 'Ti₃C₂Tₓ' contains Ti₃C₂ (Ti₃C₂Tₓ or Ti₃C₂).,False,Synthesis mentions neither LiF nor HCl.,False,Electrolyte '6 M KOH (aqueous)' is not H₂SO₄.,FAIL,Synthesis does not match. Electrolyte does not match.
4,69,True,Primary formula 'Ti₃C₂Tₓ' contains Ti₃C₂ (Ti₃C₂Tₓ or Ti₃C₂).,False,Synthesis mentions neither LiF nor HCl.,False,Electrolyte '6 M KOH (aqueous)' is not H₂SO₄.,FAIL,Synthesis does not match. Electrolyte does not match.
4,70,True,Primary formula 'Ti₃C₂Tₓ' contains Ti₃C₂ (Ti₃C₂Tₓ or Ti₃C₂).,False,Synthesis mentions neither LiF nor HCl.,False,Electrolyte '6 M KOH (aqueous)' is not H₂SO₄.,FAIL,Synthesis does not match. Electrolyte does not match.
4,71,True,Primary formula 'Ti₃C₂Tₓ' contains Ti₃C₂ (Ti₃C₂Tₓ or Ti₃C₂).,False,Synthesis mentions neither LiF nor HCl.,False,Electrolyte '6 M KOH (aqueous)' is not H₂SO₄.,FAIL,Synthesis does not match. Electrolyte does not match.
4,72,True,Primary formula 'Ti3C2Tx' contains Ti₃C₂ (Ti₃C₂Tₓ or Ti₃C₂).,False,Synthesis mentions neither LiF nor HCl.,False,Electrolyte '1 M KOH' is not H₂SO₄.,FAIL,Synthesis does not match. Electrolyte does not match.
4,73,True,Primary formula 'Ti3C2Tx' contains Ti₃C₂ (Ti₃C₂Tₓ or Ti₃C₂).,False,Synthesis mentions neither LiF nor HCl.,False,Electrolyte '1 M KOH' is not H₂SO₄.,FAIL,Synthesis does not match. Electrolyte does not match.
4,74,True,Primary formula 'Ti3C2Tx' contains Ti₃C₂ (Ti₃C₂Tₓ or Ti₃C₂).,False,Synthesis mentions neither LiF nor HCl.,False,Electrolyte '1 M KOH' is not H₂SO₄.,FAIL,Synthesis does not match. Electrolyte does not match.
4,75,True,Primary formula 'Ti3C2Tx' contains Ti₃C₂ (Ti₃C₂Tₓ or Ti₃C₂).,False,Synthesis mentions neither LiF nor HCl.,False,Electrolyte '1 M KOH' is not H₂SO₄.,FAIL,Synthesis does not match. Electrolyte does not match.
5,0,True,Primary formula 'Ti₃C₂' contains Ti₃C₂ (Ti₃C₂Tₓ or Ti₃C₂).,False,Synthesis mentions neither LiF nor HCl.,False,Electrolyte '3 M KOH' is not H₂SO₄.,FAIL,Synthesis does not match. Electrolyte does not match.
5,1,True,Primary formula 'Ti₃C₂Tₓ (primary); Ti₂CTₓ (secondary)' contains Ti₃C₂ (Ti₃C₂Tₓ or Ti₃C₂).,False,Synthesis mentions HCl but not LiF.,True,Electrolyte explicitly mentions H₂SO₄ (sulfuric acid).,FAIL,Synthesis does not match.
5,2,True,Primary formula 'Ti₃C₂Tₓ' contains Ti₃C₂ (Ti₃C₂Tₓ or Ti₃C₂).,True,Synthesis explicitly mentions both LiF and HCl.,True,Electrolyte explicitly mentions H₂SO₄ (sulfuric acid).,PASS,Passes all criteria.
5,3,False,Primary formula 'Ta₄C₃Tₓ' is not Ti₃C₂Tₓ or Ti₃C₂.,False,Synthesis mentions HCl but not LiF.,False,Electrolyte 'PVA/H₃PO₄ solid gel' is not H₂SO₄.,FAIL,Formula does not match. Synthesis does not match. Electrolyte does not match.
5,4,False,Primary formula 'Ta₄C₃Tₓ + Ta₂O₅/TaO₂' is not Ti₃C₂Tₓ or Ti₃C₂.,False,Synthesis mentions HCl but not LiF.,False,Electrolyte 'PVA/H₃PO₄ solid gel' is not H₂SO₄.,FAIL,Formula does not match. Synthesis does not match. Electrolyte does not match.
5,5,True,Primary formula 'Ti₃C₂Tₓ' contains Ti₃C₂ (Ti₃C₂Tₓ or Ti₃C₂).,True,Synthesis explicitly mentions both LiF and HCl.,False,Electrolyte '1 M NaCl (electrochemical); 10 mM NaCl (desalination)' is not H₂SO₄.,FAIL,Electrolyte does not match.
5,6,True,Primary formula 'Ti₃C₂Tₓ' contains Ti₃C₂ (Ti₃C₂Tₓ or Ti₃C₂).,True,Synthesis explicitly mentions both LiF and HCl.,False,Electrolyte '1 M NaCl (electrochemical); 10 mM NaCl (desalination)' is not H₂SO₄.,FAIL,Electrolyte does not match.
5,7,True,Primary formula 'Ti₃C₂Tₓ' contains Ti₃C₂ (Ti₃C₂Tₓ or Ti₃C₂).,False,Synthesis mentions HCl but not LiF.,False,Electrolyte '1 M NaCl (electrochemical); 10 mM NaCl (desalination)' is not H₂SO₄.,FAIL,Synthesis does not match. Electrolyte does not match.
5,8,True,Primary formula 'Ti₃C₂Tₓ' contains Ti₃C₂ (Ti₃C₂Tₓ or Ti₃C₂).,True,Synthesis explicitly mentions both LiF and HCl.,False,Electrolyte '1 M NaCl (electrochemical); 10 mM NaCl (desalination)' is not H₂SO₄.,FAIL,Electrolyte does not match.
5,9,True,Primary formula 'Ti₃C₂Tₓ' contains Ti₃C₂ (Ti₃C₂Tₓ or Ti₃C₂).,False,Synthesis mentions HCl but not LiF.,False,Electrolyte '0.1 M ZnSO₄ in DI water' is not H₂SO₄.,FAIL,Synthesis does not match. Electrolyte does not match.
5,10,True,Primary formula 'Ti₃C₂Tₓ' contains Ti₃C₂ (Ti₃C₂Tₓ or Ti₃C₂).,False,Synthesis mentions HCl but not LiF.,False,Electrolyte '0.1 M ZnSO₄ in DI water' is not H₂SO₄.,FAIL,Synthesis does not match. Electrolyte does not match.
5,11,True,Primary formula 'Ti₃C₂Tₓ' contains Ti₃C₂ (Ti₃C₂Tₓ or Ti₃C₂).,False,Synthesis mentions HCl but not LiF.,False,Electrolyte '0.1 M ZnSO₄ + 0.1 wt% CTAB in DI water' is not H₂SO₄.,FAIL,Synthesis does not match. Electrolyte does not match.
5,12,True,Primary formula 'Ti₃C₂Tₓ' contains Ti₃C₂ (Ti₃C₂Tₓ or Ti₃C₂).,False,Synthesis mentions neither LiF nor HCl.,True,Electrolyte explicitly mentions H₂SO₄ (sulfuric acid).,FAIL,Synthesis does not match.
5,13,True,Primary formula 'Ti₃C₂Tₓ (host) + MoS₂ (confined)' contains Ti₃C₂ (Ti₃C₂Tₓ or Ti₃C₂).,False,Synthesis mentions neither LiF nor HCl.,True,Electrolyte explicitly mentions H₂SO₄ (sulfuric acid).,FAIL,Synthesis does not match.
5,14,True,Primary formula 'Ti₃C₂Tₓ' contains Ti₃C₂ (Ti₃C₂Tₓ or Ti₃C₂).,False,Synthesis mentions neither LiF nor HCl.,True,Electrolyte explicitly mentions H₂SO₄ (sulfuric acid).,FAIL,Synthesis does not match.
5,15,True,Primary formula 'Ti₃C₂Tₓ' contains Ti₃C₂ (Ti₃C₂Tₓ or Ti₃C₂).,False,Synthesis mentions neither LiF nor HCl.,True,Electrolyte explicitly mentions H₂SO₄ (sulfuric acid).,FAIL,Synthesis does not match.
5,16,True,Primary formula 'Ti₃C₂Tₓ' contains Ti₃C₂ (Ti₃C₂Tₓ or Ti₃C₂).,False,Synthesis mentions neither LiF nor HCl.,True,Electrolyte explicitly mentions H₂SO₄ (sulfuric acid).,FAIL,Synthesis does not match.
5,17,True,Primary formula 'Ti₃C₂Tₓ' contains Ti₃C₂ (Ti₃C₂Tₓ or Ti₃C₂).,False,Synthesis mentions neither LiF nor HCl.,True,Electrolyte explicitly mentions H₂SO₄ (sulfuric acid).,FAIL,Synthesis does not match.
5,18,True,Primary formula 'Ti₃C₂Tₓ' contains Ti₃C₂ (Ti₃C₂Tₓ or Ti₃C₂).,True,Synthesis explicitly mentions both LiF and HCl.,False,Electrolyte '1 M NaCl' is not H₂SO₄.,FAIL,Electrolyte does not match.
5,19,True,Primary formula 'Ti₃C₂Tₓ' contains Ti₃C₂ (Ti₃C₂Tₓ or Ti₃C₂).,True,Synthesis explicitly mentions both LiF and HCl.,False,Electrolyte '1 M NaCl' is not H₂SO₄.,FAIL,Electrolyte does not match.
5,20,True,Primary formula 'Ti₃C₂Tₓ' contains Ti₃C₂ (Ti₃C₂Tₓ or Ti₃C₂).,True,Synthesis explicitly mentions both LiF and HCl.,False,"Electrolyte '1 M NaCl, 1 M KCl, 1 M MgCl₂ (static); 15 mM NaCl (HCDI flow)' is not H₂SO₄.",FAIL,Electrolyte does not match.
5,21,True,Primary formula 'Ti₃C₂Tₓ' contains Ti₃C₂ (Ti₃C₂Tₓ or Ti₃C₂).,False,Synthesis mentions neither LiF nor HCl.,False,Electrolyte '0.5 M Na₂SO₄' is not H₂SO₄.,FAIL,Synthesis does not match. Electrolyte does not match.
5,22,True,Primary formula 'Ti₃C₂Tₓ' contains Ti₃C₂ (Ti₃C₂Tₓ or Ti₃C₂).,True,Synthesis explicitly mentions both LiF and HCl.,False,Electrolyte '0.5 M Na₂SO₄' is not H₂SO₄.,FAIL,Electrolyte does not match.
5,23,True,Primary formula 'Ti₃C₂Tₓ' contains Ti₃C₂ (Ti₃C₂Tₓ or Ti₃C₂).,False,Synthesis mentions LiF but not HCl.,False,Electrolyte '0.5 M Na₂SO₄' is not H₂SO₄.,FAIL,Synthesis does not match. Electrolyte does not match.
5,24,True,Primary formula 'Ti₃C₂Tₓ' contains Ti₃C₂ (Ti₃C₂Tₓ or Ti₃C₂).,True,Synthesis explicitly mentions both LiF and HCl.,False,Electrolyte '1 M MgSO₄' is not H₂SO₄.,FAIL,Electrolyte does not match.
5,25,True,Primary formula 'Ti₃C₂Tₓ' contains Ti₃C₂ (Ti₃C₂Tₓ or Ti₃C₂).,True,Synthesis explicitly mentions both LiF and HCl.,False,Electrolyte '1 M MgSO₄' is not H₂SO₄.,FAIL,Electrolyte does not match.
5,26,True,Primary formula 'Ti₃C₂Tₓ' contains Ti₃C₂ (Ti₃C₂Tₓ or Ti₃C₂).,True,Synthesis explicitly mentions both LiF and HCl.,False,Electrolyte '1 M MgSO₄' is not H₂SO₄.,FAIL,Electrolyte does not match.
5,27,True,Primary formula 'Ti₃C₂Tₓ' contains Ti₃C₂ (Ti₃C₂Tₓ or Ti₃C₂).,True,Synthesis explicitly mentions both LiF and HCl.,False,Electrolyte '1 M MgSO₄' is not H₂SO₄.,FAIL,Electrolyte does not match.
5,28,True,Primary formula 'Ti₃C₂Tₓ' contains Ti₃C₂ (Ti₃C₂Tₓ or Ti₃C₂).,True,Synthesis explicitly mentions both LiF and HCl.,False,Electrolyte '1 M MgSO₄' is not H₂SO₄.,FAIL,Electrolyte does not match.
5,29,True,Primary formula 'Ti₃C₂Tₓ' contains Ti₃C₂ (Ti₃C₂Tₓ or Ti₃C₂).,True,Synthesis explicitly mentions both LiF and HCl.,False,Electrolyte '1 M MgSO₄' is not H₂SO₄.,FAIL,Electrolyte does not match.
5,30,True,Primary formula 'Ti₃C₂Tₓ' contains Ti₃C₂ (Ti₃C₂Tₓ or Ti₃C₂).,True,Synthesis explicitly mentions both LiF and HCl.,False,Electrolyte '1 M Na₂SO₄' is not H₂SO₄.,FAIL,Electrolyte does not match.
5,31,True,Primary formula 'Ti₃C₂Tₓ' contains Ti₃C₂ (Ti₃C₂Tₓ or Ti₃C₂).,True,Synthesis explicitly mentions both LiF and HCl.,False,Electrolyte '1 M Na₂SO₄' is not H₂SO₄.,FAIL,Electrolyte does not match.
5,32,True,Primary formula 'Ti₃C₂Tₓ' contains Ti₃C₂ (Ti₃C₂Tₓ or Ti₃C₂).,True,Synthesis explicitly mentions both LiF and HCl.,False,Electrolyte '1 M Na₂SO₄' is not H₂SO₄.,FAIL,Electrolyte does not match.
5,33,True,Primary formula 'Ti₃C₂' contains Ti₃C₂ (Ti₃C₂Tₓ or Ti₃C₂).,False,Synthesis mentions neither LiF nor HCl.,False,Electrolyte '1 M KOH' is not H₂SO₄.,FAIL,Synthesis does not match. Electrolyte does not match.
5,34,True,Primary formula 'Ti₃C₂' contains Ti₃C₂ (Ti₃C₂Tₓ or Ti₃C₂).,False,Synthesis mentions neither LiF nor HCl.,False,Electrolyte '1 M KOH' is not H₂SO₄.,FAIL,Synthesis does not match. Electrolyte does not match.
5,35,True,Primary formula 'Ti₃C₂Tₓ' contains Ti₃C₂ (Ti₃C₂Tₓ or Ti₃C₂).,True,Synthesis explicitly mentions both LiF and HCl.,True,Electrolyte explicitly mentions H₂SO₄ (sulfuric acid).,PASS,Passes all criteria.
5,36,True,Primary formula 'Ti₃C₂Tₓ' contains Ti₃C₂ (Ti₃C₂Tₓ or Ti₃C₂).,True,Synthesis explicitly mentions both LiF and HCl.,True,Electrolyte explicitly mentions H₂SO₄ (sulfuric acid).,PASS,Passes all criteria.
5,37,True,Primary formula 'Ti₃C₂Tₓ' contains Ti₃C₂ (Ti₃C₂Tₓ or Ti₃C₂).,True,Synthesis explicitly mentions both LiF and HCl.,True,Electrolyte explicitly mentions H₂SO₄ (sulfuric acid).,PASS,Passes all criteria.
5,38,True,Primary formula 'Ti₃C₂Tₓ' contains Ti₃C₂ (Ti₃C₂Tₓ or Ti₃C₂).,True,Synthesis explicitly mentions both LiF and HCl.,True,Electrolyte explicitly mentions H₂SO₄ (sulfuric acid).,PASS,Passes all criteria.
5,39,True,Primary formula 'Ti₃C₂Tₓ' contains Ti₃C₂ (Ti₃C₂Tₓ or Ti₃C₂).,True,Synthesis explicitly mentions both LiF and HCl.,True,Electrolyte explicitly mentions H₂SO₄ (sulfuric acid).,PASS,Passes all criteria.
5,40,True,Primary formula 'Ti₃C₂Tₓ' contains Ti₃C₂ (Ti₃C₂Tₓ or Ti₃C₂).,True,Synthesis explicitly mentions both LiF and HCl.,True,Electrolyte explicitly mentions H₂SO₄ (sulfuric acid).,PASS,Passes all criteria.
5,41,True,Primary formula 'Ti₃C₂Tₓ' contains Ti₃C₂ (Ti₃C₂Tₓ or Ti₃C₂).,True,Synthesis explicitly mentions both LiF and HCl.,True,Electrolyte explicitly mentions H₂SO₄ (sulfuric acid).,PASS,Passes all criteria.
5,42,True,Primary formula 'Ti₃C₂Tₓ / MoO₃' contains Ti₃C₂ (Ti₃C₂Tₓ or Ti₃C₂).,False,Synthesis mentions neither LiF nor HCl.,True,Electrolyte explicitly mentions H₂SO₄ (sulfuric acid).,FAIL,Synthesis does not match.
5,43,True,Primary formula 'Ti₃C₂Tₓ / MoO₃' contains Ti₃C₂ (Ti₃C₂Tₓ or Ti₃C₂).,False,Synthesis mentions neither LiF nor HCl.,True,Electrolyte explicitly mentions H₂SO₄ (sulfuric acid).,FAIL,Synthesis does not match.
5,44,True,Primary formula 'Ti₃C₂Tₓ / MoO₃' contains Ti₃C₂ (Ti₃C₂Tₓ or Ti₃C₂).,False,Synthesis mentions neither LiF nor HCl.,True,Electrolyte explicitly mentions H₂SO₄ (sulfuric acid).,FAIL,Synthesis does not match.
5,45,True,Primary formula 'Ti₃C₂Tₓ' contains Ti₃C₂ (Ti₃C₂Tₓ or Ti₃C₂).,True,Synthesis explicitly mentions both LiF and HCl.,False,Electrolyte '1 M NaCl' is not H₂SO₄.,FAIL,Electrolyte does not match.
5,46,True,Primary formula 'Ti₃C₂Tₓ' contains Ti₃C₂ (Ti₃C₂Tₓ or Ti₃C₂).,True,Synthesis explicitly mentions both LiF and HCl.,False,Electrolyte '1 M NaCl' is not H₂SO₄.,FAIL,Electrolyte does not match.
5,47,True,Primary formula 'Ti₃C₂Tₓ' contains Ti₃C₂ (Ti₃C₂Tₓ or Ti₃C₂).,False,Synthesis mentions neither LiF nor HCl.,False,Electrolyte '1 M NaCl' is not H₂SO₄.,FAIL,Synthesis does not match. Electrolyte does not match.
5,48,False,Primary formula 'Nb₂CTₓ' is not Ti₃C₂Tₓ or Ti₃C₂.,True,Synthesis explicitly mentions both LiF and HCl.,False,"Electrolyte '6 M KOH (gel, PVA-KOH)' is not H₂SO₄.",FAIL,Formula does not match. Electrolyte does not match.
5,49,False,Primary formula 'Nb₂CTₓ' is not Ti₃C₂Tₓ or Ti₃C₂.,True,Synthesis explicitly mentions both LiF and HCl.,False,Electrolyte '6 M KOH' is not H₂SO₄.,FAIL,Formula does not match. Electrolyte does not match.
5,50,,Formula cell is empty.,False,Synthesis mentions neither LiF nor HCl.,False,Electrolyte '6 M KOH' is not H₂SO₄.,AMBIGUOUS,Synthesis does not match. Electrolyte does not match. One or more fields are empty.
5,51,True,Primary formula 'Ti₃C₂Tₓ' contains Ti₃C₂ (Ti₃C₂Tₓ or Ti₃C₂).,True,Synthesis explicitly mentions both LiF and HCl.,True,Electrolyte explicitly mentions H₂SO₄ (sulfuric acid).,PASS,Passes all criteria.
5,52,True,Primary formula 'Ti₃C₂Tₓ' contains Ti₃C₂ (Ti₃C₂Tₓ or Ti₃C₂).,False,Synthesis mentions neither LiF nor HCl.,True,Electrolyte explicitly mentions H₂SO₄ (sulfuric acid).,FAIL,Synthesis does not match.
5,53,True,Primary formula 'Ti₃C₂Tₓ' contains Ti₃C₂ (Ti₃C₂Tₓ or Ti₃C₂).,False,Synthesis mentions neither LiF nor HCl.,False,Electrolyte '1 M LiPF₆' is not H₂SO₄.,FAIL,Synthesis does not match. Electrolyte does not match.
5,54,True,Primary formula 'Ti₃C₂Tₓ' contains Ti₃C₂ (Ti₃C₂Tₓ or Ti₃C₂).,False,Synthesis mentions neither LiF nor HCl.,False,Electrolyte '1 M LiPF₆ in EC/DC (1:1)' is not H₂SO₄.,FAIL,Synthesis does not match. Electrolyte does not match.
5,55,True,Primary formula 'Ti₃C₂Tₓ' contains Ti₃C₂ (Ti₃C₂Tₓ or Ti₃C₂).,False,Synthesis mentions neither LiF nor HCl.,False,Electrolyte '3 M KCl' is not H₂SO₄.,FAIL,Synthesis does not match. Electrolyte does not match.
5,56,True,Primary formula 'Ti₃C₂Tₓ' contains Ti₃C₂ (Ti₃C₂Tₓ or Ti₃C₂).,False,Synthesis mentions neither LiF nor HCl.,True,Electrolyte explicitly mentions H₂SO₄ (sulfuric acid).,FAIL,Synthesis does not match.
5,57,True,Primary formula 'Ti₃C₂Tₓ' contains Ti₃C₂ (Ti₃C₂Tₓ or Ti₃C₂).,True,Synthesis explicitly mentions both LiF and HCl.,False,Electrolyte 'LiTFSI–PC' is not H₂SO₄.,FAIL,Electrolyte does not match.
5,58,True,Primary formula 'Ti₃C₂Tₓ' contains Ti₃C₂ (Ti₃C₂Tₓ or Ti₃C₂).,True,Synthesis explicitly mentions both LiF and HCl.,False,Electrolyte 'MSA/PVA' is not H₂SO₄.,FAIL,Electrolyte does not match.
5,59,True,Primary formula 'Ti₃C₂Tₓ' contains Ti₃C₂ (Ti₃C₂Tₓ or Ti₃C₂).,True,Synthesis explicitly mentions both LiF and HCl.,False,Electrolyte 'EMIMBF₄' is not H₂SO₄.,FAIL,Electrolyte does not match.
5,60,True,Primary formula 'Ti₃C₂Tₓ' contains Ti₃C₂ (Ti₃C₂Tₓ or Ti₃C₂).,True,Synthesis explicitly mentions both LiF and HCl.,False,Electrolyte 'EMITFSI' is not H₂SO₄.,FAIL,Electrolyte does not match.
5,61,True,Primary formula 'Ti₃C₂Tₓ' contains Ti₃C₂ (Ti₃C₂Tₓ or Ti₃C₂).,True,Synthesis explicitly mentions both LiF and HCl.,False,Electrolyte 'EMIMBF₄/PVDF-HFP' is not H₂SO₄.,FAIL,Electrolyte does not match.
5,62,True,Primary formula 'Ti₃C₂Tₓ' contains Ti₃C₂ (Ti₃C₂Tₓ or Ti₃C₂).,True,Synthesis explicitly mentions both LiF and HCl.,False,Electrolyte 'Water-in-LiCl salt gel' is not H₂SO₄.,FAIL,Electrolyte does not match.
5,63,True,Primary formula 'Ti₃C₂Tₓ' contains Ti₃C₂ (Ti₃C₂Tₓ or Ti₃C₂).,True,Synthesis explicitly mentions both LiF and HCl.,True,Electrolyte explicitly mentions H₂SO₄ (sulfuric acid).,PASS,Passes all criteria.
5,64,True,Primary formula 'Ti₃C₂Tₓ' contains Ti₃C₂ (Ti₃C₂Tₓ or Ti₃C₂).,True,Synthesis explicitly mentions both LiF and HCl.,True,Electrolyte explicitly mentions H₂SO₄ (sulfuric acid).,PASS,Passes all criteria.
5,65,True,Primary formula 'Ti₃C₂Tₓ' contains Ti₃C₂ (Ti₃C₂Tₓ or Ti₃C₂).,False,Synthesis mentions HCl but not LiF.,False,Electrolyte '19.8 M LiCl' is not H₂SO₄.,FAIL,Synthesis does not match. Electrolyte does not match.
5,66,True,Primary formula 'Ti₃C₂Tₓ' contains Ti₃C₂ (Ti₃C₂Tₓ or Ti₃C₂).,False,Synthesis mentions neither LiF nor HCl.,False,Electrolyte '1 M NaCl' is not H₂SO₄.,FAIL,Synthesis does not match. Electrolyte does not match.
5,67,True,Primary formula 'Ti₃C₂Tₓ' contains Ti₃C₂ (Ti₃C₂Tₓ or Ti₃C₂).,True,Synthesis explicitly mentions both LiF and HCl.,True,Electrolyte explicitly mentions H₂SO₄ (sulfuric acid).,PASS,Passes all criteria.
5,68,True,Primary formula 'Ti₃C₂Tₓ aerogel' contains Ti₃C₂ (Ti₃C₂Tₓ or Ti₃C₂).,True,Synthesis explicitly mentions both LiF and HCl.,True,Electrolyte explicitly mentions H₂SO₄ (sulfuric acid).,PASS,Passes all criteria.
5,69,True,Primary formula 'Ti₃C₂Tₓ/NiO' contains Ti₃C₂ (Ti₃C₂Tₓ or Ti₃C₂).,True,Synthesis explicitly mentions both LiF and HCl.,False,Electrolyte '1 M Na₂SO₄' is not H₂SO₄.,FAIL,Electrolyte does not match.
5,70,True,Primary formula 'Ti₃C₂Tₓ/SCNT' contains Ti₃C₂ (Ti₃C₂Tₓ or Ti₃C₂).,True,Synthesis explicitly mentions both LiF and HCl.,False,Electrolyte '1 M KOH' is not H₂SO₄.,FAIL,Electrolyte does not match.
5,71,True,Primary formula 'Ti₃C₂Tₓ/CNTs' contains Ti₃C₂ (Ti₃C₂Tₓ or Ti₃C₂).,True,Synthesis explicitly mentions both LiF and HCl.,False,Electrolyte '1 M Na₂SO₄' is not H₂SO₄.,FAIL,Electrolyte does not match.
5,72,True,Primary formula 'Ti₃C₂Tₓ/CNTs' contains Ti₃C₂ (Ti₃C₂Tₓ or Ti₃C₂).,True,Synthesis explicitly mentions both LiF and HCl.,False,Electrolyte '1 M EMITFSI in ACN' is not H₂SO₄.,FAIL,Electrolyte does not match.
5,73,True,Primary formula 'Ti₃C₂Tₓ/PPy' contains Ti₃C₂ (Ti₃C₂Tₓ or Ti₃C₂).,True,Synthesis explicitly mentions both LiF and HCl.,False,Electrolyte '[EMIM]NTf₂' is not H₂SO₄.,FAIL,Electrolyte does not match.
5,74,True,Primary formula 'Ti₃C₂Tₓ/rGO' contains Ti₃C₂ (Ti₃C₂Tₓ or Ti₃C₂).,True,Synthesis explicitly mentions both LiF and HCl.,True,Electrolyte explicitly mentions H₂SO₄ (sulfuric acid).,PASS,Passes all criteria.
5,75,True,Primary formula 'Ti₃C₂Tₓ/V₂O₅' contains Ti₃C₂ (Ti₃C₂Tₓ or Ti₃C₂).,False,Synthesis mentions neither LiF nor HCl.,False,Electrolyte '1 M K₂SO₄' is not H₂SO₄.,FAIL,Synthesis does not match. Electrolyte does not match.
5,76,True,Primary formula 'Ti₃C₂Tₓ/MnO₂' contains Ti₃C₂ (Ti₃C₂Tₓ or Ti₃C₂).,True,Synthesis explicitly mentions both LiF and HCl.,False,Electrolyte '1 M Na₂SO₄' is not H₂SO₄.,FAIL,Electrolyte does not match.
5,77,True,Primary formula 'Ti₃C₂Tₓ@CTAB' contains Ti₃C₂ (Ti₃C₂Tₓ or Ti₃C₂).,False,Synthesis mentions neither LiF nor HCl.,False,Electrolyte '1 M LiPF₆ in EC/DEC/EMC (1:1:1) + 1 wt% FEC' is not H₂SO₄.,FAIL,Synthesis does not match. Electrolyte does not match.
5,78,True,Primary formula 'Ti₃C₂Tₓ/C₁₂E₆/SWCNTs' contains Ti₃C₂ (Ti₃C₂Tₓ or Ti₃C₂).,True,Synthesis explicitly mentions both LiF and HCl.,True,Electrolyte explicitly mentions H₂SO₄ (sulfuric acid).,PASS,Passes all criteria.
5,79,True,Primary formula 'Ti₃C₂Tₓ/PANI' contains Ti₃C₂ (Ti₃C₂Tₓ or Ti₃C₂).,True,Synthesis explicitly mentions both LiF and HCl.,True,Electrolyte explicitly mentions H₂SO₄ (sulfuric acid).,PASS,Passes all criteria.
5,80,True,Primary formula 'Ti₃C₂Tₓ/AC/TEAPW12' contains Ti₃C₂ (Ti₃C₂Tₓ or Ti₃C₂).,True,Synthesis explicitly mentions both LiF and HCl.,False,Electrolyte '1 M TEABF₄ in ACN' is not H₂SO₄.,FAIL,Electrolyte does not match.
